order_item_id,order_id,product_id,quantity,unit_price_at_purchase
OI0000001,ORD000991,P0001,1,
OI0000002,ORD000991,P0016,1,
OI0000003,ORD003237,P0022,1,
OI0000004,ORD003237,P0011,1,
OI0000005,ORD003345,P0005,1,
OI0000006,ORD003345,P0014,1,
OI0000007,ORD000300,P0005,1,
OI0000008,ORD001888,P0008,3,
OI0000009,ORD002137,P0025,1,
OI0000010,ORD002137,P0017,1,
OI0000011,ORD004813,P0007,2,
OI0000012,ORD003070,P0019,2,
OI0000013,ORD002291,P0018,1,
OI0000014,ORD003560,P0004,1,
OI0000015,ORD003697,P0024,1,
OI0000016,ORD003697,P0022,1,
OI0000017,ORD003697,P0006,1,
OI0000018,ORD000454,P0005,2,
OI0000019,ORD000454,P0011,2,
OI0000020,ORD000305,P0017,2,
OI0000021,ORD001218,P0006,1,
OI0000022,ORD001218,P0025,1,
OI0000023,ORD000600,P0024,1,
OI0000024,ORD001851,P0020,2,
OI0000025,ORD004693,P0016,1,
OI0000026,ORD002211,P0015,1,
OI0000027,ORD003576,P0007,1,
OI0000028,ORD003576,P0021,3,
OI0000029,ORD003576,P0003,1,
OI0000030,ORD002068,P0026,2,
OI0000031,ORD002068,P0015,1,
OI0000032,ORD003054,P0013,2,
OI0000033,ORD003054,P0011,1,
OI0000034,ORD004538,P0001,3,
OI0000035,ORD004538,P0005,1,
OI0000036,ORD003911,P0021,1,
OI0000037,ORD004695,P0019,1,
OI0000038,ORD004695,P0005,2,
OI0000039,ORD001206,P0019,1,
OI0000040,ORD001206,P0023,2,
OI0000041,ORD001776,P0009,2,
OI0000042,ORD002752,P0015,1,
OI0000043,ORD002752,P0018,1,
OI0000044,ORD001874,P0011,2,
OI0000045,ORD004283,P0014,1,
OI0000046,ORD004283,P0011,1,
OI0000047,ORD003340,P0018,1,
OI0000048,ORD003340,P0022,1,
OI0000049,ORD003340,P0015,2,
OI0000050,ORD003340,P0015,1,
OI0000051,ORD001363,P0016,1,
OI0000052,ORD002440,P0017,-1,
OI0000053,ORD000325,P0006,1,
OI0000054,ORD000325,P0018,1,
OI0000055,ORD004947,P0014,1,
OI0000056,ORD004947,P0001,2,
OI0000057,ORD002790,P0013,1,
OI0000058,ORD002790,P0008,1,
OI0000059,ORD003816,P0021,2,
OI0000060,ORD002184,P0011,2,
OI0000061,ORD002184,P0018,2,
OI0000062,ORD001495,P0019,1,
OI0000063,ORD000091,P0021,2,
OI0000064,ORD000091,P0004,1,
OI0000065,ORD000444,P0021,2,
OI0000066,ORD000444,P0001,3,
OI0000067,ORD000444,P0013,2,
OI0000068,ORD003417,P0004,1,
OI0000069,ORD003417,P0019,1,
OI0000070,ORD002819,P0018,1,
OI0000071,ORD001286,P0008,1,
OI0000072,ORD001286,P0023,1,
OI0000073,ORD001286,P0014,1,
OI0000074,ORD003941,P0002,1,
OI0000075,ORD003014,P0011,1,
OI0000076,ORD001330,P0026,2,
OI0000077,ORD001330,P0008,-1,
OI0000078,ORD001330,P0007,1,
OI0000079,ORD004066,P0016,1,
OI0000080,ORD004219,P0026,1,
OI0000081,ORD004219,P0007,1,
OI0000082,ORD000063,P0022,2,
OI0000083,ORD000063,P0011,1,
OI0000084,ORD004629,P0021,1,
OI0000085,ORD002219,P0024,1,
OI0000086,ORD002219,P0009,2,
OI0000087,ORD004181,P0012,-1,
OI0000088,ORD002796,P0003,1,
OI0000089,ORD001957,P0002,1,
OI0000090,ORD004607,P0008,3,
OI0000091,ORD004607,P0026,1,
OI0000092,ORD004725,P0015,1,
OI0000093,ORD003303,P0025,1,
OI0000094,ORD000157,P0021,1,
OI0000095,ORD002458,P0018,1,
OI0000096,ORD002458,P0005,1,
OI0000097,ORD002511,P0021,1,
OI0000098,ORD002511,P0014,1,
OI0000099,ORD002511,P0009,1,
OI0000100,ORD002611,P0001,3,
OI0000101,ORD002611,P0008,2,
OI0000102,ORD002611,P0014,2,
OI0000103,ORD002556,P0001,1,
OI0000104,ORD003837,P0011,1,
OI0000105,ORD001441,P0007,2,
OI0000106,ORD001441,P0012,1,
OI0000107,ORD001154,P0006,1,
OI0000108,ORD002363,P0015,1,
OI0000109,ORD000168,P0025,2,
OI0000110,ORD000168,P0023,1,
OI0000111,ORD000168,P0019,2,
OI0000112,ORD000168,P0011,1,
OI0000113,ORD003846,P0021,1,
OI0000114,ORD003846,P0008,1,
OI0000115,ORD001020,P0024,1,
OI0000116,ORD004653,P0009,1,
OI0000117,ORD004653,P0019,1,
OI0000118,ORD003106,P0007,1,
OI0000119,ORD003106,P0026,1,
OI0000120,ORD003106,P0016,2,
OI0000121,ORD003430,P0012,2,
OI0000122,ORD003430,P0019,1,
OI0000123,ORD000732,P0021,1,
OI0000124,ORD001517,P0020,1,
OI0000125,ORD001517,P0003,1,
OI0000126,ORD001517,P0011,1,
OI0000127,ORD004072,P0017,1,
OI0000128,ORD000201,P0021,2,
OI0000129,ORD000201,P0010,2,
OI0000130,ORD001853,P0010,2,
OI0000131,ORD001853,P0022,1,
OI0000132,ORD000471,P0019,1,
OI0000133,ORD002937,P0026,1,
OI0000134,ORD002937,P0001,2,
OI0000135,ORD000895,P0005,1,
OI0000136,ORD000895,P0010,1,
OI0000137,ORD000895,P0008,3,
OI0000138,ORD001860,P0005,1,
OI0000139,ORD004164,P0024,1,
OI0000140,ORD004335,P0023,2,
OI0000141,ORD004335,P0004,1,
OI0000142,ORD000343,P0015,1,
OI0000143,ORD004575,P0014,1,
OI0000144,ORD004575,P0003,1,
OI0000145,ORD004575,P0011,2,
OI0000146,ORD004575,P0008,1,
OI0000147,ORD000730,P0005,2,
OI0000148,ORD000730,P0005,1,
OI0000149,ORD000730,P0023,3,
OI0000150,ORD000493,P0002,1,
OI0000151,ORD000493,P0007,2,
OI0000152,ORD004774,P0014,1,
OI0000153,ORD004774,P0020,2,
OI0000154,ORD000529,P0020,1,
OI0000155,ORD000529,P0005,1,
OI0000156,ORD000529,P0009,2,
OI0000157,ORD004732,P0020,1,
OI0000158,ORD003494,P0003,1,
OI0000159,ORD003494,P0013,3,
OI0000160,ORD003494,P0014,2,
OI0000161,ORD000125,P0002,1,
OI0000162,ORD000125,P0013,1,
OI0000163,ORD000125,P0025,1,
OI0000164,ORD002969,P0026,2,
OI0000165,ORD002969,P0024,3,
OI0000166,ORD003767,P0011,1,
OI0000167,ORD003767,P0025,1,
OI0000168,ORD002738,P0013,2,
OI0000169,ORD002738,P0009,2,
OI0000170,ORD000511,P0007,3,
OI0000171,ORD000438,P0018,1,
OI0000172,ORD000438,P0006,2,
OI0000173,ORD000438,P0011,1,
OI0000174,ORD000429,P0026,3,
OI0000175,ORD000429,P0025,1,
OI0000176,ORD000429,P0022,1,
OI0000177,ORD000429,P0018,1,
OI0000178,ORD002627,P0018,1,
OI0000179,ORD002627,P0001,1,
OI0000180,ORD004027,P0003,1,
OI0000181,ORD004027,P0012,1,
OI0000182,ORD004027,P0024,2,
OI0000183,ORD004027,P0003,1,
OI0000184,ORD003318,P0007,1,
OI0000185,ORD003318,P0003,1,
OI0000186,ORD001701,P0017,1,
OI0000187,ORD001701,P0019,2,
OI0000188,ORD002772,P0023,1,
OI0000189,ORD003211,P0008,1,
OI0000190,ORD002127,P0017,1,
OI0000191,ORD002316,P0017,1,
OI0000192,ORD002316,P0004,2,
OI0000193,ORD002316,P0018,1,
OI0000194,ORD003038,P0019,1,
OI0000195,ORD001443,P0008,1,
OI0000196,ORD000382,P0004,3,
OI0000197,ORD001448,P0003,1,
OI0000198,ORD001448,P0004,1,
OI0000199,ORD002285,P0011,1,
OI0000200,ORD002285,P0005,1,
OI0000201,ORD004363,P0021,1,
OI0000202,ORD001180,P0014,2,
OI0000203,ORD001928,P0026,2,
OI0000204,ORD000336,P0023,2,
OI0000205,ORD003024,P0006,1,
OI0000206,ORD000218,P0011,3,
OI0000207,ORD000218,P0023,3,
OI0000208,ORD004668,P0011,3,
OI0000209,ORD001405,P0004,1,
OI0000210,ORD003456,P0014,1,
OI0000211,ORD004324,P0011,2,
OI0000212,ORD004594,P0013,1,
OI0000213,ORD002044,P0017,1,
OI0000214,ORD002044,P0005,2,
OI0000215,ORD002044,P0009,1,
OI0000216,ORD004763,P0019,1,
OI0000217,ORD001054,P0013,1,
OI0000218,ORD004752,P0024,1,
OI0000219,ORD004752,P0002,2,
OI0000220,ORD004752,P0004,2,
OI0000221,ORD004752,P0009,1,
OI0000222,ORD005003,P0007,1,
OI0000223,ORD005003,P0006,1,
OI0000224,ORD000326,P0004,2,
OI0000225,ORD000326,P0006,1,
OI0000226,ORD000326,P0020,1,
OI0000227,ORD000326,P0014,1,
OI0000228,ORD002591,P0006,1,
OI0000229,ORD004236,P0020,1,
OI0000230,ORD004236,P0026,1,
OI0000231,ORD004236,P0009,1,
OI0000232,ORD002113,P0006,2,
OI0000233,ORD003344,P0012,1,
OI0000234,ORD003344,P0025,1,
OI0000235,ORD002871,P0008,1,
OI0000236,ORD002871,P0019,1,
OI0000237,ORD003140,P0016,2,
OI0000238,ORD003057,P0003,1,
OI0000239,ORD003057,P0006,-1,
OI0000240,ORD003057,P0013,1,
OI0000241,ORD002617,P0009,1,
OI0000242,ORD002617,P0013,3,
OI0000243,ORD002617,P0012,2,
OI0000244,ORD004300,P0020,3,
OI0000245,ORD004300,P0014,1,
OI0000246,ORD004759,P0012,1,
OI0000247,ORD004759,P0013,2,
OI0000248,ORD003600,P0015,2,
OI0000249,ORD004612,P0013,1,
OI0000250,ORD004612,P0011,1,
OI0000251,ORD004612,P0011,1,
OI0000252,ORD003125,P0014,1,
OI0000253,ORD003125,P0021,2,
OI0000254,ORD004585,P0024,1,
OI0000255,ORD004585,P0010,1,
OI0000256,ORD004585,P0023,2,
OI0000257,ORD001000,P0005,1,
OI0000258,ORD001000,P0011,1,
OI0000259,ORD001000,P0006,1,
OI0000260,ORD002403,P0014,3,
OI0000261,ORD002403,P0024,1,
OI0000262,ORD001514,P0007,3,
OI0000263,ORD003668,P0017,2,
OI0000264,ORD003668,P0008,1,
OI0000265,ORD003815,P0013,2,
OI0000266,ORD003815,P0005,1,
OI0000267,ORD000765,P0020,1,
OI0000268,ORD000765,P0025,1,
OI0000269,ORD004624,P0012,2,
OI0000270,ORD003725,P0004,1,
OI0000271,ORD003725,P0026,1,
OI0000272,ORD001492,P0001,1,
OI0000273,ORD000263,P0005,1,
OI0000274,ORD000311,P0025,1,
OI0000275,ORD001532,P0014,2,
OI0000276,ORD001532,P0018,3,
OI0000277,ORD001089,P0013,2,
OI0000278,ORD001089,P0019,1,
OI0000279,ORD001089,P0005,3,
OI0000280,ORD003701,P0007,1,
OI0000281,ORD001883,P0013,1,
OI0000282,ORD001883,P0021,1,
OI0000283,ORD000197,P0021,1,
OI0000284,ORD000197,P0023,1,
OI0000285,ORD000159,P0007,1,
OI0000286,ORD000426,P0019,2,
OI0000287,ORD000426,P0019,1,
OI0000288,ORD004015,P0019,1,
OI0000289,ORD000784,P0022,1,
OI0000290,ORD002318,P0013,2,
OI0000291,ORD002318,P0019,1,
OI0000292,ORD003566,P0022,1,
OI0000293,ORD001476,P0007,1,
OI0000294,ORD001476,P0020,1,
OI0000295,ORD002951,P0006,1,
OI0000296,ORD003023,P0013,2,
OI0000297,ORD003387,P0024,1,
OI0000298,ORD003387,P0025,2,
OI0000299,ORD002642,P0009,1,
OI0000300,ORD002981,P0016,1,
OI0000301,ORD004981,P0018,2,
OI0000302,ORD004981,P0010,1,
OI0000303,ORD003703,P0009,1,
OI0000304,ORD003703,P0002,3,
OI0000305,ORD001171,P0007,1,
OI0000306,ORD004905,P0003,1,
OI0000307,ORD004905,P0001,3,
OI0000308,ORD004905,P0019,1,
OI0000309,ORD004205,P0025,1,
OI0000310,ORD004205,P0010,1,
OI0000311,ORD003999,P0002,1,
OI0000312,ORD003999,P0018,2,
OI0000313,ORD003999,P0014,2,
OI0000314,ORD004782,P0018,-1,
OI0000315,ORD002648,P0020,1,
OI0000316,ORD001014,P0025,1,
OI0000317,ORD003838,P0011,1,
OI0000318,ORD003838,P0009,2,
OI0000319,ORD004956,P0007,1,
OI0000320,ORD004056,P0022,1,
OI0000321,ORD000523,P0004,1,
OI0000322,ORD000523,P0018,1,
OI0000323,ORD000523,P0003,1,
OI0000324,ORD002361,P0003,2,
OI0000325,ORD002361,P0004,1,
OI0000326,ORD002361,P0005,2,
OI0000327,ORD003058,P0001,-1,
OI0000328,ORD003058,P0010,3,
OI0000329,ORD001025,P0017,1,
OI0000330,ORD002046,P0004,1,
OI0000331,ORD001620,P0010,1,
OI0000332,ORD001620,P0016,3,
OI0000333,ORD001620,P0003,2,
OI0000334,ORD002761,P0016,2,
OI0000335,ORD002761,P0012,1,
OI0000336,ORD002761,P0010,2,
OI0000337,ORD002761,P0007,1,
OI0000338,ORD000906,P0003,1,
OI0000339,ORD000906,P0021,1,
OI0000340,ORD002270,P0013,1,
OI0000341,ORD002443,P0008,1,
OI0000342,ORD000284,P0002,1,
OI0000343,ORD004885,P0007,1,
OI0000344,ORD004885,P0014,1,
OI0000345,ORD004885,P0014,3,
OI0000346,ORD001593,P0018,1,
OI0000347,ORD002860,P0011,1,
OI0000348,ORD001843,P0003,1,
OI0000349,ORD001843,P0021,1,
OI0000350,ORD000477,P0023,1,
OI0000351,ORD000477,P0018,1,
OI0000352,ORD000477,P0020,1,
OI0000353,ORD001281,P0014,1,
OI0000354,ORD001281,P0010,1,
OI0000355,ORD001281,P0020,1,
OI0000356,ORD004074,P0019,-1,
OI0000357,ORD000140,P0015,1,
OI0000358,ORD004328,P0012,1,
OI0000359,ORD004133,P0006,1,
OI0000360,ORD004133,P0024,1,
OI0000361,ORD004133,P0005,1,
OI0000362,ORD004873,P0013,1,
OI0000363,ORD004873,P0009,1,
OI0000364,ORD001736,P0010,2,
OI0000365,ORD004957,P0008,1,
OI0000366,ORD002697,P0014,2,
OI0000367,ORD002697,P0009,1,
OI0000368,ORD001185,P0026,1,
OI0000369,ORD001070,P0014,1,
OI0000370,ORD001070,P0020,1,
OI0000371,ORD001070,P0009,-1,
OI0000372,ORD001070,P0026,2,
OI0000373,ORD004174,P0001,1,
OI0000374,ORD004174,P0006,1,
OI0000375,ORD003441,P0026,1,
OI0000376,ORD002448,P0005,1,
OI0000377,ORD004301,P0018,1,
OI0000378,ORD002102,P0007,1,
OI0000379,ORD000119,P0002,1,
OI0000380,ORD000119,P0003,1,
OI0000381,ORD004337,P0020,2,
OI0000382,ORD003321,P0004,2,
OI0000383,ORD003321,P0008,1,
OI0000384,ORD003321,P0001,2,
OI0000385,ORD004869,P0011,3,
OI0000386,ORD002728,P0006,2,
OI0000387,ORD002728,P0017,1,
OI0000388,ORD002728,P0001,2,
OI0000389,ORD004112,P0023,3,
OI0000390,ORD003012,P0002,1,
OI0000391,ORD004440,P0005,3,
OI0000392,ORD003582,P0010,1,
OI0000393,ORD002401,P0011,1,
OI0000394,ORD002401,P0003,1,
OI0000395,ORD002401,P0025,1,
OI0000396,ORD000998,P0004,3,
OI0000397,ORD000998,P0009,1,
OI0000398,ORD000181,P0010,2,
OI0000399,ORD000181,P0021,1,
OI0000400,ORD000650,P0017,1,
OI0000401,ORD001431,P0013,1,
OI0000402,ORD002149,P0018,1,
OI0000403,ORD002149,P0001,1,
OI0000404,ORD002149,P0008,1,
OI0000405,ORD002149,P0019,2,
OI0000406,ORD000716,P0022,1,
OI0000407,ORD002298,P0008,2,
OI0000408,ORD004854,P0011,2,
OI0000409,ORD004854,P0018,1,
OI0000410,ORD002536,P0012,1,
OI0000411,ORD004876,P0018,2,
OI0000412,ORD004876,P0006,1,
OI0000413,ORD001355,P0020,3,
OI0000414,ORD001355,P0019,1,
OI0000415,ORD001355,P0023,1,
OI0000416,ORD003215,P0026,1,
OI0000417,ORD003215,P0001,1,
OI0000418,ORD000190,P0014,1,
OI0000419,ORD003797,P0012,1,
OI0000420,ORD003797,P0002,1,
OI0000421,ORD003694,P0003,3,
OI0000422,ORD000731,P0010,1,
OI0000423,ORD000731,P0018,1,
OI0000424,ORD000047,P0017,1,
OI0000425,ORD000047,P0016,2,
OI0000426,ORD000785,P0020,2,
OI0000427,ORD002892,P0025,2,
OI0000428,ORD002158,P0026,2,
OI0000429,ORD003986,P0024,1,
OI0000430,ORD003354,P0017,1,
OI0000431,ORD002883,P0023,1,
OI0000432,ORD001873,P0008,3,
OI0000433,ORD003630,P0018,1,
OI0000434,ORD003927,P0019,3,
OI0000435,ORD003927,P0013,1,
OI0000436,ORD003927,P0016,1,
OI0000437,ORD003824,P0006,1,
OI0000438,ORD002621,P0007,1,
OI0000439,ORD002621,P0005,1,
OI0000440,ORD002621,P0011,1,
OI0000441,ORD002621,P0010,1,
OI0000442,ORD003762,P0011,1,
OI0000443,ORD003762,P0026,1,
OI0000444,ORD003762,P0013,1,
OI0000445,ORD004243,P0005,1,
OI0000446,ORD004243,P0013,1,
OI0000447,ORD004243,P0023,1,
OI0000448,ORD003690,P0016,1,
OI0000449,ORD003771,P0005,1,
OI0000450,ORD002421,P0025,1,
OI0000451,ORD000499,P0019,1,
OI0000452,ORD000499,P0013,1,
OI0000453,ORD003622,P0001,1,
OI0000454,ORD003622,P0005,2,
OI0000455,ORD003622,P0025,1,
OI0000456,ORD004050,P0019,1,
OI0000457,ORD004050,P0002,1,
OI0000458,ORD004050,P0025,3,
OI0000459,ORD001373,P0002,1,
OI0000460,ORD001877,P0019,1,
OI0000461,ORD000365,P0008,1,
OI0000462,ORD000111,P0001,1,
OI0000463,ORD000111,P0001,1,
OI0000464,ORD004409,P0004,1,
OI0000465,ORD002101,P0023,2,
OI0000466,ORD002499,P0017,2,
OI0000467,ORD003590,P0001,2,
OI0000468,ORD003590,P0019,-1,
OI0000469,ORD003121,P0001,1,
OI0000470,ORD002830,P0007,1,
OI0000471,ORD002830,P0008,1,
OI0000472,ORD004828,P0015,3,
OI0000473,ORD004828,P0018,2,
OI0000474,ORD004940,P0015,2,
OI0000475,ORD004091,P0026,2,
OI0000476,ORD003026,P0012,1,
OI0000477,ORD003026,P0020,1,
OI0000478,ORD003026,P0004,3,
OI0000479,ORD000622,P0014,3,
OI0000480,ORD000622,P0023,1,
OI0000481,ORD000622,P0002,1,
OI0000482,ORD000622,P0022,1,
OI0000483,ORD002507,P0005,1,
OI0000484,ORD000132,P0023,1,
OI0000485,ORD000132,P0016,1,
OI0000486,ORD004035,P0024,1,
OI0000487,ORD003739,P0022,1,
OI0000488,ORD004519,P0015,1,
OI0000489,ORD004519,P0021,2,
OI0000490,ORD004030,P0008,1,
OI0000491,ORD000360,P0018,1,
OI0000492,ORD000268,P0013,2,
OI0000493,ORD000268,P0017,2,
OI0000494,ORD000268,P0021,1,
OI0000495,ORD000952,P0003,1,
OI0000496,ORD000952,P0005,1,
OI0000497,ORD000952,P0007,1,
OI0000498,ORD002230,P0015,2,
OI0000499,ORD002230,P0025,3,
OI0000500,ORD003077,P0023,1,
OI0000501,ORD003077,P0008,2,
OI0000502,ORD003939,P0014,1,
OI0000503,ORD000653,P0013,1,
OI0000504,ORD000653,P0007,1,
OI0000505,ORD003633,P0023,1,
OI0000506,ORD003633,P0016,1,
OI0000507,ORD003633,P0007,2,
OI0000508,ORD003633,P0016,1,
OI0000509,ORD000294,P0011,2,
OI0000510,ORD000294,P0017,1,
OI0000511,ORD000294,P0004,1,
OI0000512,ORD003197,P0013,2,
OI0000513,ORD003197,P0006,2,
OI0000514,ORD003197,P0013,1,
OI0000515,ORD002637,P0008,2,
OI0000516,ORD002637,P0012,1,
OI0000517,ORD002637,P0005,1,
OI0000518,ORD003159,P0012,1,
OI0000519,ORD003583,P0012,1,
OI0000520,ORD003391,P0020,1,
OI0000521,ORD003391,P0014,1,
OI0000522,ORD000913,P0014,1,
OI0000523,ORD004851,P0010,2,
OI0000524,ORD004851,P0004,1,
OI0000525,ORD004851,P0014,1,
OI0000526,ORD004755,P0019,1,
OI0000527,ORD004755,P0019,1,
OI0000528,ORD004755,P0013,1,
OI0000529,ORD004755,P0011,2,
OI0000530,ORD002520,P0014,2,
OI0000531,ORD002520,P0025,1,
OI0000532,ORD003283,P0020,3,
OI0000533,ORD003530,P0020,1,
OI0000534,ORD003530,P0025,1,
OI0000535,ORD000894,P0005,1,
OI0000536,ORD001646,P0026,1,
OI0000537,ORD003100,P0026,1,
OI0000538,ORD003355,P0023,3,
OI0000539,ORD001823,P0001,1,
OI0000540,ORD001823,P0012,3,
OI0000541,ORD002866,P0005,1,
OI0000542,ORD002659,P0021,1,
OI0000543,ORD000216,P0020,1,
OI0000544,ORD000233,P0022,2,
OI0000545,ORD004226,P0025,1,
OI0000546,ORD004226,P0015,1,
OI0000547,ORD004226,P0005,1,
OI0000548,ORD004107,P0009,1,
OI0000549,ORD004107,P0023,3,
OI0000550,ORD002481,P0015,1,
OI0000551,ORD002481,P0007,1,
OI0000552,ORD003895,P0026,3,
OI0000553,ORD001502,P0004,1,
OI0000554,ORD000223,P0005,1,
OI0000555,ORD000223,P0002,2,
OI0000556,ORD004322,P0017,3,
OI0000557,ORD004322,P0005,1,
OI0000558,ORD000677,P0018,1,
OI0000559,ORD000677,P0025,1,
OI0000560,ORD000677,P0015,1,
OI0000561,ORD000677,P0013,1,
OI0000562,ORD001885,P0023,1,
OI0000563,ORD004341,P0021,1,
OI0000564,ORD004341,P0007,1,
OI0000565,ORD000578,P0009,1,
OI0000566,ORD000578,P0010,2,
OI0000567,ORD004185,P0001,1,
OI0000568,ORD004185,P0012,3,
OI0000569,ORD001595,P0002,1,
OI0000570,ORD001595,P0007,1,
OI0000571,ORD000541,P0003,3,
OI0000572,ORD000541,P0007,1,
OI0000573,ORD003315,P0001,1,
OI0000574,ORD003315,P0011,1,
OI0000575,ORD003315,P0004,1,
OI0000576,ORD003315,P0026,2,
OI0000577,ORD003937,P0021,1,
OI0000578,ORD003937,P0002,1,
OI0000579,ORD003937,P0017,2,
OI0000580,ORD000148,P0024,1,
OI0000581,ORD000148,P0009,1,
OI0000582,ORD004962,P0008,1,
OI0000583,ORD001708,P0011,1,
OI0000584,ORD001708,P0007,2,
OI0000585,ORD001708,P0007,1,
OI0000586,ORD003789,P0021,1,
OI0000587,ORD002494,P0017,1,
OI0000588,ORD001284,P0004,3,
OI0000589,ORD001284,P0017,3,
OI0000590,ORD003873,P0016,2,
OI0000591,ORD001551,P0003,3,
OI0000592,ORD000550,P0015,2,
OI0000593,ORD001481,P0020,1,
OI0000594,ORD004218,P0016,2,
OI0000595,ORD004218,P0014,1,
OI0000596,ORD000194,P0014,-1,
OI0000597,ORD000194,P0017,3,
OI0000598,ORD000194,P0004,1,
OI0000599,ORD003820,P0013,1,
OI0000600,ORD003820,P0019,2,
OI0000601,ORD003820,P0017,1,
OI0000602,ORD001067,P0016,2,
OI0000603,ORD004672,P0011,3,
OI0000604,ORD004672,P0018,1,
OI0000605,ORD004672,P0007,1,
OI0000606,ORD002663,P0012,1,
OI0000607,ORD002338,P0012,1,
OI0000608,ORD001625,P0019,1,
OI0000609,ORD001625,P0025,2,
OI0000610,ORD001625,P0006,1,
OI0000611,ORD001625,P0013,1,
OI0000612,ORD004618,P0025,2,
OI0000613,ORD002791,P0022,1,
OI0000614,ORD001801,P0014,1,
OI0000615,ORD001801,P0020,2,
OI0000616,ORD001801,P0001,2,
OI0000617,ORD000458,P0026,1,
OI0000618,ORD004131,P0015,1,
OI0000619,ORD004131,P0025,1,
OI0000620,ORD004131,P0019,1,
OI0000621,ORD002905,P0003,1,
OI0000622,ORD002872,P0006,1,
OI0000623,ORD002872,P0017,1,
OI0000624,ORD000260,P0008,1,
OI0000625,ORD000213,P0001,1,
OI0000626,ORD000213,P0019,3,
OI0000627,ORD000213,P0005,2,
OI0000628,ORD001297,P0025,2,
OI0000629,ORD001297,P0018,2,
OI0000630,ORD001706,P0026,1,
OI0000631,ORD001706,P0015,3,
OI0000632,ORD001706,P0025,1,
OI0000633,ORD001706,P0025,1,
OI0000634,ORD003587,P0024,1,
OI0000635,ORD004900,P0001,2,
OI0000636,ORD003004,P0003,1,
OI0000637,ORD002407,P0009,1,
OI0000638,ORD000253,P0007,2,
OI0000639,ORD000759,P0022,1,
OI0000640,ORD004023,P0016,1,
OI0000641,ORD004023,P0020,2,
OI0000642,ORD004438,P0004,1,
OI0000643,ORD004438,P0019,1,
OI0000644,ORD004438,P0004,1,
OI0000645,ORD000771,P0025,1,
OI0000646,ORD000818,P0002,1,
OI0000647,ORD003299,P0008,1,
OI0000648,ORD004482,P0020,2,
OI0000649,ORD002223,P0010,3,
OI0000650,ORD002223,P0022,1,
OI0000651,ORD002223,P0023,1,
OI0000652,ORD002454,P0023,1,
OI0000653,ORD002454,P0003,1,
OI0000654,ORD003208,P0020,2,
OI0000655,ORD003328,P0010,1,
OI0000656,ORD002705,P0004,1,
OI0000657,ORD002297,P0003,3,
OI0000658,ORD002297,P0011,1,
OI0000659,ORD003586,P0013,2,
OI0000660,ORD001247,P0001,1,
OI0000661,ORD001118,P0019,2,
OI0000662,ORD002099,P0011,1,
OI0000663,ORD002099,P0018,3,
OI0000664,ORD002099,P0007,1,
OI0000665,ORD002023,P0007,1,
OI0000666,ORD002023,P0003,1,
OI0000667,ORD003275,P0016,1,
OI0000668,ORD003275,P0009,1,
OI0000669,ORD003597,P0014,-1,
OI0000670,ORD003597,P0013,2,
OI0000671,ORD002542,P0005,1,
OI0000672,ORD000395,P0016,1,
OI0000673,ORD000395,P0022,1,
OI0000674,ORD000395,P0012,1,
OI0000675,ORD002824,P0018,1,
OI0000676,ORD000224,P0006,-1,
OI0000677,ORD000224,P0016,1,
OI0000678,ORD002757,P0002,1,
OI0000679,ORD003733,P0001,1,
OI0000680,ORD003733,P0022,1,
OI0000681,ORD003063,P0026,1,
OI0000682,ORD003063,P0003,1,
OI0000683,ORD002653,P0007,2,
OI0000684,ORD003935,P0021,1,
OI0000685,ORD004441,P0024,1,
OI0000686,ORD004441,P0008,1,
OI0000687,ORD003882,P0007,1,
OI0000688,ORD003882,P0023,2,
OI0000689,ORD001814,P0003,3,
OI0000690,ORD001814,P0002,2,
OI0000691,ORD001814,P0019,1,
OI0000692,ORD004645,P0003,1,
OI0000693,ORD004645,P0017,1,
OI0000694,ORD002354,P0018,3,
OI0000695,ORD002354,P0006,1,
OI0000696,ORD002354,P0008,1,
OI0000697,ORD004863,P0018,2,
OI0000698,ORD004613,P0022,1,
OI0000699,ORD004352,P0009,2,
OI0000700,ORD000574,P0003,1,
OI0000701,ORD002464,P0021,1,
OI0000702,ORD004830,P0005,1,
OI0000703,ORD000798,P0025,1,
OI0000704,ORD001204,P0009,2,
OI0000705,ORD001204,P0001,2,
OI0000706,ORD001204,P0023,1,
OI0000707,ORD002516,P0003,1,
OI0000708,ORD002516,P0012,1,
OI0000709,ORD002516,P0007,1,
OI0000710,ORD002725,P0020,1,
OI0000711,ORD001038,P0020,1,
OI0000712,ORD001038,P0005,1,
OI0000713,ORD000254,P0010,1,
OI0000714,ORD004791,P0014,2,
OI0000715,ORD000627,P0024,1,
OI0000716,ORD002942,P0023,2,
OI0000717,ORD002963,P0005,1,
OI0000718,ORD001498,P0014,3,
OI0000719,ORD001498,P0014,1,
OI0000720,ORD001498,P0022,1,
OI0000721,ORD001498,P0001,1,
OI0000722,ORD001607,P0026,1,
OI0000723,ORD001607,P0015,3,
OI0000724,ORD001607,P0006,1,
OI0000725,ORD003446,P0015,1,
OI0000726,ORD003320,P0023,1,
OI0000727,ORD002433,P0013,-1,
OI0000728,ORD004060,P0021,1,
OI0000729,ORD000807,P0020,1,
OI0000730,ORD000807,P0010,1,
OI0000731,ORD004874,P0018,1,
OI0000732,ORD003632,P0016,1,
OI0000733,ORD003632,P0014,1,
OI0000734,ORD002959,P0010,1,
OI0000735,ORD001034,P0012,3,
OI0000736,ORD001034,P0018,1,
OI0000737,ORD001034,P0001,3,
OI0000738,ORD001704,P0010,1,
OI0000739,ORD001704,P0015,1,
OI0000740,ORD001704,P0025,1,
OI0000741,ORD004225,P0019,1,
OI0000742,ORD004225,P0005,1,
OI0000743,ORD002886,P0013,1,
OI0000744,ORD001948,P0003,1,
OI0000745,ORD001948,P0010,1,
OI0000746,ORD002996,P0012,2,
OI0000747,ORD002996,P0001,2,
OI0000748,ORD002996,P0006,1,
OI0000749,ORD004136,P0017,3,
OI0000750,ORD004136,P0018,2,
OI0000751,ORD001339,P0002,1,
OI0000752,ORD001339,P0021,1,
OI0000753,ORD003790,P0004,1,
OI0000754,ORD004824,P0001,1,
OI0000755,ORD001031,P0002,1,
OI0000756,ORD001031,P0006,1,
OI0000757,ORD001031,P0001,1,
OI0000758,ORD002913,P0006,1,
OI0000759,ORD001535,P0007,2,
OI0000760,ORD001221,P0006,2,
OI0000761,ORD001479,P0021,1,
OI0000762,ORD001479,P0005,2,
OI0000763,ORD001479,P0026,1,
OI0000764,ORD001479,P0013,1,
OI0000765,ORD002040,P0026,1,
OI0000766,ORD000699,P0026,2,
OI0000767,ORD001129,P0026,1,
OI0000768,ORD003248,P0026,1,
OI0000769,ORD003248,P0009,1,
OI0000770,ORD003682,P0012,3,
OI0000771,ORD003682,P0022,2,
OI0000772,ORD003682,P0016,1,
OI0000773,ORD003682,P0024,1,
OI0000774,ORD001387,P0012,1,
OI0000775,ORD001387,P0009,3,
OI0000776,ORD002302,P0003,1,
OI0000777,ORD004475,P0018,1,
OI0000778,ORD004475,P0014,1,
OI0000779,ORD004475,P0017,1,
OI0000780,ORD001771,P0007,2,
OI0000781,ORD000470,P0022,3,
OI0000782,ORD000470,P0012,1,
OI0000783,ORD000470,P0014,1,
OI0000784,ORD003151,P0007,1,
OI0000785,ORD003151,P0013,2,
OI0000786,ORD003151,P0017,1,
OI0000787,ORD004550,P0026,1,
OI0000788,ORD004550,P0012,1,
OI0000789,ORD004550,P0001,3,
OI0000790,ORD004049,P0006,2,
OI0000791,ORD003386,P0020,1,
OI0000792,ORD003386,P0022,2,
OI0000793,ORD002833,P0024,1,
OI0000794,ORD001716,P0018,1,
OI0000795,ORD004026,P0010,1,
OI0000796,ORD004026,P0002,1,
OI0000797,ORD002901,P0018,1,
OI0000798,ORD002901,P0015,1,
OI0000799,ORD002129,P0007,1,
OI0000800,ORD003086,P0025,1,
OI0000801,ORD003086,P0002,1,
OI0000802,ORD000496,P0016,3,
OI0000803,ORD000496,P0019,1,
OI0000804,ORD000496,P0021,2,
OI0000805,ORD002095,P0022,1,
OI0000806,ORD002095,P0018,3,
OI0000807,ORD004682,P0018,-1,
OI0000808,ORD001626,P0005,1,
OI0000809,ORD003503,P0011,1,
OI0000810,ORD003618,P0010,1,
OI0000811,ORD003618,P0008,2,
OI0000812,ORD004021,P0009,2,
OI0000813,ORD002876,P0008,2,
OI0000814,ORD002876,P0020,2,
OI0000815,ORD002688,P0026,2,
OI0000816,ORD001930,P0008,1,
OI0000817,ORD000815,P0006,1,
OI0000818,ORD003828,P0009,1,
OI0000819,ORD004564,P0006,2,
OI0000820,ORD004564,P0012,1,
OI0000821,ORD004012,P0008,1,
OI0000822,ORD001998,P0012,1,
OI0000823,ORD001998,P0003,1,
OI0000824,ORD002512,P0026,1,
OI0000825,ORD002512,P0021,1,
OI0000826,ORD002512,P0008,1,
OI0000827,ORD002512,P0003,1,
OI0000828,ORD003099,P0012,1,
OI0000829,ORD000713,P0023,1,
OI0000830,ORD000713,P0025,1,
OI0000831,ORD002155,P0004,1,
OI0000832,ORD002155,P0007,1,
OI0000833,ORD004837,P0005,2,
OI0000834,ORD002787,P0012,3,
OI0000835,ORD002787,P0024,2,
OI0000836,ORD002787,P0024,1,
OI0000837,ORD000596,P0006,2,
OI0000838,ORD000596,P0001,1,
OI0000839,ORD000596,P0017,1,
OI0000840,ORD003108,P0013,1,
OI0000841,ORD003108,P0019,1,
OI0000842,ORD001172,P0003,1,
OI0000843,ORD001172,P0014,1,
OI0000844,ORD001010,P0020,1,
OI0000845,ORD002855,P0016,3,
OI0000846,ORD002055,P0011,2,
OI0000847,ORD004936,P0005,3,
OI0000848,ORD004936,P0023,2,
OI0000849,ORD002679,P0004,3,
OI0000850,ORD002679,P0025,1,
OI0000851,ORD000628,P0017,3,
OI0000852,ORD000628,P0017,3,
OI0000853,ORD000628,P0010,1,
OI0000854,ORD004779,P0010,1,
OI0000855,ORD004574,P0008,1,
OI0000856,ORD003141,P0005,1,
OI0000857,ORD003141,P0026,2,
OI0000858,ORD003141,P0004,1,
OI0000859,ORD004579,P0012,1,
OI0000860,ORD003903,P0003,1,
OI0000861,ORD003903,P0011,1,
OI0000862,ORD002553,P0009,1,
OI0000863,ORD001589,P0007,1,
OI0000864,ORD001589,P0008,1,
OI0000865,ORD001589,P0020,1,
OI0000866,ORD004643,P0002,1,
OI0000867,ORD002085,P0019,1,
OI0000868,ORD002085,P0004,1,
OI0000869,ORD000962,P0005,1,
OI0000870,ORD004289,P0015,1,
OI0000871,ORD004289,P0013,3,
OI0000872,ORD001409,P0015,1,
OI0000873,ORD001409,P0006,1,
OI0000874,ORD001409,P0014,1,
OI0000875,ORD004234,P0024,1,
OI0000876,ORD004234,P0008,2,
OI0000877,ORD004982,P0018,1,
OI0000878,ORD000770,P0011,1,
OI0000879,ORD001356,P0016,1,
OI0000880,ORD004150,P0017,1,
OI0000881,ORD002001,P0010,1,
OI0000882,ORD003874,P0024,1,
OI0000883,ORD003874,P0007,1,
OI0000884,ORD002797,P0026,-1,
OI0000885,ORD000490,P0026,1,
OI0000886,ORD004175,P0002,2,
OI0000887,ORD004175,P0024,3,
OI0000888,ORD000799,P0006,1,
OI0000889,ORD000799,P0017,1,
OI0000890,ORD000799,P0025,1,
OI0000891,ORD001740,P0009,1,
OI0000892,ORD001740,P0025,2,
OI0000893,ORD002995,P0023,1,
OI0000894,ORD001608,P0018,2,
OI0000895,ORD001608,P0005,1,
OI0000896,ORD004611,P0002,1,
OI0000897,ORD004611,P0008,2,
OI0000898,ORD004468,P0003,1,
OI0000899,ORD001710,P0008,1,
OI0000900,ORD004009,P0006,1,
OI0000901,ORD004009,P0004,1,
OI0000902,ORD002171,P0026,1,
OI0000903,ORD000331,P0007,1,
OI0000904,ORD000331,P0003,2,
OI0000905,ORD000200,P0024,2,
OI0000906,ORD000200,P0014,1,
OI0000907,ORD004510,P0019,1,
OI0000908,ORD003813,P0023,1,
OI0000909,ORD003813,P0008,2,
OI0000910,ORD002434,P0017,1,
OI0000911,ORD004929,P0016,1,
OI0000912,ORD001464,P0003,1,
OI0000913,ORD004216,P0016,3,
OI0000914,ORD004216,P0015,1,
OI0000915,ORD002933,P0026,1,
OI0000916,ORD002933,P0021,1,
OI0000917,ORD001028,P0006,1,
OI0000918,ORD001915,P0025,1,
OI0000919,ORD001915,P0003,1,
OI0000920,ORD003950,P0009,3,
OI0000921,ORD003002,P0020,1,
OI0000922,ORD004842,P0020,1,
OI0000923,ORD004842,P0014,1,
OI0000924,ORD004842,P0008,1,
OI0000925,ORD002686,P0023,2,
OI0000926,ORD002686,P0017,1,
OI0000927,ORD002686,P0025,1,
OI0000928,ORD004114,P0013,1,
OI0000929,ORD004114,P0024,1,
OI0000930,ORD002784,P0015,1,
OI0000931,ORD002784,P0001,1,
OI0000932,ORD002784,P0016,1,
OI0000933,ORD004195,P0017,1,
OI0000934,ORD004195,P0010,2,
OI0000935,ORD000100,P0007,1,
OI0000936,ORD000100,P0023,2,
OI0000937,ORD000219,P0003,1,
OI0000938,ORD000581,P0006,1,
OI0000939,ORD000581,P0007,2,
OI0000940,ORD000581,P0001,1,
OI0000941,ORD001276,P0015,1,
OI0000942,ORD000737,P0021,1,
OI0000943,ORD003669,P0008,1,
OI0000944,ORD003880,P0014,1,
OI0000945,ORD003880,P0014,1,
OI0000946,ORD003620,P0011,1,
OI0000947,ORD000315,P0017,3,
OI0000948,ORD002607,P0018,1,
OI0000949,ORD004271,P0009,1,
OI0000950,ORD001246,P0021,1,
OI0000951,ORD001246,P0024,1,
OI0000952,ORD003496,P0019,3,
OI0000953,ORD003496,P0024,3,
OI0000954,ORD004215,P0020,1,
OI0000955,ORD004215,P0021,1,
OI0000956,ORD003319,P0020,1,
OI0000957,ORD003274,P0002,1,
OI0000958,ORD003274,P0022,1,
OI0000959,ORD003274,P0004,1,
OI0000960,ORD000703,P0006,1,
OI0000961,ORD001921,P0003,1,
OI0000962,ORD001112,P0013,1,
OI0000963,ORD001112,P0016,1,
OI0000964,ORD000451,P0026,2,
OI0000965,ORD000451,P0017,1,
OI0000966,ORD003878,P0010,1,
OI0000967,ORD004987,P0011,1,
OI0000968,ORD004987,P0005,1,
OI0000969,ORD002754,P0014,2,
OI0000970,ORD002490,P0024,1,
OI0000971,ORD001497,P0001,1,
OI0000972,ORD001497,P0016,1,
OI0000973,ORD003891,P0023,1,
OI0000974,ORD003891,P0008,1,
OI0000975,ORD003891,P0014,1,
OI0000976,ORD000509,P0012,2,
OI0000977,ORD000509,P0015,2,
OI0000978,ORD002530,P0004,1,
OI0000979,ORD002530,P0010,1,
OI0000980,ORD003006,P0017,1,
OI0000981,ORD003006,P0019,2,
OI0000982,ORD003006,P0007,1,
OI0000983,ORD003461,P0019,2,
OI0000984,ORD003461,P0002,1,
OI0000985,ORD002381,P0002,1,
OI0000986,ORD001440,P0016,1,
OI0000987,ORD001440,P0016,1,
OI0000988,ORD001440,P0026,1,
OI0000989,ORD004804,P0026,-1,
OI0000990,ORD002360,P0026,2,
OI0000991,ORD002360,P0003,1,
OI0000992,ORD002360,P0017,1,
OI0000993,ORD001181,P0002,1,
OI0000994,ORD001181,P0020,2,
OI0000995,ORD000073,P0020,1,
OI0000996,ORD000073,P0010,1,
OI0000997,ORD004448,P0011,1,
OI0000998,ORD004448,P0008,1,
OI0000999,ORD000678,P0004,1,
OI0001000,ORD000678,P0009,-1,
OI0001001,ORD004320,P0005,3,
OI0001002,ORD004320,P0025,3,
OI0001003,ORD003982,P0009,1,
OI0001004,ORD002865,P0011,1,
OI0001005,ORD002865,P0003,1,
OI0001006,ORD000362,P0009,2,
OI0001007,ORD000362,P0014,2,
OI0001008,ORD000362,P0004,2,
OI0001009,ORD004442,P0013,2,
OI0001010,ORD004442,P0004,1,
OI0001011,ORD004389,P0009,1,
OI0001012,ORD004389,P0004,2,
OI0001013,ORD000827,P0011,1,
OI0001014,ORD000827,P0011,1,
OI0001015,ORD002210,P0001,2,
OI0001016,ORD002210,P0026,1,
OI0001017,ORD000748,P0011,2,
OI0001018,ORD000748,P0020,1,
OI0001019,ORD000158,P0010,1,
OI0001020,ORD000158,P0026,1,
OI0001021,ORD004628,P0024,1,
OI0001022,ORD004628,P0024,1,
OI0001023,ORD003061,P0015,1,
OI0001024,ORD003061,P0025,2,
OI0001025,ORD004292,P0003,1,
OI0001026,ORD004292,P0017,1,
OI0001027,ORD004292,P0007,1,
OI0001028,ORD003018,P0014,1,
OI0001029,ORD004733,P0016,1,
OI0001030,ORD002145,P0023,3,
OI0001031,ORD002145,P0010,1,
OI0001032,ORD002145,P0006,1,
OI0001033,ORD002145,P0024,2,
OI0001034,ORD003305,P0017,2,
OI0001035,ORD003305,P0024,1,
OI0001036,ORD002383,P0008,1,
OI0001037,ORD003204,P0001,1,
OI0001038,ORD001253,P0010,1,
OI0001039,ORD001253,P0006,1,
OI0001040,ORD000106,P0009,1,
OI0001041,ORD000106,P0022,1,
OI0001042,ORD000106,P0023,1,
OI0001043,ORD003210,P0001,1,
OI0001044,ORD003210,P0010,1,
OI0001045,ORD003421,P0003,1,
OI0001046,ORD003421,P0024,1,
OI0001047,ORD003421,P0022,1,
OI0001048,ORD003514,P0001,1,
OI0001049,ORD003514,P0019,1,
OI0001050,ORD003514,P0010,1,
OI0001051,ORD003514,P0007,1,
OI0001052,ORD004478,P0007,1,
OI0001053,ORD000743,P0005,1,
OI0001054,ORD000743,P0011,-1,
OI0001055,ORD000743,P0022,1,
OI0001056,ORD000323,P0006,1,
OI0001057,ORD000323,P0003,1,
OI0001058,ORD000323,P0025,1,
OI0001059,ORD000714,P0011,1,
OI0001060,ORD003631,P0006,1,
OI0001061,ORD003631,P0006,1,
OI0001062,ORD004425,P0019,1,
OI0001063,ORD000127,P0025,1,
OI0001064,ORD000127,P0012,1,
OI0001065,ORD000153,P0009,1,
OI0001066,ORD004473,P0026,2,
OI0001067,ORD004473,P0020,1,
OI0001068,ORD004473,P0020,2,
OI0001069,ORD000666,P0009,1,
OI0001070,ORD004703,P0013,1,
OI0001071,ORD003365,P0009,1,
OI0001072,ORD003365,P0007,2,
OI0001073,ORD003388,P0008,3,
OI0001074,ORD003388,P0009,1,
OI0001075,ORD004331,P0024,1,
OI0001076,ORD004331,P0014,3,
OI0001077,ORD004331,P0009,2,
OI0001078,ORD001273,P0012,2,
OI0001079,ORD001273,P0006,1,
OI0001080,ORD004075,P0020,3,
OI0001081,ORD001414,P0015,1,
OI0001082,ORD004100,P0019,2,
OI0001083,ORD004100,P0006,3,
OI0001084,ORD004100,P0018,1,
OI0001085,ORD004602,P0012,1,
OI0001086,ORD004602,P0016,2,
OI0001087,ORD004602,P0001,1,
OI0001088,ORD003719,P0014,1,
OI0001089,ORD003719,P0007,1,
OI0001090,ORD003719,P0004,2,
OI0001091,ORD004465,P0009,1,
OI0001092,ORD001323,P0001,1,
OI0001093,ORD001323,P0019,2,
OI0001094,ORD001153,P0017,3,
OI0001095,ORD000562,P0010,2,
OI0001096,ORD001752,P0013,1,
OI0001097,ORD000805,P0018,1,
OI0001098,ORD004942,P0023,1,
OI0001099,ORD000640,P0001,2,
OI0001100,ORD000640,P0014,1,
OI0001101,ORD000640,P0003,2,
OI0001102,ORD001765,P0003,1,
OI0001103,ORD001765,P0025,1,
OI0001104,ORD001765,P0017,1,
OI0001105,ORD002744,P0015,1,
OI0001106,ORD002744,P0013,1,
OI0001107,ORD000896,P0011,1,
OI0001108,ORD003545,P0017,1,
OI0001109,ORD003545,P0001,1,
OI0001110,ORD003242,P0009,1,
OI0001111,ORD003242,P0024,1,
OI0001112,ORD004213,P0012,1,
OI0001113,ORD004213,P0021,-1,
OI0001114,ORD002625,P0009,1,
OI0001115,ORD003681,P0026,1,
OI0001116,ORD003681,P0023,1,
OI0001117,ORD004248,P0010,1,
OI0001118,ORD003238,P0009,3,
OI0001119,ORD003238,P0026,1,
OI0001120,ORD002245,P0018,1,
OI0001121,ORD002245,P0011,2,
OI0001122,ORD002245,P0004,1,
OI0001123,ORD002985,P0002,-1,
OI0001124,ORD004463,P0011,2,
OI0001125,ORD004321,P0006,2,
OI0001126,ORD001012,P0026,1,
OI0001127,ORD004834,P0017,1,
OI0001128,ORD004834,P0019,1,
OI0001129,ORD003716,P0002,1,
OI0001130,ORD003716,P0007,1,
OI0001131,ORD003716,P0012,1,
OI0001132,ORD003770,P0025,1,
OI0001133,ORD003836,P0019,1,
OI0001134,ORD001956,P0020,1,
OI0001135,ORD001956,P0001,2,
OI0001136,ORD001956,P0021,3,
OI0001137,ORD001956,P0012,1,
OI0001138,ORD001983,P0015,1,
OI0001139,ORD001983,P0013,2,
OI0001140,ORD001738,P0011,1,
OI0001141,ORD001798,P0014,1,
OI0001142,ORD001300,P0021,1,
OI0001143,ORD004259,P0013,2,
OI0001144,ORD004259,P0023,1,
OI0001145,ORD000694,P0005,1,
OI0001146,ORD003595,P0003,1,
OI0001147,ORD003595,P0024,3,
OI0001148,ORD003378,P0004,2,
OI0001149,ORD001644,P0015,1,
OI0001150,ORD001644,P0014,1,
OI0001151,ORD001644,P0014,2,
OI0001152,ORD003432,P0015,1,
OI0001153,ORD003432,P0023,1,
OI0001154,ORD003432,P0020,3,
OI0001155,ORD003726,P0016,2,
OI0001156,ORD003726,P0009,2,
OI0001157,ORD003726,P0025,2,
OI0001158,ORD001864,P0021,1,
OI0001159,ORD001864,P0010,2,
OI0001160,ORD002462,P0012,2,
OI0001161,ORD003084,P0009,2,
OI0001162,ORD001398,P0026,1,
OI0001163,ORD001398,P0013,1,
OI0001164,ORD001398,P0018,1,
OI0001165,ORD001398,P0001,1,
OI0001166,ORD004307,P0016,1,
OI0001167,ORD004307,P0012,1,
OI0001168,ORD004307,P0020,1,
OI0001169,ORD004307,P0007,1,
OI0001170,ORD004496,P0025,1,
OI0001171,ORD004496,P0025,1,
OI0001172,ORD003322,P0002,1,
OI0001173,ORD000472,P0024,1,
OI0001174,ORD000472,P0014,1,
OI0001175,ORD000472,P0012,2,
OI0001176,ORD001924,P0024,1,
OI0001177,ORD001924,P0008,1,
OI0001178,ORD003488,P0022,1,
OI0001179,ORD002549,P0007,2,
OI0001180,ORD002549,P0005,3,
OI0001181,ORD002549,P0014,-1,
OI0001182,ORD002549,P0021,1,
OI0001183,ORD002193,P0002,1,
OI0001184,ORD002193,P0001,2,
OI0001185,ORD000875,P0002,2,
OI0001186,ORD001121,P0025,1,
OI0001187,ORD001121,P0014,1,
OI0001188,ORD004201,P0017,1,
OI0001189,ORD004201,P0024,1,
OI0001190,ORD002890,P0018,1,
OI0001191,ORD000147,P0024,3,
OI0001192,ORD000147,P0026,3,
OI0001193,ORD002836,P0024,1,
OI0001194,ORD003360,P0017,1,
OI0001195,ORD003360,P0021,1,
OI0001196,ORD003360,P0016,1,
OI0001197,ORD002204,P0019,1,
OI0001198,ORD001824,P0013,1,
OI0001199,ORD001824,P0005,2,
OI0001200,ORD001824,P0001,2,
OI0001201,ORD004387,P0011,3,
OI0001202,ORD003830,P0021,1,
OI0001203,ORD003060,P0008,1,
OI0001204,ORD004276,P0016,1,
OI0001205,ORD004276,P0010,2,
OI0001206,ORD001952,P0022,1,
OI0001207,ORD001952,P0018,1,
OI0001208,ORD001952,P0005,1,
OI0001209,ORD000936,P0003,1,
OI0001210,ORD004638,P0010,1,
OI0001211,ORD004430,P0003,1,
OI0001212,ORD004430,P0024,2,
OI0001213,ORD000559,P0010,2,
OI0001214,ORD000639,P0011,1,
OI0001215,ORD000706,P0024,2,
OI0001216,ORD004633,P0026,1,
OI0001217,ORD004633,P0021,1,
OI0001218,ORD004304,P0024,1,
OI0001219,ORD004666,P0010,3,
OI0001220,ORD000943,P0004,1,
OI0001221,ORD000090,P0003,1,
OI0001222,ORD000090,P0007,1,
OI0001223,ORD000090,P0012,1,
OI0001224,ORD001416,P0014,2,
OI0001225,ORD001416,P0018,2,
OI0001226,ORD001416,P0012,1,
OI0001227,ORD000544,P0018,1,
OI0001228,ORD000544,P0006,1,
OI0001229,ORD003966,P0011,2,
OI0001230,ORD003966,P0026,1,
OI0001231,ORD001623,P0023,2,
OI0001232,ORD001623,P0026,3,
OI0001233,ORD003984,P0018,3,
OI0001234,ORD003984,P0011,1,
OI0001235,ORD003984,P0017,2,
OI0001236,ORD003984,P0004,1,
OI0001237,ORD003715,P0007,1,
OI0001238,ORD003715,P0004,1,
OI0001239,ORD000445,P0019,1,
OI0001240,ORD000445,P0023,2,
OI0001241,ORD002331,P0018,1,
OI0001242,ORD002331,P0009,2,
OI0001243,ORD002331,P0007,1,
OI0001244,ORD002331,P0023,1,
OI0001245,ORD003955,P0006,1,
OI0001246,ORD004385,P0015,2,
OI0001247,ORD002187,P0002,2,
OI0001248,ORD002187,P0024,3,
OI0001249,ORD001613,P0005,1,
OI0001250,ORD001613,P0007,1,
OI0001251,ORD002268,P0013,1,
OI0001252,ORD000054,P0021,1,
OI0001253,ORD001786,P0003,1,
OI0001254,ORD002874,P0010,1,
OI0001255,ORD000411,P0022,2,
OI0001256,ORD000411,P0002,1,
OI0001257,ORD003097,P0020,1,
OI0001258,ORD001561,P0015,1,
OI0001259,ORD004822,P0024,2,
OI0001260,ORD001757,P0004,2,
OI0001261,ORD001757,P0024,3,
OI0001262,ORD001757,P0020,1,
OI0001263,ORD000460,P0020,1,
OI0001264,ORD000460,P0005,1,
OI0001265,ORD000460,P0010,1,
OI0001266,ORD001876,P0026,1,
OI0001267,ORD001876,P0014,3,
OI0001268,ORD001876,P0023,2,
OI0001269,ORD003228,P0020,1,
OI0001270,ORD004530,P0023,2,
OI0001271,ORD004530,P0021,1,
OI0001272,ORD003693,P0024,1,
OI0001273,ORD000017,P0017,3,
OI0001274,ORD003675,P0026,1,
OI0001275,ORD001808,P0021,2,
OI0001276,ORD004958,P0013,3,
OI0001277,ORD004958,P0001,1,
OI0001278,ORD003429,P0026,3,
OI0001279,ORD002266,P0012,1,
OI0001280,ORD002622,P0021,3,
OI0001281,ORD002622,P0021,1,
OI0001282,ORD004208,P0021,1,
OI0001283,ORD003221,P0001,1,
OI0001284,ORD004888,P0009,1,
OI0001285,ORD004965,P0009,2,
OI0001286,ORD004965,P0018,1,
OI0001287,ORD000750,P0003,1,
OI0001288,ORD000750,P0006,3,
OI0001289,ORD003621,P0017,2,
OI0001290,ORD004740,P0005,3,
OI0001291,ORD003472,P0026,1,
OI0001292,ORD001295,P0026,3,
OI0001293,ORD004058,P0026,1,
OI0001294,ORD001018,P0015,3,
OI0001295,ORD001512,P0011,1,
OI0001296,ORD001512,P0019,1,
OI0001297,ORD001512,P0003,1,
OI0001298,ORD001512,P0024,1,
OI0001299,ORD004590,P0023,1,
OI0001300,ORD001256,P0011,1,
OI0001301,ORD001256,P0012,1,
OI0001302,ORD001256,P0005,1,
OI0001303,ORD004713,P0017,1,
OI0001304,ORD004713,P0013,1,
OI0001305,ORD000279,P0020,1,
OI0001306,ORD000279,P0008,1,
OI0001307,ORD000279,P0013,1,
OI0001308,ORD003517,P0005,2,
OI0001309,ORD003517,P0001,2,
OI0001310,ORD004255,P0007,1,
OI0001311,ORD004255,P0001,3,
OI0001312,ORD004705,P0022,2,
OI0001313,ORD004705,P0003,2,
OI0001314,ORD001457,P0001,1,
OI0001315,ORD002180,P0009,2,
OI0001316,ORD002180,P0017,1,
OI0001317,ORD000633,P0008,1,
OI0001318,ORD001729,P0010,1,
OI0001319,ORD001729,P0023,2,
OI0001320,ORD002870,P0024,1,
OI0001321,ORD002870,P0012,1,
OI0001322,ORD002870,P0015,1,
OI0001323,ORD000297,P0003,3,
OI0001324,ORD003804,P0002,2,
OI0001325,ORD002262,P0022,2,
OI0001326,ORD002631,P0009,2,
OI0001327,ORD002631,P0025,1,
OI0001328,ORD002631,P0021,1,
OI0001329,ORD000202,P0011,1,
OI0001330,ORD000202,P0022,1,
OI0001331,ORD000202,P0006,1,
OI0001332,ORD002762,P0022,1,
OI0001333,ORD002762,P0006,1,
OI0001334,ORD004738,P0001,2,
OI0001335,ORD004738,P0004,1,
OI0001336,ORD001999,P0002,1,
OI0001337,ORD004549,P0018,2,
OI0001338,ORD000545,P0016,3,
OI0001339,ORD000545,P0021,1,
OI0001340,ORD000545,P0001,1,
OI0001341,ORD000059,P0018,1,
OI0001342,ORD001519,P0019,1,
OI0001343,ORD001519,P0019,1,
OI0001344,ORD000744,P0021,1,
OI0001345,ORD001653,P0012,1,
OI0001346,ORD000304,P0006,3,
OI0001347,ORD000304,P0023,1,
OI0001348,ORD001179,P0009,1,
OI0001349,ORD001179,P0022,1,
OI0001350,ORD002804,P0013,1,
OI0001351,ORD002804,P0006,1,
OI0001352,ORD002804,P0011,2,
OI0001353,ORD002804,P0024,1,
OI0001354,ORD003447,P0014,1,
OI0001355,ORD003447,P0008,1,
OI0001356,ORD000280,P0003,2,
OI0001357,ORD000280,P0025,1,
OI0001358,ORD004145,P0013,1,
OI0001359,ORD004453,P0024,1,
OI0001360,ORD004771,P0007,1,
OI0001361,ORD004771,P0017,2,
OI0001362,ORD001361,P0026,1,
OI0001363,ORD002239,P0011,1,
OI0001364,ORD002239,P0021,1,
OI0001365,ORD001141,P0005,1,
OI0001366,ORD004212,P0007,1,
OI0001367,ORD004212,P0022,1,
OI0001368,ORD000322,P0002,1,
OI0001369,ORD003520,P0021,1,
OI0001370,ORD001875,P0017,3,
OI0001371,ORD001875,P0009,1,
OI0001372,ORD001875,P0007,1,
OI0001373,ORD001262,P0011,2,
OI0001374,ORD002743,P0026,2,
OI0001375,ORD000890,P0016,1,
OI0001376,ORD000890,P0012,1,
OI0001377,ORD000890,P0009,1,
OI0001378,ORD000890,P0001,1,
OI0001379,ORD001754,P0002,1,
OI0001380,ORD001754,P0014,1,
OI0001381,ORD001754,P0009,3,
OI0001382,ORD004969,P0023,1,
OI0001383,ORD004451,P0024,1,
OI0001384,ORD004451,P0023,2,
OI0001385,ORD002893,P0004,1,
OI0001386,ORD002893,P0005,2,
OI0001387,ORD002157,P0015,2,
OI0001388,ORD001125,P0017,1,
OI0001389,ORD000115,P0012,3,
OI0001390,ORD000115,P0024,2,
OI0001391,ORD000115,P0026,1,
OI0001392,ORD000115,P0022,1,
OI0001393,ORD001669,P0016,1,
OI0001394,ORD003968,P0003,3,
OI0001395,ORD003968,P0013,1,
OI0001396,ORD002455,P0012,1,
OI0001397,ORD002455,P0021,1,
OI0001398,ORD002455,P0010,2,
OI0001399,ORD001865,P0001,2,
OI0001400,ORD001865,P0011,1,
OI0001401,ORD001308,P0019,3,
OI0001402,ORD001308,P0020,1,
OI0001403,ORD002017,P0003,1,
OI0001404,ORD004277,P0004,2,
OI0001405,ORD001627,P0007,1,
OI0001406,ORD000873,P0018,1,
OI0001407,ORD001242,P0017,2,
OI0001408,ORD001242,P0011,1,
OI0001409,ORD002392,P0014,1,
OI0001410,ORD003053,P0002,1,
OI0001411,ORD003053,P0012,1,
OI0001412,ORD002480,P0026,2,
OI0001413,ORD004192,P0025,1,
OI0001414,ORD002634,P0011,2,
OI0001415,ORD001197,P0005,2,
OI0001416,ORD000400,P0020,2,
OI0001417,ORD001073,P0023,1,
OI0001418,ORD000908,P0012,1,
OI0001419,ORD001774,P0022,1,
OI0001420,ORD001774,P0004,3,
OI0001421,ORD001774,P0021,1,
OI0001422,ORD001774,P0015,2,
OI0001423,ORD001480,P0009,1,
OI0001424,ORD001480,P0003,2,
OI0001425,ORD000967,P0016,1,
OI0001426,ORD000967,P0012,3,
OI0001427,ORD001901,P0013,1,
OI0001428,ORD001901,P0008,1,
OI0001429,ORD000289,P0016,1,
OI0001430,ORD000289,P0013,1,
OI0001431,ORD004422,P0007,1,
OI0001432,ORD002258,P0005,1,
OI0001433,ORD002182,P0001,2,
OI0001434,ORD000881,P0012,1,
OI0001435,ORD000881,P0020,1,
OI0001436,ORD003970,P0004,1,
OI0001437,ORD003970,P0013,1,
OI0001438,ORD003970,P0026,2,
OI0001439,ORD004250,P0021,1,
OI0001440,ORD004250,P0025,1,
OI0001441,ORD004250,P0006,1,
OI0001442,ORD001137,P0021,1,
OI0001443,ORD001137,P0001,1,
OI0001444,ORD004279,P0026,1,
OI0001445,ORD001663,P0004,1,
OI0001446,ORD001663,P0016,1,
OI0001447,ORD004640,P0023,1,
OI0001448,ORD004640,P0010,1,
OI0001449,ORD004640,P0012,2,
OI0001450,ORD002740,P0017,2,
OI0001451,ORD002740,P0016,3,
OI0001452,ORD002740,P0012,2,
OI0001453,ORD002740,P0013,1,
OI0001454,ORD002523,P0013,1,
OI0001455,ORD001977,P0022,1,
OI0001456,ORD001731,P0015,2,
OI0001457,ORD001731,P0013,1,
OI0001458,ORD001210,P0002,1,
OI0001459,ORD003642,P0017,1,
OI0001460,ORD003642,P0022,1,
OI0001461,ORD002271,P0024,2,
OI0001462,ORD001205,P0022,1,
OI0001463,ORD001205,P0026,3,
OI0001464,ORD004723,P0008,1,
OI0001465,ORD004801,P0008,1,
OI0001466,ORD002818,P0017,1,
OI0001467,ORD000500,P0005,1,
OI0001468,ORD000443,P0003,3,
OI0001469,ORD002834,P0004,2,
OI0001470,ORD001233,P0007,1,
OI0001471,ORD001470,P0006,1,
OI0001472,ORD001470,P0010,3,
OI0001473,ORD001470,P0008,1,
OI0001474,ORD002121,P0011,1,
OI0001475,ORD002121,P0025,2,
OI0001476,ORD002121,P0014,1,
OI0001477,ORD001169,P0023,1,
OI0001478,ORD003519,P0025,2,
OI0001479,ORD003734,P0002,3,
OI0001480,ORD001486,P0012,2,
OI0001481,ORD004776,P0005,1,
OI0001482,ORD000979,P0011,1,
OI0001483,ORD000195,P0024,1,
OI0001484,ORD003980,P0025,2,
OI0001485,ORD001835,P0025,1,
OI0001486,ORD001835,P0014,3,
OI0001487,ORD000136,P0022,1,
OI0001488,ORD000136,P0007,2,
OI0001489,ORD000136,P0006,1,
OI0001490,ORD004314,P0006,2,
OI0001491,ORD003253,P0016,2,
OI0001492,ORD004829,P0005,2,
OI0001493,ORD004829,P0026,1,
OI0001494,ORD004829,P0010,1,
OI0001495,ORD003862,P0009,1,
OI0001496,ORD001995,P0023,1,
OI0001497,ORD001995,P0012,1,
OI0001498,ORD001995,P0011,1,
OI0001499,ORD002823,P0004,2,
OI0001500,ORD003654,P0025,3,
OI0001501,ORD003654,P0011,1,
OI0001502,ORD004413,P0017,3,
OI0001503,ORD003034,P0007,1,
OI0001504,ORD002940,P0023,1,
OI0001505,ORD002940,P0015,2,
OI0001506,ORD003326,P0025,1,
OI0001507,ORD003326,P0025,2,
OI0001508,ORD000290,P0009,1,
OI0001509,ORD000290,P0005,1,
OI0001510,ORD000290,P0003,1,
OI0001511,ORD000905,P0011,1,
OI0001512,ORD002945,P0006,1,
OI0001513,ORD001579,P0001,1,
OI0001514,ORD001579,P0017,1,
OI0001515,ORD001579,P0025,1,
OI0001516,ORD003898,P0002,2,
OI0001517,ORD003898,P0001,-1,
OI0001518,ORD003898,P0022,1,
OI0001519,ORD003082,P0008,2,
OI0001520,ORD003082,P0013,1,
OI0001521,ORD003082,P0020,1,
OI0001522,ORD003082,P0016,1,
OI0001523,ORD002984,P0021,1,
OI0001524,ORD002984,P0004,1,
OI0001525,ORD002984,P0002,1,
OI0001526,ORD004926,P0018,1,
OI0001527,ORD004926,P0010,1,
OI0001528,ORD003746,P0002,1,
OI0001529,ORD003746,P0022,1,
OI0001530,ORD003114,P0026,1,
OI0001531,ORD003114,P0020,1,
OI0001532,ORD002990,P0003,1,
OI0001533,ORD002990,P0011,2,
OI0001534,ORD000554,P0022,1,
OI0001535,ORD003638,P0026,1,
OI0001536,ORD001806,P0025,1,
OI0001537,ORD001806,P0001,1,
OI0001538,ORD000676,P0004,2,
OI0001539,ORD000676,P0020,1,
OI0001540,ORD000676,P0002,1,
OI0001541,ORD004394,P0018,1,
OI0001542,ORD004394,P0007,1,
OI0001543,ORD004394,P0018,1,
OI0001544,ORD002533,P0015,1,
OI0001545,ORD002533,P0004,3,
OI0001546,ORD002533,P0008,1,
OI0001547,ORD002533,P0008,1,
OI0001548,ORD002778,P0011,3,
OI0001549,ORD000644,P0006,1,
OI0001550,ORD004070,P0001,1,
OI0001551,ORD004070,P0017,1,
OI0001552,ORD004070,P0026,1,
OI0001553,ORD000701,P0020,1,
OI0001554,ORD000701,P0025,-1,
OI0001555,ORD000701,P0018,1,
OI0001556,ORD003952,P0022,2,
OI0001557,ORD000568,P0012,1,
OI0001558,ORD003624,P0003,1,
OI0001559,ORD002463,P0019,1,
OI0001560,ORD002853,P0001,2,
OI0001561,ORD004806,P0026,2,
OI0001562,ORD004099,P0007,1,
OI0001563,ORD004099,P0011,1,
OI0001564,ORD001831,P0016,1,
OI0001565,ORD001831,P0001,3,
OI0001566,ORD003489,P0020,1,
OI0001567,ORD003489,P0016,3,
OI0001568,ORD002974,P0001,1,
OI0001569,ORD001126,P0002,2,
OI0001570,ORD001126,P0010,1,
OI0001571,ORD004258,P0013,1,
OI0001572,ORD004258,P0003,3,
OI0001573,ORD004258,P0009,1,
OI0001574,ORD000788,P0018,1,
OI0001575,ORD000788,P0007,1,
OI0001576,ORD003220,P0025,1,
OI0001577,ORD002389,P0015,2,
OI0001578,ORD004882,P0013,1,
OI0001579,ORD000215,P0021,2,
OI0001580,ORD000215,P0019,2,
OI0001581,ORD000215,P0015,1,
OI0001582,ORD003749,P0003,1,
OI0001583,ORD001837,P0008,1,
OI0001584,ORD002303,P0024,2,
OI0001585,ORD002303,P0024,1,
OI0001586,ORD003370,P0009,-1,
OI0001587,ORD003370,P0011,1,
OI0001588,ORD003370,P0001,1,
OI0001589,ORD003370,P0009,2,
OI0001590,ORD002410,P0023,2,
OI0001591,ORD002410,P0015,2,
OI0001592,ORD002282,P0003,-1,
OI0001593,ORD001981,P0010,1,
OI0001594,ORD001981,P0002,1,
OI0001595,ORD001981,P0025,2,
OI0001596,ORD003599,P0019,2,
OI0001597,ORD000729,P0004,1,
OI0001598,ORD002492,P0019,1,
OI0001599,ORD002492,P0010,2,
OI0001600,ORD002492,P0012,1,
OI0001601,ORD002492,P0024,1,
OI0001602,ORD003688,P0019,2,
OI0001603,ORD004875,P0019,1,
OI0001604,ORD001984,P0022,1,
OI0001605,ORD001391,P0017,1,
OI0001606,ORD003908,P0012,2,
OI0001607,ORD003908,P0001,2,
OI0001608,ORD003175,P0020,1,
OI0001609,ORD003175,P0021,2,
OI0001610,ORD001751,P0005,3,
OI0001611,ORD004126,P0020,2,
OI0001612,ORD000915,P0015,1,
OI0001613,ORD003251,P0021,1,
OI0001614,ORD002532,P0005,1,
OI0001615,ORD002532,P0016,1,
OI0001616,ORD002532,P0006,2,
OI0001617,ORD001475,P0003,1,
OI0001618,ORD001475,P0003,1,
OI0001619,ORD001475,P0015,2,
OI0001620,ORD001309,P0018,1,
OI0001621,ORD004704,P0002,1,
OI0001622,ORD004704,P0021,3,
OI0001623,ORD003079,P0007,1,
OI0001624,ORD002805,P0005,1,
OI0001625,ORD000252,P0009,1,
OI0001626,ORD004340,P0001,2,
OI0001627,ORD004340,P0013,1,
OI0001628,ORD004340,P0009,2,
OI0001629,ORD004263,P0020,1,
OI0001630,ORD002657,P0018,2,
OI0001631,ORD003775,P0010,1,
OI0001632,ORD003133,P0023,2,
OI0001633,ORD002710,P0009,1,
OI0001634,ORD002493,P0010,1,
OI0001635,ORD002493,P0025,3,
OI0001636,ORD004772,P0019,1,
OI0001637,ORD003371,P0001,1,
OI0001638,ORD003371,P0012,1,
OI0001639,ORD000049,P0026,1,
OI0001640,ORD000408,P0025,-1,
OI0001641,ORD003805,P0026,1,
OI0001642,ORD004464,P0014,1,
OI0001643,ORD004464,P0021,3,
OI0001644,ORD004464,P0018,1,
OI0001645,ORD004464,P0022,1,
OI0001646,ORD001375,P0005,1,
OI0001647,ORD001375,P0008,2,
OI0001648,ORD003381,P0003,1,
OI0001649,ORD000255,P0013,3,
OI0001650,ORD001116,P0025,1,
OI0001651,ORD001116,P0005,1,
OI0001652,ORD001116,P0016,1,
OI0001653,ORD001116,P0025,1,
OI0001654,ORD002471,P0007,2,
OI0001655,ORD002471,P0023,1,
OI0001656,ORD000402,P0019,1,
OI0001657,ORD000402,P0014,1,
OI0001658,ORD000402,P0004,1,
OI0001659,ORD003787,P0010,1,
OI0001660,ORD001785,P0018,1,
OI0001661,ORD003280,P0003,2,
OI0001662,ORD003803,P0011,1,
OI0001663,ORD001056,P0022,1,
OI0001664,ORD002016,P0003,2,
OI0001665,ORD002016,P0016,1,
OI0001666,ORD002944,P0013,1,
OI0001667,ORD001966,P0023,1,
OI0001668,ORD004766,P0014,1,
OI0001669,ORD003888,P0001,2,
OI0001670,ORD003888,P0012,1,
OI0001671,ORD000755,P0009,1,
OI0001672,ORD000755,P0002,1,
OI0001673,ORD001096,P0018,3,
OI0001674,ORD002841,P0026,1,
OI0001675,ORD002841,P0001,1,
OI0001676,ORD002924,P0005,3,
OI0001677,ORD002924,P0023,1,
OI0001678,ORD002924,P0013,1,
OI0001679,ORD002924,P0021,1,
OI0001680,ORD001254,P0009,1,
OI0001681,ORD002503,P0005,1,
OI0001682,ORD004182,P0018,1,
OI0001683,ORD004182,P0023,1,
OI0001684,ORD003145,P0012,1,
OI0001685,ORD001174,P0020,-1,
OI0001686,ORD001198,P0001,1,
OI0001687,ORD001198,P0012,1,
OI0001688,ORD000814,P0018,1,
OI0001689,ORD002134,P0008,1,
OI0001690,ORD000076,P0001,2,
OI0001691,ORD000076,P0019,1,
OI0001692,ORD004419,P0011,1,
OI0001693,ORD004332,P0018,3,
OI0001694,ORD000038,P0011,2,
OI0001695,ORD000262,P0026,1,
OI0001696,ORD000262,P0015,1,
OI0001697,ORD000262,P0020,1,
OI0001698,ORD000198,P0011,2,
OI0001699,ORD000198,P0015,1,
OI0001700,ORD004266,P0010,3,
OI0001701,ORD004266,P0010,1,
OI0001702,ORD004266,P0015,2,
OI0001703,ORD004266,P0019,1,
OI0001704,ORD003276,P0003,1,
OI0001705,ORD000275,P0006,1,
OI0001706,ORD000275,P0019,3,
OI0001707,ORD001986,P0024,1,
OI0001708,ORD001986,P0025,3,
OI0001709,ORD001986,P0014,2,
OI0001710,ORD002090,P0025,1,
OI0001711,ORD004517,P0021,2,
OI0001712,ORD001320,P0015,1,
OI0001713,ORD001320,P0006,1,
OI0001714,ORD002374,P0004,1,
OI0001715,ORD004896,P0010,1,
OI0001716,ORD004896,P0017,2,
OI0001717,ORD001596,P0020,3,
OI0001718,ORD001596,P0002,2,
OI0001719,ORD001596,P0008,1,
OI0001720,ORD000985,P0010,1,
OI0001721,ORD002857,P0002,1,
OI0001722,ORD002857,P0024,1,
OI0001723,ORD002857,P0010,1,
OI0001724,ORD004472,P0016,1,
OI0001725,ORD004472,P0014,1,
OI0001726,ORD003724,P0023,2,
OI0001727,ORD000092,P0012,1,
OI0001728,ORD002502,P0014,2,
OI0001729,ORD004657,P0003,2,
OI0001730,ORD004657,P0009,3,
OI0001731,ORD000800,P0004,1,
OI0001732,ORD004920,P0023,1,
OI0001733,ORD002558,P0013,1,
OI0001734,ORD002558,P0003,1,
OI0001735,ORD002558,P0011,1,
OI0001736,ORD002457,P0001,1,
OI0001737,ORD000941,P0020,2,
OI0001738,ORD001721,P0017,-1,
OI0001739,ORD001186,P0006,1,
OI0001740,ORD001186,P0018,1,
OI0001741,ORD001186,P0026,3,
OI0001742,ORD003650,P0014,1,
OI0001743,ORD003513,P0016,2,
OI0001744,ORD003615,P0020,1,
OI0001745,ORD002074,P0006,2,
OI0001746,ORD004826,P0013,1,
OI0001747,ORD004826,P0002,2,
OI0001748,ORD004730,P0019,1,
OI0001749,ORD004730,P0021,1,
OI0001750,ORD002806,P0003,2,
OI0001751,ORD001234,P0015,1,
OI0001752,ORD002373,P0011,1,
OI0001753,ORD002373,P0022,3,
OI0001754,ORD002279,P0021,1,
OI0001755,ORD000482,P0005,2,
OI0001756,ORD002083,P0015,3,
OI0001757,ORD002083,P0026,2,
OI0001758,ORD003107,P0007,1,
OI0001759,ORD004161,P0019,1,
OI0001760,ORD004161,P0011,2,
OI0001761,ORD003453,P0006,2,
OI0001762,ORD003453,P0023,1,
OI0001763,ORD004832,P0008,1,
OI0001764,ORD004832,P0007,1,
OI0001765,ORD003667,P0008,1,
OI0001766,ORD003667,P0016,1,
OI0001767,ORD004539,P0022,1,
OI0001768,ORD004539,P0006,-1,
OI0001769,ORD002417,P0006,1,
OI0001770,ORD003155,P0001,1,
OI0001771,ORD003155,P0018,1,
OI0001772,ORD003155,P0023,2,
OI0001773,ORD004986,P0012,1,
OI0001774,ORD004662,P0005,1,
OI0001775,ORD001637,P0001,1,
OI0001776,ORD000053,P0011,1,
OI0001777,ORD000053,P0016,1,
OI0001778,ORD000053,P0019,3,
OI0001779,ORD000884,P0002,1,
OI0001780,ORD000884,P0005,2,
OI0001781,ORD000884,P0022,1,
OI0001782,ORD000884,P0011,1,
OI0001783,ORD002624,P0006,1,
OI0001784,ORD002624,P0012,2,
OI0001785,ORD003922,P0026,2,
OI0001786,ORD002006,P0003,1,
OI0001787,ORD002006,P0008,2,
OI0001788,ORD000587,P0001,1,
OI0001789,ORD000587,P0024,1,
OI0001790,ORD000587,P0023,1,
OI0001791,ORD003027,P0003,1,
OI0001792,ORD003027,P0016,1,
OI0001793,ORD003027,P0023,1,
OI0001794,ORD004199,P0004,2,
OI0001795,ORD001298,P0006,3,
OI0001796,ORD001298,P0021,1,
OI0001797,ORD004998,P0001,2,
OI0001798,ORD002932,P0005,2,
OI0001799,ORD002932,P0003,1,
OI0001800,ORD002559,P0023,1,
OI0001801,ORD002559,P0011,1,
OI0001802,ORD001772,P0014,3,
OI0001803,ORD000083,P0002,1,
OI0001804,ORD001870,P0026,1,
OI0001805,ORD002132,P0015,2,
OI0001806,ORD002132,P0010,1,
OI0001807,ORD003551,P0001,3,
OI0001808,ORD003551,P0017,1,
OI0001809,ORD003551,P0025,1,
OI0001810,ORD003551,P0004,1,
OI0001811,ORD004042,P0014,2,
OI0001812,ORD004042,P0002,2,
OI0001813,ORD004247,P0017,1,
OI0001814,ORD003943,P0007,1,
OI0001815,ORD003943,P0026,3,
OI0001816,ORD004522,P0008,1,
OI0001817,ORD001552,P0016,2,
OI0001818,ORD001552,P0024,1,
OI0001819,ORD001552,P0017,2,
OI0001820,ORD001552,P0012,3,
OI0001821,ORD002377,P0012,1,
OI0001822,ORD003412,P0013,2,
OI0001823,ORD004543,P0016,1,
OI0001824,ORD003229,P0005,2,
OI0001825,ORD000463,P0021,-1,
OI0001826,ORD000011,P0010,1,
OI0001827,ORD000011,P0021,1,
OI0001828,ORD000717,P0001,1,
OI0001829,ORD003219,P0025,1,
OI0001830,ORD003219,P0018,1,
OI0001831,ORD002272,P0017,2,
OI0001832,ORD002272,P0019,1,
OI0001833,ORD003843,P0009,1,
OI0001834,ORD003819,P0014,1,
OI0001835,ORD003819,P0003,1,
OI0001836,ORD002904,P0014,1,
OI0001837,ORD002904,P0017,2,
OI0001838,ORD002649,P0018,1,
OI0001839,ORD003683,P0014,1,
OI0001840,ORD003507,P0020,2,
OI0001841,ORD002038,P0010,1,
OI0001842,ORD000199,P0021,1,
OI0001843,ORD000199,P0007,1,
OI0001844,ORD003760,P0005,1,
OI0001845,ORD003760,P0012,1,
OI0001846,ORD004466,P0025,1,
OI0001847,ORD000988,P0001,1,
OI0001848,ORD000988,P0004,1,
OI0001849,ORD001993,P0019,2,
OI0001850,ORD003285,P0010,1,
OI0001851,ORD001779,P0004,1,
OI0001852,ORD001272,P0012,3,
OI0001853,ORD000335,P0022,1,
OI0001854,ORD001852,P0002,1,
OI0001855,ORD001852,P0024,2,
OI0001856,ORD000528,P0018,2,
OI0001857,ORD000528,P0019,2,
OI0001858,ORD004811,P0017,1,
OI0001859,ORD000630,P0013,1,
OI0001860,ORD004128,P0010,1,
OI0001861,ORD004128,P0008,2,
OI0001862,ORD000635,P0003,1,
OI0001863,ORD003314,P0020,3,
OI0001864,ORD003314,P0001,1,
OI0001865,ORD002770,P0015,-1,
OI0001866,ORD002999,P0011,-1,
OI0001867,ORD002999,P0014,2,
OI0001868,ORD003713,P0023,1,
OI0001869,ORD003713,P0004,1,
OI0001870,ORD004651,P0011,1,
OI0001871,ORD002560,P0002,1,
OI0001872,ORD002560,P0005,1,
OI0001873,ORD004415,P0010,1,
OI0001874,ORD004415,P0013,2,
OI0001875,ORD004415,P0015,2,
OI0001876,ORD004597,P0012,1,
OI0001877,ORD000838,P0002,2,
OI0001878,ORD000838,P0004,3,
OI0001879,ORD003577,P0017,2,
OI0001880,ORD002712,P0013,1,
OI0001881,ORD003923,P0006,1,
OI0001882,ORD003923,P0005,1,
OI0001883,ORD003923,P0018,1,
OI0001884,ORD002719,P0002,1,
OI0001885,ORD002719,P0013,2,
OI0001886,ORD002190,P0016,1,
OI0001887,ORD004967,P0026,2,
OI0001888,ORD004967,P0010,1,
OI0001889,ORD003992,P0026,3,
OI0001890,ORD003333,P0018,1,
OI0001891,ORD003476,P0008,2,
OI0001892,ORD003476,P0008,1,
OI0001893,ORD004669,P0003,2,
OI0001894,ORD002958,P0002,1,
OI0001895,ORD002958,P0013,1,
OI0001896,ORD002958,P0021,1,
OI0001897,ORD001781,P0004,1,
OI0001898,ORD004189,P0001,1,
OI0001899,ORD004189,P0001,1,
OI0001900,ORD000257,P0017,1,
OI0001901,ORD000257,P0024,1,
OI0001902,ORD000821,P0026,1,
OI0001903,ORD000821,P0024,1,
OI0001904,ORD004233,P0022,1,
OI0001905,ORD004233,P0010,2,
OI0001906,ORD004233,P0014,1,
OI0001907,ORD004233,P0022,2,
OI0001908,ORD000210,P0008,1,
OI0001909,ORD000210,P0009,1,
OI0001910,ORD000210,P0025,1,
OI0001911,ORD000210,P0004,1,
OI0001912,ORD002290,P0021,1,
OI0001913,ORD002290,P0001,3,
OI0001914,ORD002290,P0011,3,
OI0001915,ORD003497,P0011,1,
OI0001916,ORD002428,P0001,1,
OI0001917,ORD002428,P0015,1,
OI0001918,ORD001603,P0024,1,
OI0001919,ORD003095,P0013,1,
OI0001920,ORD003095,P0010,1,
OI0001921,ORD003095,P0017,1,
OI0001922,ORD003095,P0007,1,
OI0001923,ORD002069,P0026,1,
OI0001924,ORD001794,P0016,1,
OI0001925,ORD002467,P0022,3,
OI0001926,ORD003031,P0015,2,
OI0001927,ORD003031,P0001,1,
OI0001928,ORD004586,P0009,1,
OI0001929,ORD004586,P0021,1,
OI0001930,ORD004586,P0017,1,
OI0001931,ORD004994,P0020,1,
OI0001932,ORD003728,P0020,1,
OI0001933,ORD003728,P0006,2,
OI0001934,ORD003801,P0001,2,
OI0001935,ORD003192,P0025,2,
OI0001936,ORD001617,P0023,1,
OI0001937,ORD001617,P0002,1,
OI0001938,ORD001617,P0013,1,
OI0001939,ORD003048,P0001,-1,
OI0001940,ORD001680,P0010,1,
OI0001941,ORD001680,P0004,1,
OI0001942,ORD002466,P0010,1,
OI0001943,ORD003015,P0017,1,
OI0001944,ORD004637,P0013,2,
OI0001945,ORD004637,P0021,1,
OI0001946,ORD004637,P0017,1,
OI0001947,ORD003397,P0015,1,
OI0001948,ORD003397,P0021,1,
OI0001949,ORD001698,P0002,3,
OI0001950,ORD003925,P0025,1,
OI0001951,ORD004202,P0008,1,
OI0001952,ORD004202,P0011,1,
OI0001953,ORD004202,P0010,1,
OI0001954,ORD004202,P0026,1,
OI0001955,ORD002965,P0017,1,
OI0001956,ORD001239,P0004,1,
OI0001957,ORD002768,P0002,1,
OI0001958,ORD002768,P0001,1,
OI0001959,ORD002768,P0003,1,
OI0001960,ORD001016,P0026,1,
OI0001961,ORD001016,P0019,1,
OI0001962,ORD001016,P0009,1,
OI0001963,ORD001365,P0010,1,
OI0001964,ORD001365,P0024,1,
OI0001965,ORD001582,P0006,1,
OI0001966,ORD003547,P0022,1,
OI0001967,ORD000243,P0008,3,
OI0001968,ORD004741,P0010,1,
OI0001969,ORD004741,P0026,1,
OI0001970,ORD002332,P0012,1,
OI0001971,ORD002332,P0013,2,
OI0001972,ORD000145,P0021,2,
OI0001973,ORD000145,P0008,1,
OI0001974,ORD002869,P0010,2,
OI0001975,ORD002869,P0023,3,
OI0001976,ORD002869,P0009,1,
OI0001977,ORD002869,P0023,2,
OI0001978,ORD003184,P0024,2,
OI0001979,ORD002246,P0013,2,
OI0001980,ORD002246,P0022,1,
OI0001981,ORD002246,P0020,1,
OI0001982,ORD004386,P0018,1,
OI0001983,ORD004386,P0003,1,
OI0001984,ORD004386,P0003,-1,
OI0001985,ORD001683,P0007,2,
OI0001986,ORD001473,P0020,1,
OI0001987,ORD002007,P0012,1,
OI0001988,ORD000956,P0008,2,
OI0001989,ORD000102,P0023,1,
OI0001990,ORD003277,P0023,2,
OI0001991,ORD003776,P0012,2,
OI0001992,ORD001991,P0019,1,
OI0001993,ORD000010,P0010,1,
OI0001994,ORD001543,P0016,1,
OI0001995,ORD000021,P0008,1,
OI0001996,ORD000021,P0005,1,
OI0001997,ORD000825,P0018,-1,
OI0001998,ORD000259,P0005,1,
OI0001999,ORD000259,P0005,1,
OI0002000,ORD001194,P0001,1,
OI0002001,ORD000174,P0001,1,
OI0002002,ORD000174,P0003,2,
OI0002003,ORD000174,P0026,2,
OI0002004,ORD000174,P0022,2,
OI0002005,ORD001922,P0014,1,
OI0002006,ORD001922,P0003,2,
OI0002007,ORD001922,P0015,1,
OI0002008,ORD003995,P0025,2,
OI0002009,ORD002656,P0003,2,
OI0002010,ORD003059,P0005,1,
OI0002011,ORD003059,P0007,1,
OI0002012,ORD002025,P0019,1,
OI0002013,ORD002025,P0025,1,
OI0002014,ORD002025,P0023,2,
OI0002015,ORD002025,P0013,1,
OI0002016,ORD002042,P0003,1,
OI0002017,ORD002042,P0022,1,
OI0002018,ORD002042,P0004,1,
OI0002019,ORD004439,P0021,1,
OI0002020,ORD004439,P0014,2,
OI0002021,ORD004439,P0012,3,
OI0002022,ORD004439,P0024,1,
OI0002023,ORD000101,P0003,2,
OI0002024,ORD001822,P0005,1,
OI0002025,ORD001076,P0024,-1,
OI0002026,ORD004535,P0013,1,
OI0002027,ORD000506,P0008,2,
OI0002028,ORD000506,P0005,1,
OI0002029,ORD000506,P0009,2,
OI0002030,ORD000506,P0023,1,
OI0002031,ORD004140,P0007,1,
OI0002032,ORD004676,P0014,2,
OI0002033,ORD004676,P0014,1,
OI0002034,ORD003308,P0026,1,
OI0002035,ORD002311,P0008,1,
OI0002036,ORD002311,P0011,1,
OI0002037,ORD002346,P0021,2,
OI0002038,ORD003579,P0006,1,
OI0002039,ORD003579,P0020,1,
OI0002040,ORD003579,P0019,1,
OI0002041,ORD002915,P0006,3,
OI0002042,ORD002915,P0011,1,
OI0002043,ORD001015,P0009,1,
OI0002044,ORD001015,P0017,1,
OI0002045,ORD002721,P0024,1,
OI0002046,ORD002721,P0025,2,
OI0002047,ORD002721,P0018,1,
OI0002048,ORD001577,P0004,1,
OI0002049,ORD001577,P0026,3,
OI0002050,ORD001577,P0008,1,
OI0002051,ORD001577,P0009,1,
OI0002052,ORD003435,P0018,1,
OI0002053,ORD002545,P0023,1,
OI0002054,ORD001990,P0002,2,
OI0002055,ORD001990,P0013,1,
OI0002056,ORD004084,P0016,3,
OI0002057,ORD003606,P0019,1,
OI0002058,ORD003606,P0005,1,
OI0002059,ORD003606,P0024,1,
OI0002060,ORD004721,P0006,1,
OI0002061,ORD002941,P0013,1,
OI0002062,ORD002941,P0001,1,
OI0002063,ORD001618,P0003,1,
OI0002064,ORD001618,P0001,1,
OI0002065,ORD004404,P0019,1,
OI0002066,ORD004404,P0016,1,
OI0002067,ORD000773,P0026,1,
OI0002068,ORD003661,P0016,2,
OI0002069,ORD004918,P0019,3,
OI0002070,ORD003847,P0015,1,
OI0002071,ORD001345,P0022,1,
OI0002072,ORD003324,P0001,1,
OI0002073,ORD003324,P0017,1,
OI0002074,ORD003324,P0012,1,
OI0002075,ORD001166,P0004,1,
OI0002076,ORD001166,P0012,3,
OI0002077,ORD001166,P0010,2,
OI0002078,ORD000930,P0026,1,
OI0002079,ORD004489,P0008,1,
OI0002080,ORD000816,P0019,3,
OI0002081,ORD000816,P0021,1,
OI0002082,ORD003809,P0015,1,
OI0002083,ORD003988,P0026,1,
OI0002084,ORD003988,P0016,1,
OI0002085,ORD003988,P0017,1,
OI0002086,ORD002724,P0008,2,
OI0002087,ORD002724,P0012,2,
OI0002088,ORD000264,P0006,1,
OI0002089,ORD004745,P0015,2,
OI0002090,ORD002108,P0016,1,
OI0002091,ORD003498,P0023,1,
OI0002092,ORD000378,P0007,1,
OI0002093,ORD000793,P0024,2,
OI0002094,ORD001075,P0023,1,
OI0002095,ORD002188,P0002,1,
OI0002096,ORD002188,P0020,1,
OI0002097,ORD002188,P0018,2,
OI0002098,ORD003989,P0006,1,
OI0002099,ORD002379,P0001,-1,
OI0002100,ORD002647,P0002,1,
OI0002101,ORD001376,P0023,3,
OI0002102,ORD003450,P0021,1,
OI0002103,ORD003450,P0015,1,
OI0002104,ORD002243,P0014,2,
OI0002105,ORD000636,P0001,2,
OI0002106,ORD000636,P0004,2,
OI0002107,ORD000636,P0023,1,
OI0002108,ORD000636,P0004,1,
OI0002109,ORD001528,P0013,2,
OI0002110,ORD003479,P0001,1,
OI0002111,ORD003479,P0001,1,
OI0002112,ORD002580,P0001,1,
OI0002113,ORD002829,P0015,1,
OI0002114,ORD002590,P0026,2,
OI0002115,ORD002161,P0024,1,
OI0002116,ORD002335,P0019,3,
OI0002117,ORD003607,P0001,1,
OI0002118,ORD004795,P0001,1,
OI0002119,ORD002859,P0026,1,
OI0002120,ORD002859,P0019,3,
OI0002121,ORD000781,P0025,1,
OI0002122,ORD000781,P0011,2,
OI0002123,ORD004256,P0023,1,
OI0002124,ORD004674,P0018,3,
OI0002125,ORD004674,P0011,1,
OI0002126,ORD002702,P0021,1,
OI0002127,ORD002702,P0010,1,
OI0002128,ORD002702,P0009,2,
OI0002129,ORD002702,P0023,2,
OI0002130,ORD000261,P0006,3,
OI0002131,ORD000261,P0024,2,
OI0002132,ORD000261,P0007,1,
OI0002133,ORD000261,P0002,2,
OI0002134,ORD004902,P0025,1,
OI0002135,ORD004902,P0011,1,
OI0002136,ORD004902,P0022,1,
OI0002137,ORD003282,P0018,1,
OI0002138,ORD002300,P0003,-1,
OI0002139,ORD003537,P0008,1,
OI0002140,ORD003537,P0012,2,
OI0002141,ORD003072,P0001,2,
OI0002142,ORD003072,P0019,1,
OI0002143,ORD002362,P0026,2,
OI0002144,ORD004462,P0005,1,
OI0002145,ORD004462,P0008,1,
OI0002146,ORD004462,P0023,1,
OI0002147,ORD001290,P0024,1,
OI0002148,ORD002921,P0024,2,
OI0002149,ORD004359,P0015,1,
OI0002150,ORD004631,P0004,1,
OI0002151,ORD004631,P0026,1,
OI0002152,ORD004631,P0019,2,
OI0002153,ORD002435,P0025,1,
OI0002154,ORD002435,P0014,3,
OI0002155,ORD003993,P0025,2,
OI0002156,ORD002053,P0001,1,
OI0002157,ORD002053,P0012,3,
OI0002158,ORD002053,P0019,1,
OI0002159,ORD002053,P0002,2,
OI0002160,ORD003196,P0006,1,
OI0002161,ORD003961,P0023,1,
OI0002162,ORD003704,P0017,1,
OI0002163,ORD002169,P0003,1,
OI0002164,ORD002169,P0017,1,
OI0002165,ORD002730,P0024,1,
OI0002166,ORD002730,P0022,-1,
OI0002167,ORD001604,P0004,2,
OI0002168,ORD002667,P0019,1,
OI0002169,ORD002667,P0021,1,
OI0002170,ORD003875,P0005,1,
OI0002171,ORD003875,P0021,3,
OI0002172,ORD003875,P0011,1,
OI0002173,ORD000901,P0008,1,
OI0002174,ORD000901,P0022,1,
OI0002175,ORD000901,P0018,2,
OI0002176,ORD001092,P0005,1,
OI0002177,ORD001092,P0024,1,
OI0002178,ORD001092,P0018,2,
OI0002179,ORD004616,P0004,1,
OI0002180,ORD004616,P0025,1,
OI0002181,ORD001795,P0013,1,
OI0002182,ORD001795,P0002,2,
OI0002183,ORD003179,P0001,1,
OI0002184,ORD004268,P0019,-1,
OI0002185,ORD003802,P0021,2,
OI0002186,ORD003802,P0026,1,
OI0002187,ORD003802,P0015,1,
OI0002188,ORD003679,P0026,1,
OI0002189,ORD000721,P0015,1,
OI0002190,ORD000721,P0006,2,
OI0002191,ORD000721,P0005,1,
OI0002192,ORD000721,P0025,3,
OI0002193,ORD000087,P0025,1,
OI0002194,ORD000632,P0023,1,
OI0002195,ORD000632,P0026,2,
OI0002196,ORD000273,P0017,1,
OI0002197,ORD000273,P0020,1,
OI0002198,ORD002909,P0019,2,
OI0002199,ORD002909,P0015,2,
OI0002200,ORD002013,P0014,1,
OI0002201,ORD002013,P0011,1,
OI0002202,ORD003306,P0016,1,
OI0002203,ORD003306,P0022,-1,
OI0002204,ORD003306,P0018,1,
OI0002205,ORD004229,P0007,-1,
OI0002206,ORD003740,P0023,1,
OI0002207,ORD000002,P0004,2,
OI0002208,ORD000002,P0015,1,
OI0002209,ORD004932,P0022,1,
OI0002210,ORD004932,P0007,1,
OI0002211,ORD004932,P0001,1,
OI0002212,ORD002067,P0019,1,
OI0002213,ORD004671,P0017,1,
OI0002214,ORD004671,P0001,1,
OI0002215,ORD001555,P0020,1,
OI0002216,ORD001555,P0018,1,
OI0002217,ORD004739,P0008,1,
OI0002218,ORD004739,P0005,3,
OI0002219,ORD001699,P0007,1,
OI0002220,ORD004845,P0023,1,
OI0002221,ORD004845,P0004,1,
OI0002222,ORD003444,P0023,1,
OI0002223,ORD001130,P0009,1,
OI0002224,ORD002538,P0020,1,
OI0002225,ORD003649,P0012,1,
OI0002226,ORD003929,P0002,3,
OI0002227,ORD002751,P0004,1,
OI0002228,ORD000940,P0010,1,
OI0002229,ORD004509,P0009,2,
OI0002230,ORD002185,P0006,1,
OI0002231,ORD002122,P0020,1,
OI0002232,ORD002122,P0021,1,
OI0002233,ORD002122,P0022,2,
OI0002234,ORD002675,P0011,1,
OI0002235,ORD002675,P0024,1,
OI0002236,ORD002675,P0005,1,
OI0002237,ORD001985,P0021,1,
OI0002238,ORD001985,P0023,1,
OI0002239,ORD001985,P0012,1,
OI0002240,ORD001985,P0010,1,
OI0002241,ORD002700,P0001,3,
OI0002242,ORD004943,P0011,1,
OI0002243,ORD000441,P0007,2,
OI0002244,ORD000441,P0014,1,
OI0002245,ORD000441,P0016,1,
OI0002246,ORD000441,P0018,1,
OI0002247,ORD000766,P0007,1,
OI0002248,ORD000766,P0005,1,
OI0002249,ORD000766,P0007,1,
OI0002250,ORD001455,P0014,1,
OI0002251,ORD001965,P0008,1,
OI0002252,ORD001965,P0013,2,
OI0002253,ORD002378,P0014,2,
OI0002254,ORD002378,P0019,1,
OI0002255,ORD002378,P0022,1,
OI0002256,ORD004040,P0011,1,
OI0002257,ORD001661,P0020,1,
OI0002258,ORD003415,P0001,3,
OI0002259,ORD003415,P0003,3,
OI0002260,ORD003415,P0022,1,
OI0002261,ORD003009,P0007,1,
OI0002262,ORD004253,P0020,1,
OI0002263,ORD004403,P0006,2,
OI0002264,ORD002123,P0008,2,
OI0002265,ORD003684,P0021,2,
OI0002266,ORD003684,P0003,2,
OI0002267,ORD004620,P0026,1,
OI0002268,ORD004620,P0005,1,
OI0002269,ORD004620,P0011,1,
OI0002270,ORD003897,P0014,1,
OI0002271,ORD001291,P0005,1,
OI0002272,ORD001291,P0021,1,
OI0002273,ORD000782,P0025,1,
OI0002274,ORD001219,P0016,2,
OI0002275,ORD001219,P0018,2,
OI0002276,ORD000668,P0005,1,
OI0002277,ORD000668,P0007,1,
OI0002278,ORD000668,P0023,1,
OI0002279,ORD003798,P0001,3,
OI0002280,ORD003798,P0006,1,
OI0002281,ORD000552,P0010,1,
OI0002282,ORD000575,P0019,1,
OI0002283,ORD004104,P0014,1,
OI0002284,ORD000399,P0001,1,
OI0002285,ORD000399,P0009,1,
OI0002286,ORD000399,P0023,1,
OI0002287,ORD000863,P0006,1,
OI0002288,ORD000863,P0007,1,
OI0002289,ORD000863,P0015,1,
OI0002290,ORD000863,P0016,1,
OI0002291,ORD004588,P0015,1,
OI0002292,ORD002138,P0014,1,
OI0002293,ORD002138,P0015,1,
OI0002294,ORD000117,P0003,1,
OI0002295,ORD000117,P0020,1,
OI0002296,ORD000117,P0020,1,
OI0002297,ORD000117,P0005,1,
OI0002298,ORD002557,P0026,1,
OI0002299,ORD002557,P0017,2,
OI0002300,ORD004376,P0024,1,
OI0002301,ORD001280,P0004,1,
OI0002302,ORD003139,P0021,1,
OI0002303,ORD000274,P0024,2,
OI0002304,ORD004768,P0007,1,
OI0002305,ORD000068,P0013,1,
OI0002306,ORD000068,P0016,3,
OI0002307,ORD002350,P0003,1,
OI0002308,ORD004542,P0004,2,
OI0002309,ORD004003,P0005,1,
OI0002310,ORD004003,P0012,1,
OI0002311,ORD004003,P0012,1,
OI0002312,ORD004003,P0009,1,
OI0002313,ORD000803,P0019,1,
OI0002314,ORD003811,P0009,1,
OI0002315,ORD003811,P0017,1,
OI0002316,ORD002114,P0001,1,
OI0002317,ORD002746,P0016,2,
OI0002318,ORD002746,P0004,1,
OI0002319,ORD003158,P0004,2,
OI0002320,ORD001651,P0002,1,
OI0002321,ORD001651,P0008,1,
OI0002322,ORD001651,P0018,1,
OI0002323,ORD002931,P0015,1,
OI0002324,ORD002931,P0021,3,
OI0002325,ORD002786,P0011,3,
OI0002326,ORD002786,P0003,1,
OI0002327,ORD001214,P0002,1,
OI0002328,ORD001214,P0002,2,
OI0002329,ORD001214,P0016,1,
OI0002330,ORD001505,P0001,1,
OI0002331,ORD001505,P0005,1,
OI0002332,ORD004605,P0022,2,
OI0002333,ORD003910,P0020,1,
OI0002334,ORD003910,P0003,1,
OI0002335,ORD004827,P0016,1,
OI0002336,ORD004827,P0020,2,
OI0002337,ORD002745,P0022,1,
OI0002338,ORD002745,P0022,2,
OI0002339,ORD000182,P0020,1,
OI0002340,ORD001709,P0015,2,
OI0002341,ORD001709,P0009,2,
OI0002342,ORD001293,P0022,1,
OI0002343,ORD002917,P0022,1,
OI0002344,ORD002917,P0002,1,
OI0002345,ORD003945,P0025,2,
OI0002346,ORD002080,P0026,2,
OI0002347,ORD004456,P0007,1,
OI0002348,ORD001158,P0025,1,
OI0002349,ORD001158,P0015,2,
OI0002350,ORD001158,P0026,2,
OI0002351,ORD001158,P0024,1,
OI0002352,ORD001755,P0013,1,
OI0002353,ORD001755,P0024,1,
OI0002354,ORD003670,P0017,1,
OI0002355,ORD003670,P0016,2,
OI0002356,ORD003670,P0026,2,
OI0002357,ORD004113,P0026,1,
OI0002358,ORD004113,P0010,1,
OI0002359,ORD002358,P0009,1,
OI0002360,ORD002358,P0020,1,
OI0002361,ORD001058,P0026,1,
OI0002362,ORD001058,P0013,1,
OI0002363,ORD001058,P0024,1,
OI0002364,ORD001058,P0012,1,
OI0002365,ORD000302,P0020,1,
OI0002366,ORD001508,P0012,2,
OI0002367,ORD001478,P0024,1,
OI0002368,ORD001478,P0004,3,
OI0002369,ORD001478,P0003,1,
OI0002370,ORD001478,P0002,3,
OI0002371,ORD001353,P0003,3,
OI0002372,ORD001353,P0009,1,
OI0002373,ORD001353,P0014,2,
OI0002374,ORD001496,P0024,1,
OI0002375,ORD001496,P0008,2,
OI0002376,ORD003613,P0019,1,
OI0002377,ORD002496,P0022,1,
OI0002378,ORD000613,P0023,3,
OI0002379,ORD000613,P0018,1,
OI0002380,ORD003353,P0005,1,
OI0002381,ORD003353,P0014,1,
OI0002382,ORD003353,P0012,1,
OI0002383,ORD001334,P0005,1,
OI0002384,ORD001334,P0011,1,
OI0002385,ORD002323,P0017,2,
OI0002386,ORD002323,P0016,3,
OI0002387,ORD002323,P0018,2,
OI0002388,ORD003010,P0003,2,
OI0002389,ORD001929,P0022,1,
OI0002390,ORD001231,P0010,1,
OI0002391,ORD000340,P0015,3,
OI0002392,ORD000340,P0016,2,
OI0002393,ORD001083,P0026,2,
OI0002394,ORD001083,P0003,1,
OI0002395,ORD002429,P0011,1,
OI0002396,ORD002405,P0005,1,
OI0002397,ORD000327,P0014,1,
OI0002398,ORD003390,P0015,1,
OI0002399,ORD003390,P0018,1,
OI0002400,ORD002366,P0009,1,
OI0002401,ORD001312,P0010,3,
OI0002402,ORD003414,P0020,3,
OI0002403,ORD003901,P0023,-1,
OI0002404,ORD003901,P0014,-1,
OI0002405,ORD003901,P0001,1,
OI0002406,ORD003379,P0023,1,
OI0002407,ORD001289,P0023,1,
OI0002408,ORD003960,P0017,1,
OI0002409,ORD003960,P0004,1,
OI0002410,ORD003960,P0009,2,
OI0002411,ORD003974,P0016,1,
OI0002412,ORD003974,P0014,2,
OI0002413,ORD002578,P0003,-1,
OI0002414,ORD003470,P0005,2,
OI0002415,ORD003470,P0023,3,
OI0002416,ORD003470,P0002,3,
OI0002417,ORD000914,P0014,1,
OI0002418,ORD003831,P0011,3,
OI0002419,ORD003164,P0023,1,
OI0002420,ORD002151,P0008,1,
OI0002421,ORD003384,P0006,2,
OI0002422,ORD003384,P0021,2,
OI0002423,ORD003384,P0016,1,
OI0002424,ORD003384,P0014,1,
OI0002425,ORD000320,P0012,1,
OI0002426,ORD004176,P0004,1,
OI0002427,ORD004176,P0003,1,
OI0002428,ORD002097,P0006,1,
OI0002429,ORD000975,P0002,3,
OI0002430,ORD000975,P0014,1,
OI0002431,ORD001894,P0020,2,
OI0002432,ORD003256,P0008,1,
OI0002433,ORD003064,P0003,1,
OI0002434,ORD003064,P0001,1,
OI0002435,ORD003064,P0018,1,
OI0002436,ORD002299,P0006,3,
OI0002437,ORD000004,P0014,1,
OI0002438,ORD000004,P0011,2,
OI0002439,ORD000673,P0023,1,
OI0002440,ORD001886,P0017,2,
OI0002441,ORD004971,P0010,1,
OI0002442,ORD004971,P0002,1,
OI0002443,ORD004971,P0002,1,
OI0002444,ORD004931,P0006,2,
OI0002445,ORD004931,P0018,1,
OI0002446,ORD004931,P0015,1,
OI0002447,ORD000291,P0007,2,
OI0002448,ORD000291,P0001,1,
OI0002449,ORD000291,P0014,3,
OI0002450,ORD001348,P0005,2,
OI0002451,ORD001348,P0024,1,
OI0002452,ORD001348,P0013,1,
OI0002453,ORD001348,P0018,2,
OI0002454,ORD001996,P0005,1,
OI0002455,ORD004339,P0024,1,
OI0002456,ORD004339,P0001,1,
OI0002457,ORD004339,P0016,1,
OI0002458,ORD004339,P0008,2,
OI0002459,ORD001333,P0024,1,
OI0002460,ORD000778,P0008,1,
OI0002461,ORD000778,P0021,1,
OI0002462,ORD000211,P0021,2,
OI0002463,ORD000211,P0016,1,
OI0002464,ORD004002,P0021,1,
OI0002465,ORD003369,P0016,1,
OI0002466,ORD003369,P0025,1,
OI0002467,ORD003369,P0009,1,
OI0002468,ORD001081,P0019,1,
OI0002469,ORD004696,P0015,1,
OI0002470,ORD002081,P0006,1,
OI0002471,ORD002081,P0026,1,
OI0002472,ORD002081,P0001,1,
OI0002473,ORD000234,P0025,2,
OI0002474,ORD004048,P0010,3,
OI0002475,ORD003008,P0023,1,
OI0002476,ORD003008,P0019,2,
OI0002477,ORD001359,P0021,1,
OI0002478,ORD001359,P0004,1,
OI0002479,ORD001359,P0016,3,
OI0002480,ORD001359,P0018,2,
OI0002481,ORD002815,P0014,1,
OI0002482,ORD002815,P0010,1,
OI0002483,ORD001313,P0013,2,
OI0002484,ORD004572,P0020,1,
OI0002485,ORD003894,P0022,3,
OI0002486,ORD000792,P0016,2,
OI0002487,ORD000792,P0007,1,
OI0002488,ORD001955,P0023,1,
OI0002489,ORD001955,P0018,1,
OI0002490,ORD001955,P0012,1,
OI0002491,ORD002716,P0001,1,
OI0002492,ORD000966,P0022,1,
OI0002493,ORD001694,P0019,1,
OI0002494,ORD001694,P0009,3,
OI0002495,ORD000229,P0014,1,
OI0002496,ORD004005,P0002,1,
OI0002497,ORD000955,P0008,1,
OI0002498,ORD000155,P0024,3,
OI0002499,ORD001390,P0013,1,
OI0002500,ORD001390,P0008,1,
OI0002501,ORD001390,P0014,1,
OI0002502,ORD004917,P0018,2,
OI0002503,ORD004917,P0003,1,
OI0002504,ORD004917,P0022,1,
OI0002505,ORD003608,P0007,1,
OI0002506,ORD003608,P0026,1,
OI0002507,ORD003608,P0013,1,
OI0002508,ORD001655,P0016,1,
OI0002509,ORD001655,P0025,1,
OI0002510,ORD002577,P0012,1,
OI0002511,ORD002577,P0022,1,
OI0002512,ORD002577,P0015,1,
OI0002513,ORD000503,P0012,3,
OI0002514,ORD000503,P0011,1,
OI0002515,ORD000503,P0020,1,
OI0002516,ORD002459,P0011,1,
OI0002517,ORD000570,P0013,1,
OI0002518,ORD000570,P0023,1,
OI0002519,ORD001050,P0012,2,
OI0002520,ORD001150,P0003,1,
OI0002521,ORD004228,P0023,1,
OI0002522,ORD004228,P0024,2,
OI0002523,ORD004228,P0012,1,
OI0002524,ORD003152,P0022,2,
OI0002525,ORD003152,P0021,3,
OI0002526,ORD003152,P0006,2,
OI0002527,ORD003549,P0004,2,
OI0002528,ORD003549,P0020,1,
OI0002529,ORD001087,P0012,1,
OI0002530,ORD004803,P0002,2,
OI0002531,ORD000530,P0005,1,
OI0002532,ORD000530,P0013,2,
OI0002533,ORD000530,P0009,1,
OI0002534,ORD001682,P0018,1,
OI0002535,ORD001682,P0002,1,
OI0002536,ORD003165,P0008,1,
OI0002537,ORD003165,P0003,2,
OI0002538,ORD000389,P0010,1,
OI0002539,ORD000900,P0025,1,
OI0002540,ORD000900,P0010,1,
OI0002541,ORD001970,P0009,1,
OI0002542,ORD003841,P0018,3,
OI0002543,ORD001264,P0006,1,
OI0002544,ORD001264,P0019,1,
OI0002545,ORD001264,P0019,1,
OI0002546,ORD003629,P0016,1,
OI0002547,ORD003629,P0009,1,
OI0002548,ORD003629,P0026,3,
OI0002549,ORD003090,P0010,1,
OI0002550,ORD002131,P0003,3,
OI0002551,ORD002131,P0026,1,
OI0002552,ORD002131,P0026,1,
OI0002553,ORD004197,P0009,2,
OI0002554,ORD004197,P0023,1,
OI0002555,ORD004197,P0003,1,
OI0002556,ORD004197,P0020,2,
OI0002557,ORD002846,P0015,1,
OI0002558,ORD002846,P0014,1,
OI0002559,ORD003482,P0005,1,
OI0002560,ORD004841,P0006,1,
OI0002561,ORD004024,P0017,1,
OI0002562,ORD004024,P0008,1,
OI0002563,ORD001159,P0018,1,
OI0002564,ORD001159,P0020,1,
OI0002565,ORD001159,P0020,1,
OI0002566,ORD000735,P0003,1,
OI0002567,ORD000735,P0022,1,
OI0002568,ORD002583,P0004,2,
OI0002569,ORD002207,P0019,1,
OI0002570,ORD002207,P0005,1,
OI0002571,ORD002694,P0018,2,
OI0002572,ORD003118,P0005,1,
OI0002573,ORD003933,P0013,1,
OI0002574,ORD003933,P0010,3,
OI0002575,ORD003933,P0023,2,
OI0002576,ORD004921,P0003,1,
OI0002577,ORD004921,P0021,1,
OI0002578,ORD004921,P0018,3,
OI0002579,ORD001408,P0017,2,
OI0002580,ORD001562,P0001,1,
OI0002581,ORD000670,P0001,2,
OI0002582,ORD000670,P0008,1,
OI0002583,ORD004545,P0014,1,
OI0002584,ORD004545,P0016,1,
OI0002585,ORD002914,P0013,1,
OI0002586,ORD003934,P0012,2,
OI0002587,ORD002402,P0021,1,
OI0002588,ORD002402,P0008,1,
OI0002589,ORD004758,P0004,1,
OI0002590,ORD004758,P0007,1,
OI0002591,ORD001407,P0003,1,
OI0002592,ORD001407,P0022,2,
OI0002593,ORD004856,P0023,2,
OI0002594,ORD001212,P0007,2,
OI0002595,ORD001212,P0019,1,
OI0002596,ORD001212,P0025,1,
OI0002597,ORD001212,P0014,1,
OI0002598,ORD002498,P0020,1,
OI0002599,ORD003463,P0013,1,
OI0002600,ORD003463,P0020,1,
OI0002601,ORD000423,P0008,1,
OI0002602,ORD000423,P0015,1,
OI0002603,ORD000423,P0016,1,
OI0002604,ORD000423,P0022,1,
OI0002605,ORD002748,P0019,1,
OI0002606,ORD002748,P0003,1,
OI0002607,ORD003478,P0008,1,
OI0002608,ORD000598,P0026,2,
OI0002609,ORD000598,P0011,2,
OI0002610,ORD000598,P0025,1,
OI0002611,ORD001203,P0023,1,
OI0002612,ORD001203,P0007,1,
OI0002613,ORD004623,P0011,1,
OI0002614,ORD003422,P0017,2,
OI0002615,ORD001251,P0023,1,
OI0002616,ORD001251,P0012,1,
OI0002617,ORD001685,P0011,-1,
OI0002618,ORD000867,P0004,2,
OI0002619,ORD000867,P0014,2,
OI0002620,ORD003185,P0017,2,
OI0002621,ORD003185,P0025,2,
OI0002622,ORD003185,P0014,1,
OI0002623,ORD002640,P0023,1,
OI0002624,ORD000938,P0021,1,
OI0002625,ORD000938,P0008,1,
OI0002626,ORD004106,P0014,1,
OI0002627,ORD004106,P0012,1,
OI0002628,ORD001963,P0009,1,
OI0002629,ORD001963,P0024,1,
OI0002630,ORD001963,P0023,1,
OI0002631,ORD000478,P0003,1,
OI0002632,ORD000418,P0011,1,
OI0002633,ORD000662,P0013,1,
OI0002634,ORD002106,P0001,1,
OI0002635,ORD002106,P0004,2,
OI0002636,ORD000858,P0012,1,
OI0002637,ORD000858,P0018,1,
OI0002638,ORD002451,P0013,2,
OI0002639,ORD001151,P0004,1,
OI0002640,ORD001151,P0013,3,
OI0002641,ORD003603,P0003,1,
OI0002642,ORD003603,P0020,1,
OI0002643,ORD003603,P0024,2,
OI0002644,ORD004045,P0023,1,
OI0002645,ORD000328,P0009,1,
OI0002646,ORD002189,P0013,1,
OI0002647,ORD002189,P0009,3,
OI0002648,ORD002189,P0025,3,
OI0002649,ORD002189,P0008,1,
OI0002650,ORD003714,P0001,1,
OI0002651,ORD001902,P0021,1,
OI0002652,ORD001902,P0009,-1,
OI0002653,ORD000165,P0014,2,
OI0002654,ORD002775,P0001,2,
OI0002655,ORD002795,P0021,3,
OI0002656,ORD002795,P0005,1,
OI0002657,ORD002795,P0005,3,
OI0002658,ORD002795,P0017,1,
OI0002659,ORD002695,P0022,1,
OI0002660,ORD002695,P0004,1,
OI0002661,ORD002695,P0024,3,
OI0002662,ORD001191,P0007,1,
OI0002663,ORD001191,P0017,1,
OI0002664,ORD001191,P0012,1,
OI0002665,ORD003998,P0011,2,
OI0002666,ORD003998,P0021,1,
OI0002667,ORD003998,P0026,1,
OI0002668,ORD004078,P0020,1,
OI0002669,ORD004078,P0014,1,
OI0002670,ORD003848,P0004,1,
OI0002671,ORD001919,P0009,2,
OI0002672,ORD001919,P0025,2,
OI0002673,ORD002698,P0017,1,
OI0002674,ORD002413,P0024,3,
OI0002675,ORD000334,P0023,1,
OI0002676,ORD000824,P0011,2,
OI0002677,ORD000824,P0019,1,
OI0002678,ORD000824,P0023,1,
OI0002679,ORD002616,P0012,1,
OI0002680,ORD002616,P0020,2,
OI0002681,ORD000126,P0005,2,
OI0002682,ORD002116,P0016,2,
OI0002683,ORD002116,P0023,3,
OI0002684,ORD003293,P0011,1,
OI0002685,ORD002575,P0024,2,
OI0002686,ORD004903,P0003,1,
OI0002687,ORD004903,P0015,1,
OI0002688,ORD004592,P0026,1,
OI0002689,ORD004592,P0025,1,
OI0002690,ORD004760,P0004,2,
OI0002691,ORD002604,P0006,1,
OI0002692,ORD002604,P0024,1,
OI0002693,ORD004603,P0022,2,
OI0002694,ORD001117,P0015,1,
OI0002695,ORD001727,P0023,1,
OI0002696,ORD001434,P0013,3,
OI0002697,ORD003892,P0009,2,
OI0002698,ORD001149,P0010,1,
OI0002699,ORD001149,P0003,1,
OI0002700,ORD001149,P0010,1,
OI0002701,ORD002310,P0026,1,
OI0002702,ORD002310,P0023,1,
OI0002703,ORD002005,P0018,1,
OI0002704,ORD002005,P0007,1,
OI0002705,ORD002005,P0022,1,
OI0002706,ORD002005,P0016,2,
OI0002707,ORD003440,P0019,-1,
OI0002708,ORD003440,P0004,1,
OI0002709,ORD000933,P0011,1,
OI0002710,ORD002895,P0016,1,
OI0002711,ORD002895,P0003,1,
OI0002712,ORD002895,P0018,1,
OI0002713,ORD002895,P0024,2,
OI0002714,ORD004094,P0015,3,
OI0002715,ORD004094,P0022,2,
OI0002716,ORD003123,P0024,3,
OI0002717,ORD000283,P0004,-1,
OI0002718,ORD000283,P0004,1,
OI0002719,ORD001671,P0013,2,
OI0002720,ORD002875,P0019,2,
OI0002721,ORD004090,P0015,1,
OI0002722,ORD004090,P0010,1,
OI0002723,ORD004224,P0016,1,
OI0002724,ORD004224,P0024,2,
OI0002725,ORD004224,P0022,1,
OI0002726,ORD002852,P0011,3,
OI0002727,ORD002852,P0006,1,
OI0002728,ORD000661,P0010,1,
OI0002729,ORD000661,P0024,1,
OI0002730,ORD000645,P0004,1,
OI0002731,ORD000645,P0011,1,
OI0002732,ORD002227,P0003,2,
OI0002733,ORD003217,P0001,1,
OI0002734,ORD003217,P0006,2,
OI0002735,ORD000819,P0019,1,
OI0002736,ORD000819,P0014,1,
OI0002737,ORD001749,P0018,1,
OI0002738,ORD001549,P0018,-1,
OI0002739,ORD001549,P0019,1,
OI0002740,ORD001549,P0012,1,
OI0002741,ORD002537,P0022,1,
OI0002742,ORD004553,P0001,2,
OI0002743,ORD004553,P0007,1,
OI0002744,ORD003025,P0025,2,
OI0002745,ORD003475,P0002,2,
OI0002746,ORD004260,P0017,1,
OI0002747,ORD004260,P0025,2,
OI0002748,ORD004096,P0014,2,
OI0002749,ORD004096,P0019,1,
OI0002750,ORD001393,P0026,2,
OI0002751,ORD001393,P0002,1,
OI0002752,ORD001393,P0017,1,
OI0002753,ORD004859,P0022,1,
OI0002754,ORD004859,P0014,1,
OI0002755,ORD000419,P0014,3,
OI0002756,ORD004446,P0002,2,
OI0002757,ORD001792,P0009,2,
OI0002758,ORD001792,P0013,1,
OI0002759,ORD004177,P0012,1,
OI0002760,ORD004011,P0006,1,
OI0002761,ORD004011,P0015,-1,
OI0002762,ORD003073,P0012,1,
OI0002763,ORD002281,P0010,1,
OI0002764,ORD001953,P0006,1,
OI0002765,ORD001225,P0008,1,
OI0002766,ORD001225,P0005,2,
OI0002767,ORD001385,P0009,1,
OI0002768,ORD001385,P0012,3,
OI0002769,ORD001385,P0008,1,
OI0002770,ORD001385,P0020,3,
OI0002771,ORD000675,P0015,2,
OI0002772,ORD000675,P0009,2,
OI0002773,ORD000675,P0002,2,
OI0002774,ORD000675,P0008,1,
OI0002775,ORD004477,P0021,1,
OI0002776,ORD003781,P0012,1,
OI0002777,ORD003781,P0011,2,
OI0002778,ORD000447,P0019,1,
OI0002779,ORD000447,P0001,1,
OI0002780,ORD003808,P0007,1,
OI0002781,ORD003808,P0025,1,
OI0002782,ORD003808,P0007,1,
OI0002783,ORD000883,P0009,1,
OI0002784,ORD001039,P0013,1,
OI0002785,ORD004639,P0015,1,
OI0002786,ORD004639,P0026,2,
OI0002787,ORD001041,P0006,1,
OI0002788,ORD003474,P0002,1,
OI0002789,ORD001049,P0025,2,
OI0002790,ORD001580,P0018,1,
OI0002791,ORD004232,P0009,3,
OI0002792,ORD004232,P0002,1,
OI0002793,ORD001982,P0007,1,
OI0002794,ORD002391,P0021,1,
OI0002795,ORD002391,P0026,1,
OI0002796,ORD004570,P0021,2,
OI0002797,ORD004797,P0016,2,
OI0002798,ORD001316,P0015,1,
OI0002799,ORD001177,P0023,1,
OI0002800,ORD001177,P0012,2,
OI0002801,ORD003876,P0014,1,
OI0002802,ORD004649,P0021,1,
OI0002803,ORD000862,P0012,1,
OI0002804,ORD000862,P0024,2,
OI0002805,ORD000862,P0005,1,
OI0002806,ORD004757,P0026,1,
OI0002807,ORD004757,P0020,1,
OI0002808,ORD001506,P0007,2,
OI0002809,ORD001819,P0021,3,
OI0002810,ORD004970,P0017,1,
OI0002811,ORD002170,P0005,1,
OI0002812,ORD002170,P0018,1,
OI0002813,ORD002983,P0020,1,
OI0002814,ORD002057,P0022,1,
OI0002815,ORD000965,P0003,1,
OI0002816,ORD000965,P0001,1,
OI0002817,ORD000829,P0025,1,
OI0002818,ORD000829,P0022,1,
OI0002819,ORD000046,P0003,1,
OI0002820,ORD004707,P0001,1,
OI0002821,ORD003043,P0021,1,
OI0002822,ORD003043,P0021,1,
OI0002823,ORD003043,P0002,1,
OI0002824,ORD000902,P0016,1,
OI0002825,ORD000902,P0003,2,
OI0002826,ORD000902,P0019,1,
OI0002827,ORD000902,P0018,1,
OI0002828,ORD001321,P0024,1,
OI0002829,ORD001321,P0024,1,
OI0002830,ORD002347,P0005,2,
OI0002831,ORD001705,P0011,1,
OI0002832,ORD000056,P0022,1,
OI0002833,ORD003823,P0014,1,
OI0002834,ORD003823,P0020,1,
OI0002835,ORD001974,P0001,1,
OI0002836,ORD001974,P0019,1,
OI0002837,ORD001043,P0012,1,
OI0002838,ORD004306,P0003,1,
OI0002839,ORD000871,P0002,1,
OI0002840,ORD001810,P0005,2,
OI0002841,ORD002680,P0013,1,
OI0002842,ORD002680,P0008,1,
OI0002843,ORD002680,P0006,1,
OI0002844,ORD000508,P0007,2,
OI0002845,ORD000508,P0006,1,
OI0002846,ORD001446,P0017,1,
OI0002847,ORD000467,P0003,1,
OI0002848,ORD000467,P0013,1,
OI0002849,ORD003849,P0020,1,
OI0002850,ORD002061,P0024,3,
OI0002851,ORD003552,P0024,1,
OI0002852,ORD001800,P0015,2,
OI0002853,ORD001800,P0018,2,
OI0002854,ORD001800,P0021,1,
OI0002855,ORD002832,P0020,1,
OI0002856,ORD002832,P0009,1,
OI0002857,ORD002807,P0026,2,
OI0002858,ORD002807,P0022,1,
OI0002859,ORD002891,P0014,1,
OI0002860,ORD000484,P0022,1,
OI0002861,ORD000484,P0018,1,
OI0002862,ORD002699,P0008,2,
OI0002863,ORD002699,P0014,1,
OI0002864,ORD002280,P0016,2,
OI0002865,ORD002623,P0018,1,
OI0002866,ORD002623,P0018,2,
OI0002867,ORD002623,P0024,2,
OI0002868,ORD002623,P0023,1,
OI0002869,ORD001152,P0022,1,
OI0002870,ORD001152,P0014,1,
OI0002871,ORD003153,P0015,1,
OI0002872,ORD003153,P0010,2,
OI0002873,ORD004997,P0025,1,
OI0002874,ORD004997,P0008,3,
OI0002875,ORD002344,P0012,1,
OI0002876,ORD002344,P0013,1,
OI0002877,ORD002344,P0020,1,
OI0002878,ORD000084,P0011,1,
OI0002879,ORD004805,P0019,1,
OI0002880,ORD004805,P0022,1,
OI0002881,ORD002994,P0021,1,
OI0002882,ORD002994,P0008,1,
OI0002883,ORD003176,P0017,1,
OI0002884,ORD003260,P0006,2,
OI0002885,ORD003260,P0022,1,
OI0002886,ORD003260,P0002,2,
OI0002887,ORD003260,P0017,1,
OI0002888,ORD000226,P0010,1,
OI0002889,ORD004244,P0010,1,
OI0002890,ORD000342,P0009,1,
OI0002891,ORD001425,P0019,1,
OI0002892,ORD001425,P0024,2,
OI0002893,ORD004288,P0004,2,
OI0002894,ORD000928,P0024,1,
OI0002895,ORD000928,P0022,1,
OI0002896,ORD002665,P0026,1,
OI0002897,ORD003207,P0003,1,
OI0002898,ORD003207,P0021,1,
OI0002899,ORD003207,P0026,2,
OI0002900,ORD000069,P0008,1,
OI0002901,ORD000069,P0012,1,
OI0002902,ORD003439,P0022,1,
OI0002903,ORD003439,P0004,2,
OI0002904,ORD001248,P0001,2,
OI0002905,ORD004436,P0026,2,
OI0002906,ORD004436,P0007,2,
OI0002907,ORD003795,P0001,1,
OI0002908,ORD003795,P0010,2,
OI0002909,ORD003795,P0015,1,
OI0002910,ORD003795,P0018,1,
OI0002911,ORD003102,P0024,3,
OI0002912,ORD003007,P0020,1,
OI0002913,ORD003007,P0019,1,
OI0002914,ORD002446,P0024,1,
OI0002915,ORD002446,P0012,1,
OI0002916,ORD003601,P0024,2,
OI0002917,ORD003601,P0008,2,
OI0002918,ORD001422,P0003,1,
OI0002919,ORD001422,P0026,1,
OI0002920,ORD000609,P0001,1,
OI0002921,ORD004838,P0007,2,
OI0002922,ORD000754,P0018,3,
OI0002923,ORD000754,P0026,2,
OI0002924,ORD000754,P0012,1,
OI0002925,ORD003161,P0020,1,
OI0002926,ORD003161,P0005,3,
OI0002927,ORD003163,P0003,2,
OI0002928,ORD003163,P0009,1,
OI0002929,ORD003163,P0006,3,
OI0002930,ORD003712,P0025,2,
OI0002931,ORD003712,P0002,1,
OI0002932,ORD003712,P0007,1,
OI0002933,ORD004571,P0016,1,
OI0002934,ORD004571,P0017,1,
OI0002935,ORD004571,P0013,1,
OI0002936,ORD000828,P0013,1,
OI0002937,ORD000828,P0003,1,
OI0002938,ORD002842,P0014,2,
OI0002939,ORD002842,P0024,1,
OI0002940,ORD002842,P0002,1,
OI0002941,ORD002842,P0002,-1,
OI0002942,ORD001547,P0003,1,
OI0002943,ORD001547,P0016,1,
OI0002944,ORD001547,P0006,1,
OI0002945,ORD004287,P0021,1,
OI0002946,ORD001392,P0024,1,
OI0002947,ORD000270,P0008,2,
OI0002948,ORD000270,P0020,2,
OI0002949,ORD002104,P0006,1,
OI0002950,ORD004952,P0025,1,
OI0002951,ORD004952,P0024,3,
OI0002952,ORD005000,P0008,1,
OI0002953,ORD005000,P0010,2,
OI0002954,ORD004784,P0022,1,
OI0002955,ORD002450,P0004,2,
OI0002956,ORD002450,P0019,2,
OI0002957,ORD002450,P0021,1,
OI0002958,ORD002450,P0025,1,
OI0002959,ORD002639,P0012,1,
OI0002960,ORD002639,P0006,1,
OI0002961,ORD002639,P0005,2,
OI0002962,ORD002639,P0007,2,
OI0002963,ORD003944,P0025,1,
OI0002964,ORD003944,P0023,2,
OI0002965,ORD001111,P0024,2,
OI0002966,ORD003572,P0018,2,
OI0002967,ORD000769,P0004,1,
OI0002968,ORD002691,P0008,1,
OI0002969,ORD002691,P0019,1,
OI0002970,ORD002201,P0001,2,
OI0002971,ORD002201,P0001,1,
OI0002972,ORD002201,P0026,2,
OI0002973,ORD002160,P0017,1,
OI0002974,ORD002160,P0005,1,
OI0002975,ORD002160,P0015,1,
OI0002976,ORD002156,P0008,1,
OI0002977,ORD002156,P0021,1,
OI0002978,ORD004315,P0002,1,
OI0002979,ORD004315,P0005,1,
OI0002980,ORD003173,P0022,1,
OI0002981,ORD003426,P0015,3,
OI0002982,ORD003426,P0021,1,
OI0002983,ORD001071,P0007,1,
OI0002984,ORD001035,P0013,2,
OI0002985,ORD000934,P0026,1,
OI0002986,ORD000934,P0002,1,
OI0002987,ORD000934,P0010,1,
OI0002988,ORD002776,P0004,1,
OI0002989,ORD002776,P0010,1,
OI0002990,ORD002923,P0019,3,
OI0002991,ORD002923,P0005,3,
OI0002992,ORD000193,P0020,2,
OI0002993,ORD004391,P0025,1,
OI0002994,ORD002585,P0013,1,
OI0002995,ORD002585,P0025,1,
OI0002996,ORD001301,P0026,3,
OI0002997,ORD003213,P0021,-1,
OI0002998,ORD003213,P0022,1,
OI0002999,ORD003244,P0012,1,
OI0003000,ORD002957,P0022,1,
OI0003001,ORD002957,P0006,1,
OI0003002,ORD002971,P0005,1,
OI0003003,ORD002971,P0023,3,
OI0003004,ORD002971,P0011,1,
OI0003005,ORD004515,P0005,1,
OI0003006,ORD001377,P0001,1,
OI0003007,ORD001377,P0024,2,
OI0003008,ORD001377,P0020,1,
OI0003009,ORD000537,P0006,1,
OI0003010,ORD003225,P0025,1,
OI0003011,ORD001093,P0008,1,
OI0003012,ORD001093,P0025,1,
OI0003013,ORD001093,P0024,1,
OI0003014,ORD003858,P0001,1,
OI0003015,ORD003858,P0020,1,
OI0003016,ORD003858,P0022,1,
OI0003017,ORD000452,P0023,1,
OI0003018,ORD000452,P0020,1,
OI0003019,ORD001799,P0009,3,
OI0003020,ORD001799,P0024,1,
OI0003021,ORD001799,P0004,2,
OI0003022,ORD004399,P0026,1,
OI0003023,ORD004399,P0001,2,
OI0003024,ORD000067,P0017,1,
OI0003025,ORD000067,P0023,3,
OI0003026,ORD001635,P0021,1,
OI0003027,ORD001635,P0016,1,
OI0003028,ORD002510,P0010,1,
OI0003029,ORD002510,P0005,1,
OI0003030,ORD004513,P0005,1,
OI0003031,ORD004513,P0007,1,
OI0003032,ORD004513,P0019,2,
OI0003033,ORD002550,P0017,1,
OI0003034,ORD002550,P0001,3,
OI0003035,ORD003967,P0005,2,
OI0003036,ORD003967,P0006,3,
OI0003037,ORD001598,P0025,1,
OI0003038,ORD000658,P0022,1,
OI0003039,ORD000658,P0017,1,
OI0003040,ORD000658,P0010,2,
OI0003041,ORD003818,P0014,1,
OI0003042,ORD003818,P0023,1,
OI0003043,ORD003818,P0017,3,
OI0003044,ORD004769,P0016,2,
OI0003045,ORD004769,P0005,1,
OI0003046,ORD004904,P0021,1,
OI0003047,ORD003480,P0015,3,
OI0003048,ORD002529,P0018,1,
OI0003049,ORD002529,P0002,-1,
OI0003050,ORD003814,P0018,2,
OI0003051,ORD002208,P0006,1,
OI0003052,ORD002208,P0009,1,
OI0003053,ORD002208,P0016,1,
OI0003054,ORD002208,P0013,2,
OI0003055,ORD004748,P0016,1,
OI0003056,ORD004748,P0023,1,
OI0003057,ORD000987,P0022,1,
OI0003058,ORD002336,P0003,1,
OI0003059,ORD001282,P0013,1,
OI0003060,ORD001282,P0020,1,
OI0003061,ORD000691,P0005,1,
OI0003062,ORD000691,P0004,1,
OI0003063,ORD003200,P0023,2,
OI0003064,ORD003200,P0003,1,
OI0003065,ORD003200,P0009,1,
OI0003066,ORD000466,P0026,1,
OI0003067,ORD003750,P0005,1,
OI0003068,ORD004351,P0010,1,
OI0003069,ORD003337,P0007,1,
OI0003070,ORD002484,P0016,1,
OI0003071,ORD002484,P0004,1,
OI0003072,ORD001338,P0008,2,
OI0003073,ORD003111,P0006,1,
OI0003074,ORD003111,P0020,1,
OI0003075,ORD003111,P0003,1,
OI0003076,ORD003759,P0021,1,
OI0003077,ORD003485,P0016,1,
OI0003078,ORD003485,P0023,1,
OI0003079,ORD001504,P0014,1,
OI0003080,ORD001504,P0024,1,
OI0003081,ORD004342,P0016,1,
OI0003082,ORD004342,P0002,3,
OI0003083,ORD004342,P0026,2,
OI0003084,ORD002687,P0005,1,
OI0003085,ORD002687,P0009,1,
OI0003086,ORD001897,P0017,1,
OI0003087,ORD001897,P0010,1,
OI0003088,ORD001897,P0002,3,
OI0003089,ORD003092,P0006,1,
OI0003090,ORD003532,P0018,1,
OI0003091,ORD002248,P0015,1,
OI0003092,ORD004016,P0024,2,
OI0003093,ORD002793,P0018,1,
OI0003094,ORD002793,P0015,1,
OI0003095,ORD001163,P0015,1,
OI0003096,ORD003889,P0025,1,
OI0003097,ORD001935,P0015,1,
OI0003098,ORD001935,P0023,1,
OI0003099,ORD003216,P0005,1,
OI0003100,ORD003216,P0006,2,
OI0003101,ORD002598,P0019,2,
OI0003102,ORD001725,P0014,2,
OI0003103,ORD001725,P0018,1,
OI0003104,ORD001725,P0018,2,
OI0003105,ORD000776,P0009,2,
OI0003106,ORD003772,P0001,3,
OI0003107,ORD004978,P0019,-1,
OI0003108,ORD000758,P0025,1,
OI0003109,ORD001098,P0013,1,
OI0003110,ORD001098,P0009,1,
OI0003111,ORD001583,P0007,1,
OI0003112,ORD000601,P0011,1,
OI0003113,ORD000736,P0018,1,
OI0003114,ORD000736,P0017,1,
OI0003115,ORD000339,P0012,1,
OI0003116,ORD000339,P0009,1,
OI0003117,ORD000023,P0008,1,
OI0003118,ORD001559,P0023,1,
OI0003119,ORD001168,P0008,2,
OI0003120,ORD001168,P0009,1,
OI0003121,ORD004206,P0014,2,
OI0003122,ORD003879,P0024,-1,
OI0003123,ORD003879,P0018,2,
OI0003124,ORD003879,P0023,1,
OI0003125,ORD001918,P0020,1,
OI0003126,ORD001879,P0004,1,
OI0003127,ORD001688,P0023,1,
OI0003128,ORD002525,P0013,1,
OI0003129,ORD003286,P0012,1,
OI0003130,ORD001631,P0003,1,
OI0003131,ORD001631,P0025,1,
OI0003132,ORD000687,P0003,1,
OI0003133,ORD000687,P0008,2,
OI0003134,ORD000687,P0018,1,
OI0003135,ORD000687,P0018,1,
OI0003136,ORD004278,P0026,1,
OI0003137,ORD003784,P0020,1,
OI0003138,ORD002059,P0004,1,
OI0003139,ORD002059,P0001,1,
OI0003140,ORD002059,P0003,1,
OI0003141,ORD003912,P0017,3,
OI0003142,ORD002715,P0007,1,
OI0003143,ORD004844,P0025,1,
OI0003144,ORD004844,P0019,1,
OI0003145,ORD001017,P0017,3,
OI0003146,ORD001017,P0004,2,
OI0003147,ORD001017,P0013,2,
OI0003148,ORD002726,P0015,2,
OI0003149,ORD004434,P0026,1,
OI0003150,ORD004434,P0019,3,
OI0003151,ORD004434,P0011,-1,
OI0003152,ORD000548,P0001,1,
OI0003153,ORD000548,P0020,3,
OI0003154,ORD004013,P0013,1,
OI0003155,ORD004013,P0002,1,
OI0003156,ORD000547,P0006,2,
OI0003157,ORD002251,P0008,1,
OI0003158,ORD003171,P0013,1,
OI0003159,ORD003171,P0015,-1,
OI0003160,ORD002111,P0020,-1,
OI0003161,ORD002111,P0004,1,
OI0003162,ORD002111,P0025,1,
OI0003163,ORD004514,P0020,1,
OI0003164,ORD004514,P0025,2,
OI0003165,ORD003511,P0022,1,
OI0003166,ORD000346,P0015,1,
OI0003167,ORD001807,P0024,2,
OI0003168,ORD001807,P0014,1,
OI0003169,ORD001807,P0019,1,
OI0003170,ORD003575,P0023,1,
OI0003171,ORD003575,P0021,1,
OI0003172,ORD000375,P0025,1,
OI0003173,ORD003877,P0012,1,
OI0003174,ORD003865,P0019,1,
OI0003175,ORD000354,P0007,-1,
OI0003176,ORD000354,P0014,1,
OI0003177,ORD003501,P0013,1,
OI0003178,ORD004299,P0022,1,
OI0003179,ORD004299,P0026,2,
OI0003180,ORD004299,P0012,1,
OI0003181,ORD001261,P0024,1,
OI0003182,ORD001261,P0015,1,
OI0003183,ORD002644,P0019,1,
OI0003184,ORD002644,P0015,2,
OI0003185,ORD003131,P0026,2,
OI0003186,ORD003131,P0009,2,
OI0003187,ORD003131,P0009,2,
OI0003188,ORD001734,P0005,1,
OI0003189,ORD001734,P0025,1,
OI0003190,ORD001712,P0021,1,
OI0003191,ORD001961,P0024,1,
OI0003192,ORD001961,P0013,1,
OI0003193,ORD004444,P0011,2,
OI0003194,ORD004444,P0008,1,
OI0003195,ORD000904,P0002,2,
OI0003196,ORD004170,P0008,1,
OI0003197,ORD003685,P0013,1,
OI0003198,ORD003685,P0006,2,
OI0003199,ORD002544,P0013,1,
OI0003200,ORD002777,P0009,2,
OI0003201,ORD002470,P0007,1,
OI0003202,ORD004142,P0012,1,
OI0003203,ORD003342,P0026,-1,
OI0003204,ORD003742,P0004,1,
OI0003205,ORD002816,P0012,1,
OI0003206,ORD000878,P0019,1,
OI0003207,ORD001803,P0013,1,
OI0003208,ORD003290,P0026,3,
OI0003209,ORD004173,P0002,1,
OI0003210,ORD002799,P0016,1,
OI0003211,ORD002799,P0026,1,
OI0003212,ORD002799,P0016,1,
OI0003213,ORD002799,P0011,1,
OI0003214,ORD003416,P0025,1,
OI0003215,ORD003416,P0003,1,
OI0003216,ORD003962,P0016,1,
OI0003217,ORD000599,P0022,2,
OI0003218,ORD000599,P0011,1,
OI0003219,ORD004954,P0019,2,
OI0003220,ORD004954,P0016,1,
OI0003221,ORD002968,P0008,2,
OI0003222,ORD002968,P0001,1,
OI0003223,ORD002308,P0011,1,
OI0003224,ORD000427,P0016,1,
OI0003225,ORD001419,P0026,3,
OI0003226,ORD002314,P0022,1,
OI0003227,ORD002314,P0002,1,
OI0003228,ORD000865,P0017,1,
OI0003229,ORD000865,P0014,2,
OI0003230,ORD004388,P0023,1,
OI0003231,ORD004231,P0020,1,
OI0003232,ORD004231,P0024,1,
OI0003233,ORD004231,P0004,2,
OI0003234,ORD004291,P0016,1,
OI0003235,ORD002472,P0017,3,
OI0003236,ORD002472,P0022,1,
OI0003237,ORD004972,P0008,1,
OI0003238,ORD003281,P0011,3,
OI0003239,ORD001072,P0016,1,
OI0003240,ORD001072,P0025,1,
OI0003241,ORD001072,P0026,2,
OI0003242,ORD001072,P0021,1,
OI0003243,ORD002736,P0009,1,
OI0003244,ORD002736,P0002,3,
OI0003245,ORD002736,P0017,1,
OI0003246,ORD002756,P0015,1,
OI0003247,ORD002756,P0009,1,
OI0003248,ORD001349,P0009,1,
OI0003249,ORD003030,P0014,3,
OI0003250,ORD002174,P0022,1,
OI0003251,ORD000366,P0005,1,
OI0003252,ORD004120,P0007,1,
OI0003253,ORD004120,P0015,1,
OI0003254,ORD003180,P0022,2,
OI0003255,ORD002128,P0024,3,
OI0003256,ORD000239,P0011,2,
OI0003257,ORD000239,P0017,2,
OI0003258,ORD004103,P0002,1,
OI0003259,ORD004103,P0022,1,
OI0003260,ORD004103,P0011,-1,
OI0003261,ORD004103,P0019,1,
OI0003262,ORD001674,P0021,1,
OI0003263,ORD001844,P0001,2,
OI0003264,ORD004377,P0020,1,
OI0003265,ORD000715,P0006,1,
OI0003266,ORD000715,P0021,1,
OI0003267,ORD000797,P0022,1,
OI0003268,ORD000797,P0013,1,
OI0003269,ORD000797,P0001,3,
OI0003270,ORD000204,P0008,1,
OI0003271,ORD001466,P0001,3,
OI0003272,ORD001913,P0019,1,
OI0003273,ORD001913,P0012,1,
OI0003274,ORD003080,P0006,1,
OI0003275,ORD000614,P0004,1,
OI0003276,ORD003407,P0007,1,
OI0003277,ORD003407,P0011,1,
OI0003278,ORD002277,P0022,3,
OI0003279,ORD002948,P0023,2,
OI0003280,ORD003227,P0002,1,
OI0003281,ORD000531,P0002,1,
OI0003282,ORD000531,P0002,3,
OI0003283,ORD001265,P0023,1,
OI0003284,ORD001265,P0017,1,
OI0003285,ORD004062,P0015,2,
OI0003286,ORD002112,P0024,1,
OI0003287,ORD002112,P0023,1,
OI0003288,ORD003540,P0004,1,
OI0003289,ORD004722,P0005,2,
OI0003290,ORD000841,P0005,1,
OI0003291,ORD000841,P0009,2,
OI0003292,ORD001611,P0004,1,
OI0003293,ORD001611,P0006,2,
OI0003294,ORD001611,P0012,1,
OI0003295,ORD004619,P0026,1,
OI0003296,ORD004619,P0024,1,
OI0003297,ORD004480,P0008,1,
OI0003298,ORD004480,P0017,1,
OI0003299,ORD001777,P0020,1,
OI0003300,ORD001777,P0010,1,
OI0003301,ORD003359,P0022,2,
OI0003302,ORD002989,P0010,1,
OI0003303,ORD002989,P0010,1,
OI0003304,ORD001379,P0011,2,
OI0003305,ORD001379,P0017,1,
OI0003306,ORD000457,P0023,1,
OI0003307,ORD002526,P0015,3,
OI0003308,ORD004285,P0012,2,
OI0003309,ORD004285,P0020,1,
OI0003310,ORD004285,P0025,3,
OI0003311,ORD001960,P0017,1,
OI0003312,ORD000872,P0005,1,
OI0003313,ORD000872,P0015,1,
OI0003314,ORD003209,P0015,1,
OI0003315,ORD002319,P0019,2,
OI0003316,ORD004555,P0004,1,
OI0003317,ORD004555,P0017,1,
OI0003318,ORD004555,P0010,2,
OI0003319,ORD003056,P0020,1,
OI0003320,ORD003619,P0023,1,
OI0003321,ORD002177,P0010,1,
OI0003322,ORD003183,P0014,1,
OI0003323,ORD003183,P0009,3,
OI0003324,ORD000949,P0014,1,
OI0003325,ORD002414,P0014,1,
OI0003326,ORD000667,P0012,1,
OI0003327,ORD004344,P0006,2,
OI0003328,ORD004884,P0024,2,
OI0003329,ORD002345,P0005,3,
OI0003330,ORD000725,P0022,1,
OI0003331,ORD002986,P0010,2,
OI0003332,ORD002986,P0004,1,
OI0003333,ORD002986,P0007,1,
OI0003334,ORD001077,P0002,1,
OI0003335,ORD001077,P0010,3,
OI0003336,ORD001077,P0011,1,
OI0003337,ORD002096,P0020,3,
OI0003338,ORD003766,P0014,2,
OI0003339,ORD003162,P0018,3,
OI0003340,ORD000801,P0026,3,
OI0003341,ORD002907,P0025,1,
OI0003342,ORD002907,P0017,1,
OI0003343,ORD004521,P0025,1,
OI0003344,ORD004521,P0026,2,
OI0003345,ORD004246,P0025,2,
OI0003346,ORD004246,P0010,1,
OI0003347,ORD000971,P0011,1,
OI0003348,ORD002779,P0003,1,
OI0003349,ORD002779,P0019,1,
OI0003350,ORD001722,P0013,2,
OI0003351,ORD002003,P0008,2,
OI0003352,ORD002003,P0022,1,
OI0003353,ORD004044,P0017,-1,
OI0003354,ORD004044,P0018,1,
OI0003355,ORD002250,P0002,1,
OI0003356,ORD002250,P0026,2,
OI0003357,ORD002250,P0007,1,
OI0003358,ORD002250,P0003,1,
OI0003359,ORD001404,P0006,1,
OI0003360,ORD003687,P0007,1,
OI0003361,ORD003687,P0024,1,
OI0003362,ORD004855,P0008,1,
OI0003363,ORD004855,P0002,1,
OI0003364,ORD000576,P0018,1,
OI0003365,ORD002949,P0003,1,
OI0003366,ORD002949,P0020,1,
OI0003367,ORD002949,P0010,1,
OI0003368,ORD004031,P0025,2,
OI0003369,ORD004031,P0025,1,
OI0003370,ORD000077,P0009,2,
OI0003371,ORD000077,P0026,1,
OI0003372,ORD004111,P0003,1,
OI0003373,ORD004111,P0006,2,
OI0003374,ORD004685,P0009,1,
OI0003375,ORD000295,P0001,1,
OI0003376,ORD003074,P0022,2,
OI0003377,ORD001909,P0014,1,
OI0003378,ORD001909,P0015,1,
OI0003379,ORD000044,P0022,1,
OI0003380,ORD000044,P0016,1,
OI0003381,ORD003312,P0019,1,
OI0003382,ORD002296,P0003,1,
OI0003383,ORD001424,P0020,1,
OI0003384,ORD002289,P0011,1,
OI0003385,ORD002289,P0026,1,
OI0003386,ORD001746,P0021,1,
OI0003387,ORD004211,P0005,1,
OI0003388,ORD002620,P0001,2,
OI0003389,ORD002620,P0019,2,
OI0003390,ORD001213,P0013,1,
OI0003391,ORD001213,P0022,-1,
OI0003392,ORD001213,P0017,1,
OI0003393,ORD001213,P0004,1,
OI0003394,ORD003665,P0019,2,
OI0003395,ORD003665,P0005,1,
OI0003396,ORD003665,P0025,1,
OI0003397,ORD000178,P0009,1,
OI0003398,ORD000178,P0016,1,
OI0003399,ORD004334,P0007,1,
OI0003400,ORD000950,P0002,-1,
OI0003401,ORD000950,P0022,2,
OI0003402,ORD001989,P0010,2,
OI0003403,ORD000611,P0016,1,
OI0003404,ORD000611,P0002,3,
OI0003405,ORD000611,P0026,1,
OI0003406,ORD000611,P0019,1,
OI0003407,ORD002166,P0022,2,
OI0003408,ORD002166,P0022,1,
OI0003409,ORD002166,P0022,3,
OI0003410,ORD002764,P0015,1,
OI0003411,ORD002764,P0018,1,
OI0003412,ORD002764,P0002,2,
OI0003413,ORD000364,P0005,3,
OI0003414,ORD000364,P0021,2,
OI0003415,ORD000364,P0021,1,
OI0003416,ORD001269,P0009,1,
OI0003417,ORD001269,P0014,3,
OI0003418,ORD001269,P0006,1,
OI0003419,ORD004486,P0014,1,
OI0003420,ORD002133,P0006,1,
OI0003421,ORD002133,P0010,1,
OI0003422,ORD003645,P0015,1,
OI0003423,ORD003645,P0023,1,
OI0003424,ORD003671,P0011,1,
OI0003425,ORD004560,P0017,1,
OI0003426,ORD004560,P0022,1,
OI0003427,ORD000450,P0004,1,
OI0003428,ORD004677,P0011,1,
OI0003429,ORD004677,P0003,1,
OI0003430,ORD004677,P0007,3,
OI0003431,ORD000173,P0017,2,
OI0003432,ORD000173,P0016,2,
OI0003433,ORD003710,P0006,2,
OI0003434,ORD003710,P0022,1,
OI0003435,ORD003710,P0023,1,
OI0003436,ORD003710,P0009,1,
OI0003437,ORD001511,P0013,1,
OI0003438,ORD003561,P0020,3,
OI0003439,ORD003561,P0024,2,
OI0003440,ORD003561,P0002,1,
OI0003441,ORD003947,P0017,1,
OI0003442,ORD003947,P0015,3,
OI0003443,ORD002961,P0010,1,
OI0003444,ORD002961,P0025,1,
OI0003445,ORD002961,P0020,1,
OI0003446,ORD000475,P0001,2,
OI0003447,ORD003149,P0004,3,
OI0003448,ORD003149,P0026,1,
OI0003449,ORD002811,P0007,1,
OI0003450,ORD002811,P0001,1,
OI0003451,ORD002811,P0016,2,
OI0003452,ORD002811,P0024,2,
OI0003453,ORD003730,P0003,1,
OI0003454,ORD004675,P0005,1,
OI0003455,ORD004675,P0018,1,
OI0003456,ORD004675,P0010,1,
OI0003457,ORD004540,P0004,1,
OI0003458,ORD004540,P0015,1,
OI0003459,ORD004540,P0005,1,
OI0003460,ORD003235,P0015,1,
OI0003461,ORD003235,P0026,1,
OI0003462,ORD000978,P0013,2,
OI0003463,ORD002749,P0003,3,
OI0003464,ORD000380,P0001,1,
OI0003465,ORD000398,P0011,1,
OI0003466,ORD003644,P0002,1,
OI0003467,ORD003644,P0013,1,
OI0003468,ORD003644,P0016,2,
OI0003469,ORD000740,P0004,1,
OI0003470,ORD000740,P0012,3,
OI0003471,ORD001190,P0014,1,
OI0003472,ORD001190,P0002,1,
OI0003473,ORD001190,P0001,1,
OI0003474,ORD001972,P0006,1,
OI0003475,ORD001972,P0017,1,
OI0003476,ORD000108,P0020,1,
OI0003477,ORD000108,P0006,3,
OI0003478,ORD000108,P0012,2,
OI0003479,ORD001719,P0025,1,
OI0003480,ORD001719,P0008,1,
OI0003481,ORD001719,P0012,1,
OI0003482,ORD001696,P0011,3,
OI0003483,ORD001696,P0014,1,
OI0003484,ORD000702,P0019,1,
OI0003485,ORD000702,P0005,2,
OI0003486,ORD000702,P0023,1,
OI0003487,ORD001827,P0013,1,
OI0003488,ORD005002,P0011,1,
OI0003489,ORD005002,P0022,1,
OI0003490,ORD001882,P0024,1,
OI0003491,ORD004548,P0003,1,
OI0003492,ORD004548,P0010,1,
OI0003493,ORD000001,P0002,1,
OI0003494,ORD003958,P0012,2,
OI0003495,ORD004461,P0025,1,
OI0003496,ORD003869,P0012,1,
OI0003497,ORD003869,P0007,1,
OI0003498,ORD002717,P0018,2,
OI0003499,ORD004711,P0009,1,
OI0003500,ORD004711,P0015,1,
OI0003501,ORD002222,P0015,1,
OI0003502,ORD001703,P0002,1,
OI0003503,ORD003239,P0020,1,
OI0003504,ORD003239,P0022,2,
OI0003505,ORD000808,P0021,2,
OI0003506,ORD003769,P0021,2,
OI0003507,ORD004198,P0004,1,
OI0003508,ORD003005,P0012,1,
OI0003509,ORD001241,P0023,2,
OI0003510,ORD001241,P0008,1,
OI0003511,ORD004353,P0022,1,
OI0003512,ORD004353,P0012,2,
OI0003513,ORD004353,P0019,1,
OI0003514,ORD004353,P0013,1,
OI0003515,ORD001614,P0021,1,
OI0003516,ORD000024,P0013,1,
OI0003517,ORD000024,P0016,1,
OI0003518,ORD000024,P0020,2,
OI0003519,ORD000024,P0009,2,
OI0003520,ORD001217,P0023,2,
OI0003521,ORD000359,P0012,2,
OI0003522,ORD000359,P0024,1,
OI0003523,ORD000359,P0007,3,
OI0003524,ORD000359,P0012,1,
OI0003525,ORD002750,P0013,2,
OI0003526,ORD002750,P0001,1,
OI0003527,ORD002750,P0013,1,
OI0003528,ORD002292,P0021,1,
OI0003529,ORD002292,P0005,1,
OI0003530,ORD000589,P0019,1,
OI0003531,ORD003392,P0005,3,
OI0003532,ORD002619,P0026,2,
OI0003533,ORD002619,P0003,1,
OI0003534,ORD002125,P0001,2,
OI0003535,ORD002125,P0001,-1,
OI0003536,ORD002125,P0026,1,
OI0003537,ORD004083,P0003,1,
OI0003538,ORD004083,P0019,1,
OI0003539,ORD000333,P0002,1,
OI0003540,ORD000333,P0007,-1,
OI0003541,ORD001624,P0006,1,
OI0003542,ORD000348,P0022,1,
OI0003543,ORD000348,P0017,1,
OI0003544,ORD000348,P0016,2,
OI0003545,ORD001937,P0022,1,
OI0003546,ORD003201,P0005,2,
OI0003547,ORD004135,P0014,1,
OI0003548,ORD004135,P0025,2,
OI0003549,ORD004069,P0001,3,
OI0003550,ORD001324,P0020,1,
OI0003551,ORD001324,P0023,2,
OI0003552,ORD000370,P0006,1,
OI0003553,ORD000370,P0012,2,
OI0003554,ORD000370,P0004,3,
OI0003555,ORD000370,P0012,1,
OI0003556,ORD001804,P0019,3,
OI0003557,ORD001804,P0022,1,
OI0003558,ORD004547,P0022,1,
OI0003559,ORD004547,P0012,1,
OI0003560,ORD001558,P0015,2,
OI0003561,ORD004034,P0014,1,
OI0003562,ORD004034,P0007,1,
OI0003563,ORD003483,P0004,1,
OI0003564,ORD004061,P0010,1,
OI0003565,ORD004061,P0020,1,
OI0003566,ORD004687,P0020,1,
OI0003567,ORD004687,P0011,1,
OI0003568,ORD002075,P0012,1,
OI0003569,ORD002075,P0019,1,
OI0003570,ORD004562,P0005,2,
OI0003571,ORD004799,P0002,1,
OI0003572,ORD004799,P0009,1,
OI0003573,ORD003350,P0026,1,
OI0003574,ORD001662,P0019,1,
OI0003575,ORD001662,P0007,1,
OI0003576,ORD001445,P0003,1,
OI0003577,ORD004085,P0002,1,
OI0003578,ORD004085,P0013,1,
OI0003579,ORD002430,P0026,1,
OI0003580,ORD002430,P0008,1,
OI0003581,ORD000036,P0023,1,
OI0003582,ORD001436,P0025,1,
OI0003583,ORD001436,P0016,1,
OI0003584,ORD002359,P0018,1,
OI0003585,ORD002541,P0007,1,
OI0003586,ORD002541,P0012,1,
OI0003587,ORD000652,P0026,1,
OI0003588,ORD000652,P0019,1,
OI0003589,ORD000652,P0015,1,
OI0003590,ORD000652,P0017,1,
OI0003591,ORD000692,P0008,1,
OI0003592,ORD001605,P0015,1,
OI0003593,ORD001605,P0025,1,
OI0003594,ORD004980,P0016,1,
OI0003595,ORD003678,P0019,1,
OI0003596,ORD001307,P0005,1,
OI0003597,ORD000888,P0007,1,
OI0003598,ORD000888,P0017,3,
OI0003599,ORD003502,P0016,1,
OI0003600,ORD003502,P0019,1,
OI0003601,ORD001485,P0020,1,
OI0003602,ORD000690,P0013,1,
OI0003603,ORD000690,P0012,1,
OI0003604,ORD002312,P0020,1,
OI0003605,ORD004109,P0018,1,
OI0003606,ORD001630,P0001,2,
OI0003607,ORD002388,P0013,1,
OI0003608,ORD003116,P0019,1,
OI0003609,ORD003116,P0009,1,
OI0003610,ORD002943,P0003,1,
OI0003611,ORD002943,P0005,2,
OI0003612,ORD003195,P0009,1,
OI0003613,ORD003195,P0012,1,
OI0003614,ORD002735,P0001,1,
OI0003615,ORD001958,P0018,2,
OI0003616,ORD003368,P0020,1,
OI0003617,ORD003368,P0007,3,
OI0003618,ORD001314,P0019,1,
OI0003619,ORD001314,P0015,3,
OI0003620,ORD001314,P0011,1,
OI0003621,ORD003431,P0021,1,
OI0003622,ORD003431,P0003,1,
OI0003623,ORD000787,P0010,1,
OI0003624,ORD000787,P0013,1,
OI0003625,ORD000787,P0003,2,
OI0003626,ORD004652,P0022,1,
OI0003627,ORD004950,P0011,3,
OI0003628,ORD004950,P0010,1,
OI0003629,ORD004950,P0006,1,
OI0003630,ORD003598,P0008,1,
OI0003631,ORD002093,P0023,1,
OI0003632,ORD001127,P0010,1,
OI0003633,ORD002348,P0015,1,
OI0003634,ORD001188,P0013,3,
OI0003635,ORD002988,P0011,2,
OI0003636,ORD002988,P0009,1,
OI0003637,ORD002988,P0002,2,
OI0003638,ORD001394,P0026,1,
OI0003639,ORD002276,P0003,1,
OI0003640,ORD002276,P0019,-1,
OI0003641,ORD002276,P0012,1,
OI0003642,ORD002419,P0009,1,
OI0003643,ORD003316,P0001,3,
OI0003644,ORD003316,P0006,1,
OI0003645,ORD000391,P0003,1,
OI0003646,ORD001452,P0014,1,
OI0003647,ORD001452,P0003,1,
OI0003648,ORD001762,P0004,1,
OI0003649,ORD004196,P0012,2,
OI0003650,ORD000961,P0020,2,
OI0003651,ORD000961,P0003,1,
OI0003652,ORD004481,P0011,1,
OI0003653,ORD004481,P0015,1,
OI0003654,ORD002794,P0016,1,
OI0003655,ORD003458,P0006,2,
OI0003656,ORD003458,P0010,1,
OI0003657,ORD002615,P0004,1,
OI0003658,ORD002615,P0004,1,
OI0003659,ORD002615,P0006,1,
OI0003660,ORD004132,P0004,1,
OI0003661,ORD004264,P0007,2,
OI0003662,ORD004264,P0012,1,
OI0003663,ORD002018,P0007,1,
OI0003664,ORD002018,P0010,2,
OI0003665,ORD001979,P0004,2,
OI0003666,ORD001240,P0015,1,
OI0003667,ORD000031,P0017,1,
OI0003668,ORD002325,P0017,1,
OI0003669,ORD003403,P0020,1,
OI0003670,ORD001317,P0015,1,
OI0003671,ORD001317,P0026,1,
OI0003672,ORD001042,P0022,1,
OI0003673,ORD000968,P0014,1,
OI0003674,ORD002056,P0004,-1,
OI0003675,ORD002056,P0011,1,
OI0003676,ORD002641,P0021,1,
OI0003677,ORD002592,P0017,1,
OI0003678,ORD000538,P0013,2,
OI0003679,ORD002766,P0008,1,
OI0003680,ORD001534,P0001,2,
OI0003681,ORD001534,P0005,2,
OI0003682,ORD001534,P0024,3,
OI0003683,ORD003425,P0016,2,
OI0003684,ORD003425,P0021,1,
OI0003685,ORD003425,P0025,1,
OI0003686,ORD001910,P0025,2,
OI0003687,ORD001069,P0015,2,
OI0003688,ORD001069,P0015,1,
OI0003689,ORD004057,P0020,3,
OI0003690,ORD004057,P0007,1,
OI0003691,ORD004073,P0019,2,
OI0003692,ORD004073,P0016,1,
OI0003693,ORD002760,P0013,3,
OI0003694,ORD002579,P0023,2,
OI0003695,ORD002579,P0016,1,
OI0003696,ORD002579,P0005,1,
OI0003697,ORD002579,P0015,1,
OI0003698,ORD002120,P0023,1,
OI0003699,ORD002851,P0002,2,
OI0003700,ORD000974,P0023,1,
OI0003701,ORD004584,P0016,3,
OI0003702,ORD004584,P0005,1,
OI0003703,ORD002858,P0012,1,
OI0003704,ORD002858,P0014,1,
OI0003705,ORD002858,P0003,1,
OI0003706,ORD002858,P0026,1,
OI0003707,ORD002868,P0019,1,
OI0003708,ORD002868,P0014,2,
OI0003709,ORD003132,P0008,1,
OI0003710,ORD003132,P0011,1,
OI0003711,ORD003636,P0026,1,
OI0003712,ORD003636,P0026,3,
OI0003713,ORD003817,P0021,1,
OI0003714,ORD003817,P0022,1,
OI0003715,ORD003817,P0025,2,
OI0003716,ORD000386,P0001,1,
OI0003717,ORD004578,P0009,1,
OI0003718,ORD004578,P0008,1,
OI0003719,ORD004578,P0015,2,
OI0003720,ORD003610,P0020,1,
OI0003721,ORD003610,P0008,1,
OI0003722,ORD004660,P0019,1,
OI0003723,ORD003129,P0011,1,
OI0003724,ORD003129,P0023,1,
OI0003725,ORD004881,P0016,-1,
OI0003726,ORD001450,P0016,1,
OI0003727,ORD004499,P0025,3,
OI0003728,ORD004499,P0019,1,
OI0003729,ORD003994,P0013,1,
OI0003730,ORD003994,P0012,1,
OI0003731,ORD002304,P0014,1,
OI0003732,ORD002304,P0003,1,
OI0003733,ORD000783,P0019,1,
OI0003734,ORD000783,P0020,2,
OI0003735,ORD000783,P0009,1,
OI0003736,ORD004566,P0006,1,
OI0003737,ORD004526,P0004,1,
OI0003738,ORD004273,P0002,2,
OI0003739,ORD004852,P0004,1,
OI0003740,ORD002385,P0004,3,
OI0003741,ORD002385,P0023,3,
OI0003742,ORD004727,P0016,1,
OI0003743,ORD004727,P0004,1,
OI0003744,ORD002696,P0014,1,
OI0003745,ORD002696,P0025,1,
OI0003746,ORD002696,P0020,1,
OI0003747,ORD000109,P0009,1,
OI0003748,ORD000109,P0008,1,
OI0003749,ORD002662,P0008,1,
OI0003750,ORD003493,P0017,2,
OI0003751,ORD003493,P0015,2,
OI0003752,ORD002809,P0007,2,
OI0003753,ORD002809,P0022,1,
OI0003754,ORD002809,P0021,2,
OI0003755,ORD002809,P0004,1,
OI0003756,ORD004853,P0026,2,
OI0003757,ORD002482,P0019,2,
OI0003758,ORD002482,P0012,3,
OI0003759,ORD002706,P0022,2,
OI0003760,ORD000422,P0004,1,
OI0003761,ORD004866,P0019,1,
OI0003762,ORD004866,P0025,2,
OI0003763,ORD001032,P0003,1,
OI0003764,ORD001633,P0004,2,
OI0003765,ORD002084,P0006,3,
OI0003766,ORD002084,P0002,2,
OI0003767,ORD000620,P0019,2,
OI0003768,ORD004596,P0008,2,
OI0003769,ORD001940,P0001,1,
OI0003770,ORD001940,P0014,1,
OI0003771,ORD001123,P0022,1,
OI0003772,ORD001123,P0002,1,
OI0003773,ORD001735,P0023,1,
OI0003774,ORD000525,P0005,1,
OI0003775,ORD001642,P0021,1,
OI0003776,ORD000951,P0021,1,
OI0003777,ORD000951,P0025,1,
OI0003778,ORD001526,P0001,1,
OI0003779,ORD001526,P0005,3,
OI0003780,ORD001973,P0022,1,
OI0003781,ORD001973,P0007,2,
OI0003782,ORD004238,P0002,1,
OI0003783,ORD000939,P0001,1,
OI0003784,ORD000312,P0021,1,
OI0003785,ORD003206,P0012,1,
OI0003786,ORD001621,P0005,1,
OI0003787,ORD001621,P0016,2,
OI0003788,ORD000741,P0005,1,
OI0003789,ORD000741,P0020,3,
OI0003790,ORD000543,P0023,1,
OI0003791,ORD000543,P0022,1,
OI0003792,ORD000543,P0013,2,
OI0003793,ORD004365,P0025,1,
OI0003794,ORD004365,P0025,1,
OI0003795,ORD004333,P0018,3,
OI0003796,ORD001836,P0016,2,
OI0003797,ORD004356,P0007,1,
OI0003798,ORD004356,P0015,1,
OI0003799,ORD004356,P0005,2,
OI0003800,ORD003521,P0019,1,
OI0003801,ORD004910,P0006,1,
OI0003802,ORD004910,P0017,1,
OI0003803,ORD000747,P0019,1,
OI0003804,ORD001573,P0017,2,
OI0003805,ORD001573,P0003,1,
OI0003806,ORD002741,P0008,1,
OI0003807,ORD002741,P0018,1,
OI0003808,ORD002741,P0022,1,
OI0003809,ORD000269,P0013,2,
OI0003810,ORD000269,P0024,1,
OI0003811,ORD002322,P0004,1,
OI0003812,ORD002322,P0016,2,
OI0003813,ORD001139,P0019,1,
OI0003814,ORD001139,P0018,1,
OI0003815,ORD001523,P0005,1,
OI0003816,ORD004064,P0020,1,
OI0003817,ORD004064,P0008,1,
OI0003818,ORD004064,P0015,1,
OI0003819,ORD003278,P0014,1,
OI0003820,ORD003294,P0015,1,
OI0003821,ORD003709,P0021,1,
OI0003822,ORD003709,P0012,1,
OI0003823,ORD000812,P0002,1,
OI0003824,ORD002878,P0012,2,
OI0003825,ORD002878,P0025,1,
OI0003826,ORD002838,P0025,2,
OI0003827,ORD000995,P0017,2,
OI0003828,ORD000995,P0022,1,
OI0003829,ORD000995,P0015,1,
OI0003830,ORD003917,P0026,1,
OI0003831,ORD003917,P0006,1,
OI0003832,ORD002321,P0026,1,
OI0003833,ORD003729,P0015,2,
OI0003834,ORD003729,P0022,1,
OI0003835,ORD002612,P0025,1,
OI0003836,ORD002966,P0004,2,
OI0003837,ORD002966,P0010,1,
OI0003838,ORD002966,P0023,1,
OI0003839,ORD002966,P0022,1,
OI0003840,ORD004257,P0009,1,
OI0003841,ORD004257,P0001,3,
OI0003842,ORD004257,P0010,1,
OI0003843,ORD004506,P0014,1,
OI0003844,ORD001820,P0005,2,
OI0003845,ORD001820,P0010,2,
OI0003846,ORD001820,P0016,1,
OI0003847,ORD001820,P0009,1,
OI0003848,ORD002489,P0026,1,
OI0003849,ORD000663,P0025,1,
OI0003850,ORD004025,P0025,1,
OI0003851,ORD001107,P0026,2,
OI0003852,ORD001104,P0013,1,
OI0003853,ORD000518,P0020,2,
OI0003854,ORD000518,P0022,2,
OI0003855,ORD002571,P0002,2,
OI0003856,ORD002571,P0021,2,
OI0003857,ORD002571,P0009,2,
OI0003858,ORD000945,P0026,1,
OI0003859,ORD000945,P0020,1,
OI0003860,ORD000945,P0024,1,
OI0003861,ORD000945,P0019,1,
OI0003862,ORD004305,P0006,1,
OI0003863,ORD004305,P0001,1,
OI0003864,ORD004305,P0017,1,
OI0003865,ORD004417,P0002,1,
OI0003866,ORD004417,P0014,2,
OI0003867,ORD000110,P0003,2,
OI0003868,ORD002202,P0012,1,
OI0003869,ORD002202,P0026,1,
OI0003870,ORD003735,P0016,1,
OI0003871,ORD003735,P0008,1,
OI0003872,ORD000542,P0007,2,
OI0003873,ORD002780,P0026,1,
OI0003874,ORD002780,P0010,1,
OI0003875,ORD002780,P0026,3,
OI0003876,ORD002861,P0005,1,
OI0003877,ORD003068,P0007,1,
OI0003878,ORD003068,P0011,1,
OI0003879,ORD003997,P0001,1,
OI0003880,ORD002418,P0004,1,
OI0003881,ORD004284,P0002,2,
OI0003882,ORD004284,P0012,2,
OI0003883,ORD003310,P0010,1,
OI0003884,ORD003310,P0021,2,
OI0003885,ORD003310,P0026,3,
OI0003886,ORD003310,P0021,-1,
OI0003887,ORD001006,P0007,1,
OI0003888,ORD001006,P0022,1,
OI0003889,ORD000794,P0014,1,
OI0003890,ORD003860,P0020,1,
OI0003891,ORD003860,P0020,1,
OI0003892,ORD003666,P0023,1,
OI0003893,ORD003364,P0011,1,
OI0003894,ORD003364,P0025,2,
OI0003895,ORD003364,P0011,1,
OI0003896,ORD001659,P0024,1,
OI0003897,ORD001659,P0012,1,
OI0003898,ORD004426,P0019,2,
OI0003899,ORD004426,P0022,1,
OI0003900,ORD004426,P0002,1,
OI0003901,ORD004582,P0018,1,
OI0003902,ORD001346,P0002,1,
OI0003903,ORD004777,P0021,1,
OI0003904,ORD004777,P0021,1,
OI0003905,ORD001383,P0026,1,
OI0003906,ORD000927,P0022,1,
OI0003907,ORD000465,P0021,2,
OI0003908,ORD000465,P0026,1,
OI0003909,ORD000465,P0009,2,
OI0003910,ORD004165,P0012,1,
OI0003911,ORD004165,P0023,2,
OI0003912,ORD004165,P0016,1,
OI0003913,ORD001410,P0009,1,
OI0003914,ORD001410,P0009,2,
OI0003915,ORD001358,P0010,2,
OI0003916,ORD003071,P0019,1,
OI0003917,ORD000631,P0010,1,
OI0003918,ORD004644,P0015,1,
OI0003919,ORD004644,P0012,2,
OI0003920,ORD000276,P0026,2,
OI0003921,ORD000276,P0018,1,
OI0003922,ORD001465,P0026,1,
OI0003923,ORD001003,P0001,2,
OI0003924,ORD000688,P0012,1,
OI0003925,ORD000027,P0020,1,
OI0003926,ORD000027,P0003,2,
OI0003927,ORD003867,P0020,2,
OI0003928,ORD003867,P0008,1,
OI0003929,ORD003867,P0021,2,
OI0003930,ORD004188,P0005,1,
OI0003931,ORD002881,P0026,1,
OI0003932,ORD002881,P0016,1,
OI0003933,ORD003652,P0002,1,
OI0003934,ORD001428,P0008,2,
OI0003935,ORD001428,P0023,2,
OI0003936,ORD000643,P0020,1,
OI0003937,ORD000643,P0017,1,
OI0003938,ORD000711,P0018,1,
OI0003939,ORD004796,P0014,1,
OI0003940,ORD004796,P0016,1,
OI0003941,ORD004796,P0009,1,
OI0003942,ORD003584,P0026,1,
OI0003943,ORD002221,P0023,1,
OI0003944,ORD002221,P0015,2,
OI0003945,ORD002221,P0004,1,
OI0003946,ORD004991,P0016,2,
OI0003947,ORD004991,P0010,1,
OI0003948,ORD003554,P0015,2,
OI0003949,ORD003554,P0017,1,
OI0003950,ORD003554,P0005,3,
OI0003951,ORD002341,P0007,1,
OI0003952,ORD004293,P0005,1,
OI0003953,ORD004293,P0004,1,
OI0003954,ORD004293,P0009,2,
OI0003955,ORD004927,P0002,1,
OI0003956,ORD001522,P0012,1,
OI0003957,ORD000319,P0017,1,
OI0003958,ORD002732,P0001,3,
OI0003959,ORD004151,P0018,2,
OI0003960,ORD004151,P0006,1,
OI0003961,ORD004151,P0025,1,
OI0003962,ORD003722,P0012,1,
OI0003963,ORD003311,P0023,3,
OI0003964,ORD003311,P0015,2,
OI0003965,ORD004831,P0026,1,
OI0003966,ORD002670,P0023,1,
OI0003967,ORD002235,P0021,-1,
OI0003968,ORD000183,P0005,2,
OI0003969,ORD000183,P0017,3,
OI0003970,ORD000695,P0019,1,
OI0003971,ORD000695,P0012,1,
OI0003972,ORD003890,P0016,1,
OI0003973,ORD004492,P0021,1,
OI0003974,ORD004883,P0013,3,
OI0003975,ORD004883,P0019,1,
OI0003976,ORD003883,P0011,1,
OI0003977,ORD003883,P0016,1,
OI0003978,ORD003212,P0004,3,
OI0003979,ORD000012,P0019,1,
OI0003980,ORD003477,P0001,1,
OI0003981,ORD001782,P0016,1,
OI0003982,ORD002982,P0008,1,
OI0003983,ORD003866,P0007,2,
OI0003984,ORD000003,P0010,1,
OI0003985,ORD004241,P0006,1,
OI0003986,ORD004241,P0015,1,
OI0003987,ORD004241,P0012,1,
OI0003988,ORD004241,P0023,1,
OI0003989,ORD004573,P0001,1,
OI0003990,ORD004573,P0002,1,
OI0003991,ORD004622,P0021,1,
OI0003992,ORD004622,P0006,3,
OI0003993,ORD001085,P0025,3,
OI0003994,ORD001085,P0012,1,
OI0003995,ORD004761,P0011,1,
OI0003996,ORD004761,P0025,1,
OI0003997,ORD003800,P0011,2,
OI0003998,ORD001458,P0017,2,
OI0003999,ORD001458,P0012,1,
OI0004000,ORD001458,P0012,1,
OI0004001,ORD001245,P0007,1,
OI0004002,ORD004598,P0002,2,
OI0004003,ORD004598,P0001,2,
OI0004004,ORD000681,P0011,1,
OI0004005,ORD003840,P0004,3,
OI0004006,ORD003840,P0001,1,
OI0004007,ORD004371,P0016,1,
OI0004008,ORD004371,P0017,2,
OI0004009,ORD001357,P0018,1,
OI0004010,ORD002733,P0019,2,
OI0004011,ORD002733,P0010,1,
OI0004012,ORD001854,P0015,1,
OI0004013,ORD001854,P0008,1,
OI0004014,ORD001854,P0020,1,
OI0004015,ORD002902,P0017,1,
OI0004016,ORD001764,P0004,1,
OI0004017,ORD001764,P0023,1,
OI0004018,ORD002506,P0008,1,
OI0004019,ORD002506,P0009,2,
OI0004020,ORD002506,P0011,3,
OI0004021,ORD002506,P0022,3,
OI0004022,ORD003708,P0004,1,
OI0004023,ORD003842,P0010,1,
OI0004024,ORD003842,P0007,2,
OI0004025,ORD004095,P0026,2,
OI0004026,ORD003674,P0013,1,
OI0004027,ORD003674,P0002,1,
OI0004028,ORD000196,P0023,1,
OI0004029,ORD000196,P0017,2,
OI0004030,ORD001426,P0012,1,
OI0004031,ORD001426,P0015,1,
OI0004032,ORD003402,P0002,1,
OI0004033,ORD003402,P0026,3,
OI0004034,ORD001588,P0014,1,
OI0004035,ORD000483,P0008,1,
OI0004036,ORD000656,P0011,1,
OI0004037,ORD000656,P0016,1,
OI0004038,ORD000357,P0007,2,
OI0004039,ORD002216,P0012,1,
OI0004040,ORD002216,P0020,1,
OI0004041,ORD004609,P0008,-1,
OI0004042,ORD004609,P0015,1,
OI0004043,ORD004609,P0009,1,
OI0004044,ORD002021,P0019,1,
OI0004045,ORD000648,P0015,1,
OI0004046,ORD000648,P0026,1,
OI0004047,ORD000648,P0014,2,
OI0004048,ORD001893,P0002,2,
OI0004049,ORD000522,P0008,1,
OI0004050,ORD000522,P0024,1,
OI0004051,ORD000522,P0007,3,
OI0004052,ORD004527,P0012,1,
OI0004053,ORD004512,P0003,1,
OI0004054,ORD004312,P0025,1,
OI0004055,ORD002339,P0012,2,
OI0004056,ORD002339,P0004,1,
OI0004057,ORD002339,P0005,2,
OI0004058,ORD004847,P0013,1,
OI0004059,ORD004847,P0019,1,
OI0004060,ORD003029,P0011,3,
OI0004061,ORD000641,P0021,1,
OI0004062,ORD003756,P0007,3,
OI0004063,ORD004470,P0008,2,
OI0004064,ORD004470,P0013,1,
OI0004065,ORD004470,P0007,1,
OI0004066,ORD003065,P0018,1,
OI0004067,ORD002386,P0015,2,
OI0004068,ORD002386,P0026,1,
OI0004069,ORD003401,P0026,1,
OI0004070,ORD003401,P0002,1,
OI0004071,ORD004946,P0009,2,
OI0004072,ORD003143,P0002,2,
OI0004073,ORD002212,P0022,1,
OI0004074,ORD000022,P0007,1,
OI0004075,ORD000022,P0015,1,
OI0004076,ORD000022,P0024,1,
OI0004077,ORD000022,P0013,1,
OI0004078,ORD003234,P0006,2,
OI0004079,ORD000990,P0023,1,
OI0004080,ORD000990,P0010,2,
OI0004081,ORD000990,P0024,1,
OI0004082,ORD001775,P0014,1,
OI0004083,ORD001775,P0017,1,
OI0004084,ORD001775,P0025,1,
OI0004085,ORD001817,P0006,1,
OI0004086,ORD003372,P0003,1,
OI0004087,ORD003596,P0017,1,
OI0004088,ORD003596,P0014,1,
OI0004089,ORD003144,P0003,1,
OI0004090,ORD003144,P0005,1,
OI0004091,ORD004935,P0026,1,
OI0004092,ORD004935,P0006,1,
OI0004093,ORD004935,P0019,2,
OI0004094,ORD000464,P0004,1,
OI0004095,ORD000464,P0005,1,
OI0004096,ORD004325,P0009,3,
OI0004097,ORD004325,P0012,1,
OI0004098,ORD004325,P0026,1,
OI0004099,ORD001146,P0009,1,
OI0004100,ORD001146,P0015,1,
OI0004101,ORD001146,P0013,1,
OI0004102,ORD003558,P0019,2,
OI0004103,ORD000752,P0013,1,
OI0004104,ORD000752,P0024,1,
OI0004105,ORD000752,P0015,1,
OI0004106,ORD003016,P0022,3,
OI0004107,ORD003016,P0025,2,
OI0004108,ORD002393,P0024,1,
OI0004109,ORD002393,P0013,2,
OI0004110,ORD002393,P0016,3,
OI0004111,ORD000757,P0001,1,
OI0004112,ORD004396,P0021,1,
OI0004113,ORD004627,P0011,3,
OI0004114,ORD001193,P0010,1,
OI0004115,ORD000135,P0005,1,
OI0004116,ORD004699,P0015,1,
OI0004117,ORD004699,P0024,1,
OI0004118,ORD004699,P0006,1,
OI0004119,ORD004699,P0003,1,
OI0004120,ORD003863,P0014,2,
OI0004121,ORD003863,P0006,1,
OI0004122,ORD003754,P0008,1,
OI0004123,ORD003754,P0014,2,
OI0004124,ORD003243,P0026,1,
OI0004125,ORD000795,P0014,1,
OI0004126,ORD000795,P0002,1,
OI0004127,ORD000795,P0026,2,
OI0004128,ORD001639,P0003,1,
OI0004129,ORD002987,P0008,1,
OI0004130,ORD002987,P0001,2,
OI0004131,ORD000885,P0017,1,
OI0004132,ORD000080,P0017,1,
OI0004133,ORD001903,P0012,1,
OI0004134,ORD004366,P0013,1,
OI0004135,ORD000293,P0020,1,
OI0004136,ORD004534,P0017,1,
OI0004137,ORD003833,P0019,2,
OI0004138,ORD003913,P0023,3,
OI0004139,ORD003913,P0022,1,
OI0004140,ORD004280,P0014,3,
OI0004141,ORD000318,P0022,-1,
OI0004142,ORD000318,P0026,2,
OI0004143,ORD000318,P0023,2,
OI0004144,ORD002030,P0018,1,
OI0004145,ORD002030,P0009,1,
OI0004146,ORD002030,P0021,1,
OI0004147,ORD001101,P0013,3,
OI0004148,ORD001101,P0023,1,
OI0004149,ORD001101,P0020,2,
OI0004150,ORD003806,P0024,1,
OI0004151,ORD003806,P0009,2,
OI0004152,ORD000756,P0016,1,
OI0004153,ORD001091,P0013,2,
OI0004154,ORD001091,P0022,3,
OI0004155,ORD003189,P0012,2,
OI0004156,ORD000057,P0007,1,
OI0004157,ORD000057,P0019,2,
OI0004158,ORD002252,P0003,2,
OI0004159,ORD002252,P0001,1,
OI0004160,ORD002252,P0016,2,
OI0004161,ORD002252,P0020,2,
OI0004162,ORD004734,P0011,2,
OI0004163,ORD004734,P0024,1,
OI0004164,ORD004734,P0005,2,
OI0004165,ORD004734,P0007,1,
OI0004166,ORD001693,P0005,1,
OI0004167,ORD002437,P0003,1,
OI0004168,ORD003853,P0024,2,
OI0004169,ORD003853,P0006,2,
OI0004170,ORD003853,P0024,1,
OI0004171,ORD000767,P0004,1,
OI0004172,ORD000734,P0026,1,
OI0004173,ORD002395,P0002,1,
OI0004174,ORD002395,P0010,1,
OI0004175,ORD000850,P0008,1,
OI0004176,ORD000033,P0008,1,
OI0004177,ORD004928,P0020,2,
OI0004178,ORD003829,P0009,2,
OI0004179,ORD004437,P0017,1,
OI0004180,ORD004437,P0025,3,
OI0004181,ORD004437,P0002,1,
OI0004182,ORD003087,P0024,1,
OI0004183,ORD003087,P0024,2,
OI0004184,ORD001536,P0019,1,
OI0004185,ORD001536,P0019,1,
OI0004186,ORD002847,P0009,1,
OI0004187,ORD004544,P0001,3,
OI0004188,ORD002267,P0022,1,
OI0004189,ORD004667,P0023,1,
OI0004190,ORD002650,P0016,1,
OI0004191,ORD002650,P0021,1,
OI0004192,ORD002263,P0015,1,
OI0004193,ORD001099,P0016,3,
OI0004194,ORD003166,P0004,1,
OI0004195,ORD004708,P0013,1,
OI0004196,ORD001524,P0008,1,
OI0004197,ORD001524,P0026,2,
OI0004198,ORD001524,P0024,2,
OI0004199,ORD002225,P0023,1,
OI0004200,ORD000646,P0002,3,
OI0004201,ORD003138,P0008,1,
OI0004202,ORD003138,P0019,1,
OI0004203,ORD003138,P0006,1,
OI0004204,ORD000235,P0020,1,
OI0004205,ORD000235,P0011,1,
OI0004206,ORD000674,P0016,1,
OI0004207,ORD000674,P0023,2,
OI0004208,ORD000674,P0019,1,
OI0004209,ORD001733,P0002,1,
OI0004210,ORD001733,P0004,1,
OI0004211,ORD001733,P0004,1,
OI0004212,ORD000437,P0019,1,
OI0004213,ORD000437,P0012,1,
OI0004214,ORD004608,P0010,2,
OI0004215,ORD003427,P0014,3,
OI0004216,ORD003427,P0006,-1,
OI0004217,ORD001745,P0013,2,
OI0004218,ORD001745,P0024,1,
OI0004219,ORD001745,P0020,1,
OI0004220,ORD004953,P0013,1,
OI0004221,ORD003109,P0009,1,
OI0004222,ORD000308,P0026,2,
OI0004223,ORD000308,P0019,1,
OI0004224,ORD003454,P0023,1,
OI0004225,ORD003454,P0002,1,
OI0004226,ORD000424,P0015,1,
OI0004227,ORD000424,P0017,1,
OI0004228,ORD000424,P0006,1,
OI0004229,ORD001975,P0015,3,
OI0004230,ORD001975,P0011,1,
OI0004231,ORD002660,P0007,1,
OI0004232,ORD002660,P0025,1,
OI0004233,ORD000719,P0002,2,
OI0004234,ORD000722,P0005,1,
OI0004235,ORD000245,P0016,3,
OI0004236,ORD004097,P0012,1,
OI0004237,ORD000845,P0022,1,
OI0004238,ORD001866,P0010,1,
OI0004239,ORD000534,P0006,2,
OI0004240,ORD001649,P0026,3,
OI0004241,ORD000861,P0017,1,
OI0004242,ORD000861,P0025,1,
OI0004243,ORD000861,P0010,2,
OI0004244,ORD001954,P0015,1,
OI0004245,ORD004129,P0025,1,
OI0004246,ORD004129,P0017,1,
OI0004247,ORD004129,P0026,2,
OI0004248,ORD004129,P0016,1,
OI0004249,ORD000603,P0019,1,
OI0004250,ORD003437,P0014,1,
OI0004251,ORD002159,P0025,3,
OI0004252,ORD002159,P0008,2,
OI0004253,ORD000989,P0006,1,
OI0004254,ORD000114,P0009,1,
OI0004255,ORD002903,P0006,3,
OI0004256,ORD002903,P0005,1,
OI0004257,ORD004787,P0016,3,
OI0004258,ORD004357,P0007,1,
OI0004259,ORD004357,P0005,1,
OI0004260,ORD004357,P0013,1,
OI0004261,ORD000651,P0014,1,
OI0004262,ORD004599,P0016,1,
OI0004263,ORD004599,P0003,1,
OI0004264,ORD003167,P0018,1,
OI0004265,ORD003609,P0012,1,
OI0004266,ORD003609,P0005,1,
OI0004267,ORD002048,P0005,1,
OI0004268,ORD001898,P0023,-1,
OI0004269,ORD002439,P0019,1,
OI0004270,ORD002439,P0005,1,
OI0004271,ORD002439,P0001,1,
OI0004272,ORD002573,P0019,2,
OI0004273,ORD002573,P0007,1,
OI0004274,ORD004345,P0007,1,
OI0004275,ORD000237,P0013,1,
OI0004276,ORD000237,P0020,1,
OI0004277,ORD003738,P0005,1,
OI0004278,ORD003146,P0013,1,
OI0004279,ORD003146,P0023,1,
OI0004280,ORD003146,P0014,3,
OI0004281,ORD003146,P0001,1,
OI0004282,ORD004153,P0017,1,
OI0004283,ORD000786,P0012,3,
OI0004284,ORD000786,P0001,1,
OI0004285,ORD001288,P0026,1,
OI0004286,ORD004754,P0006,1,
OI0004287,ORD001055,P0007,2,
OI0004288,ORD001055,P0025,1,
OI0004289,ORD001055,P0015,2,
OI0004290,ORD002918,P0010,2,
OI0004291,ORD001841,P0023,1,
OI0004292,ORD001841,P0006,1,
OI0004293,ORD001841,P0002,2,
OI0004294,ORD002442,P0025,1,
OI0004295,ORD003335,P0014,1,
OI0004296,ORD003335,P0004,1,
OI0004297,ORD004968,P0020,2,
OI0004298,ORD004968,P0013,1,
OI0004299,ORD004968,P0002,-1,
OI0004300,ORD004968,P0017,1,
OI0004301,ORD001713,P0025,2,
OI0004302,ORD001713,P0017,1,
OI0004303,ORD002367,P0020,3,
OI0004304,ORD002367,P0009,3,
OI0004305,ORD002367,P0020,2,
OI0004306,ORD000820,P0008,1,
OI0004307,ORD001943,P0020,1,
OI0004308,ORD001943,P0017,3,
OI0004309,ORD000594,P0026,1,
OI0004310,ORD002474,P0018,3,
OI0004311,ORD002150,P0004,1,
OI0004312,ORD002150,P0018,1,
OI0004313,ORD004488,P0009,1,
OI0004314,ORD004488,P0019,1,
OI0004315,ORD004004,P0007,1,
OI0004316,ORD004004,P0016,1,
OI0004317,ORD004004,P0026,1,
OI0004318,ORD000025,P0001,1,
OI0004319,ORD000025,P0022,2,
OI0004320,ORD002711,P0003,1,
OI0004321,ORD002711,P0004,1,
OI0004322,ORD003773,P0021,1,
OI0004323,ORD001518,P0007,1,
OI0004324,ORD001371,P0013,1,
OI0004325,ORD001371,P0022,1,
OI0004326,ORD001371,P0003,1,
OI0004327,ORD000723,P0016,1,
OI0004328,ORD004400,P0014,1,
OI0004329,ORD004400,P0002,2,
OI0004330,ORD002423,P0001,2,
OI0004331,ORD004697,P0025,1,
OI0004332,ORD003240,P0019,1,
OI0004333,ORD002118,P0023,1,
OI0004334,ORD002118,P0019,1,
OI0004335,ORD003906,P0015,1,
OI0004336,ORD000124,P0007,2,
OI0004337,ORD000124,P0006,3,
OI0004338,ORD000124,P0010,1,
OI0004339,ORD000124,P0009,-1,
OI0004340,ORD004286,P0025,1,
OI0004341,ORD004286,P0012,3,
OI0004342,ORD000214,P0010,1,
OI0004343,ORD000214,P0004,1,
OI0004344,ORD004580,P0023,1,
OI0004345,ORD001947,P0005,1,
OI0004346,ORD004416,P0009,1,
OI0004347,ORD001767,P0024,2,
OI0004348,ORD001767,P0001,2,
OI0004349,ORD003899,P0010,1,
OI0004350,ORD003899,P0019,1,
OI0004351,ORD003334,P0004,1,
OI0004352,ORD000514,P0020,2,
OI0004353,ORD002473,P0003,1,
OI0004354,ORD002581,P0012,1,
OI0004355,ORD002581,P0015,1,
OI0004356,ORD000567,P0002,2,
OI0004357,ORD000567,P0003,1,
OI0004358,ORD001711,P0012,2,
OI0004359,ORD001950,P0024,1,
OI0004360,ORD001950,P0013,1,
OI0004361,ORD001950,P0001,1,
OI0004362,ORD001950,P0025,1,
OI0004363,ORD004944,P0026,1,
OI0004364,ORD004719,P0024,1,
OI0004365,ORD004719,P0024,1,
OI0004366,ORD003336,P0004,1,
OI0004367,ORD001386,P0025,1,
OI0004368,ORD001386,P0015,1,
OI0004369,ORD001386,P0001,1,
OI0004370,ORD000846,P0003,1,
OI0004371,ORD000846,P0026,3,
OI0004372,ORD000277,P0001,1,
OI0004373,ORD000277,P0022,1,
OI0004374,ORD001959,P0017,1,
OI0004375,ORD000590,P0001,1,
OI0004376,ORD000590,P0026,1,
OI0004377,ORD000848,P0006,1,
OI0004378,ORD000848,P0014,3,
OI0004379,ORD001546,P0016,1,
OI0004380,ORD001825,P0002,2,
OI0004381,ORD001825,P0018,1,
OI0004382,ORD000043,P0015,1,
OI0004383,ORD000558,P0011,3,
OI0004384,ORD000558,P0008,1,
OI0004385,ORD000558,P0023,2,
OI0004386,ORD001027,P0015,1,
OI0004387,ORD001027,P0021,1,
OI0004388,ORD001027,P0015,1,
OI0004389,ORD001756,P0019,1,
OI0004390,ORD001756,P0023,1,
OI0004391,ORD001707,P0004,1,
OI0004392,ORD003637,P0009,1,
OI0004393,ORD003637,P0007,2,
OI0004394,ORD003637,P0018,1,
OI0004395,ORD000188,P0012,1,
OI0004396,ORD000188,P0010,1,
OI0004397,ORD004485,P0016,1,
OI0004398,ORD003313,P0016,2,
OI0004399,ORD003313,P0024,1,
OI0004400,ORD003313,P0002,1,
OI0004401,ORD002274,P0026,2,
OI0004402,ORD004006,P0018,1,
OI0004403,ORD004006,P0007,1,
OI0004404,ORD004006,P0003,1,
OI0004405,ORD001847,P0002,1,
OI0004406,ORD001847,P0022,1,
OI0004407,ORD000605,P0022,1,
OI0004408,ORD001650,P0017,1,
OI0004409,ORD001650,P0002,3,
OI0004410,ORD001650,P0004,-1,
OI0004411,ORD001650,P0009,2,
OI0004412,ORD002906,P0026,1,
OI0004413,ORD001616,P0003,1,
OI0004414,ORD002602,P0013,2,
OI0004415,ORD004355,P0005,2,
OI0004416,ORD000708,P0003,3,
OI0004417,ORD002305,P0025,2,
OI0004418,ORD002305,P0005,2,
OI0004419,ORD002305,P0022,1,
OI0004420,ORD000205,P0008,1,
OI0004421,ORD004878,P0015,1,
OI0004422,ORD003515,P0005,1,
OI0004423,ORD001881,P0021,1,
OI0004424,ORD001881,P0018,1,
OI0004425,ORD001329,P0008,1,
OI0004426,ORD003172,P0015,3,
OI0004427,ORD003529,P0007,1,
OI0004428,ORD003529,P0024,1,
OI0004429,ORD003529,P0016,2,
OI0004430,ORD000299,P0009,1,
OI0004431,ORD001215,P0017,1,
OI0004432,ORD001812,P0026,1,
OI0004433,ORD001812,P0025,1,
OI0004434,ORD003563,P0022,1,
OI0004435,ORD003182,P0024,2,
OI0004436,ORD002802,P0023,1,
OI0004437,ORD004650,P0014,1,
OI0004438,ORD004650,P0013,1,
OI0004439,ORD001258,P0011,3,
OI0004440,ORD001303,P0010,2,
OI0004441,ORD001303,P0013,1,
OI0004442,ORD001303,P0002,2,
OI0004443,ORD003916,P0009,2,
OI0004444,ORD000401,P0005,1,
OI0004445,ORD000401,P0013,1,
OI0004446,ORD000887,P0011,1,
OI0004447,ORD000887,P0014,1,
OI0004448,ORD003122,P0018,1,
OI0004449,ORD003122,P0007,1,
OI0004450,ORD003122,P0015,1,
OI0004451,ORD002765,P0026,2,
OI0004452,ORD003896,P0010,1,
OI0004453,ORD003896,P0010,3,
OI0004454,ORD003896,P0003,1,
OI0004455,ORD002178,P0019,1,
OI0004456,ORD001969,P0021,1,
OI0004457,ORD001080,P0018,1,
OI0004458,ORD002767,P0025,1,
OI0004459,ORD002767,P0008,1,
OI0004460,ORD002767,P0012,1,
OI0004461,ORD002980,P0014,1,
OI0004462,ORD004490,P0009,1,
OI0004463,ORD004490,P0010,1,
OI0004464,ORD001900,P0015,1,
OI0004465,ORD001900,P0015,2,
OI0004466,ORD003419,P0020,1,
OI0004467,ORD003419,P0016,1,
OI0004468,ORD000251,P0012,1,
OI0004469,ORD000251,P0001,1,
OI0004470,ORD000251,P0011,2,
OI0004471,ORD003214,P0021,1,
OI0004472,ORD003214,P0017,1,
OI0004473,ORD003214,P0009,1,
OI0004474,ORD003214,P0019,1,
OI0004475,ORD004303,P0011,3,
OI0004476,ORD000112,P0009,1,
OI0004477,ORD000112,P0007,-1,
OI0004478,ORD000417,P0005,1,
OI0004479,ORD000417,P0010,3,
OI0004480,ORD003626,P0021,1,
OI0004481,ORD000265,P0010,1,
OI0004482,ORD000265,P0002,-1,
OI0004483,ORD000265,P0021,1,
OI0004484,ORD004742,P0014,1,
OI0004485,ORD000151,P0024,1,
OI0004486,ORD000579,P0014,1,
OI0004487,ORD000579,P0015,3,
OI0004488,ORD001920,P0005,2,
OI0004489,ORD001920,P0026,1,
OI0004490,ORD001920,P0016,1,
OI0004491,ORD001895,P0011,1,
OI0004492,ORD001732,P0015,1,
OI0004493,ORD001732,P0019,1,
OI0004494,ORD001148,P0001,1,
OI0004495,ORD004432,P0002,1,
OI0004496,ORD004407,P0016,1,
OI0004497,ORD001199,P0014,2,
OI0004498,ORD001199,P0017,3,
OI0004499,ORD004127,P0006,1,
OI0004500,ORD000629,P0024,2,
OI0004501,ORD000078,P0002,2,
OI0004502,ORD001571,P0020,1,
OI0004503,ORD001571,P0021,2,
OI0004504,ORD000931,P0006,1,
OI0004505,ORD000931,P0002,1,
OI0004506,ORD000931,P0010,1,
OI0004507,ORD000659,P0013,1,
OI0004508,ORD003737,P0006,1,
OI0004509,ORD003737,P0018,3,
OI0004510,ORD003737,P0003,2,
OI0004511,ORD004162,P0017,2,
OI0004512,ORD004621,P0023,2,
OI0004513,ORD004621,P0009,1,
OI0004514,ORD001542,P0014,1,
OI0004515,ORD002773,P0025,1,
OI0004516,ORD002936,P0011,1,
OI0004517,ORD001484,P0020,1,
OI0004518,ORD004184,P0015,1,
OI0004519,ORD004870,P0004,1,
OI0004520,ORD004870,P0019,1,
OI0004521,ORD002076,P0004,1,
OI0004522,ORD002076,P0025,1,
OI0004523,ORD003411,P0008,1,
OI0004524,ORD003411,P0026,1,
OI0004525,ORD004728,P0012,2,
OI0004526,ORD001525,P0013,1,
OI0004527,ORD001525,P0001,2,
OI0004528,ORD003949,P0022,1,
OI0004529,ORD000960,P0016,1,
OI0004530,ORD003468,P0002,1,
OI0004531,ORD004398,P0022,1,
OI0004532,ORD001350,P0004,1,
OI0004533,ORD001350,P0026,1,
OI0004534,ORD004681,P0002,1,
OI0004535,ORD004681,P0026,1,
OI0004536,ORD003366,P0008,1,
OI0004537,ORD000313,P0016,2,
OI0004538,ORD000313,P0025,2,
OI0004539,ORD002237,P0015,2,
OI0004540,ORD002678,P0012,2,
OI0004541,ORD002678,P0011,1,
OI0004542,ORD003317,P0009,1,
OI0004543,ORD003317,P0024,2,
OI0004544,ORD003317,P0012,2,
OI0004545,ORD001315,P0006,1,
OI0004546,ORD001381,P0018,2,
OI0004547,ORD001381,P0014,1,
OI0004548,ORD001381,P0019,2,
OI0004549,ORD002261,P0026,1,
OI0004550,ORD002261,P0006,2,
OI0004551,ORD001011,P0021,3,
OI0004552,ORD001011,P0020,1,
OI0004553,ORD003956,P0014,1,
OI0004554,ORD003956,P0006,1,
OI0004555,ORD003956,P0020,1,
OI0004556,ORD003854,P0019,1,
OI0004557,ORD003854,P0005,1,
OI0004558,ORD003854,P0008,1,
OI0004559,ORD000501,P0001,1,
OI0004560,ORD001739,P0019,2,
OI0004561,ORD002398,P0014,1,
OI0004562,ORD002071,P0008,2,
OI0004563,ORD002071,P0018,1,
OI0004564,ORD002071,P0023,-1,
OI0004565,ORD003400,P0016,1,
OI0004566,ORD003400,P0008,1,
OI0004567,ORD000637,P0010,1,
OI0004568,ORD002720,P0009,1,
OI0004569,ORD001723,P0026,1,
OI0004570,ORD002043,P0003,1,
OI0004571,ORD001132,P0015,1,
OI0004572,ORD002879,P0012,-1,
OI0004573,ORD003850,P0007,1,
OI0004574,ORD001335,P0020,1,
OI0004575,ORD004915,P0013,1,
OI0004576,ORD004915,P0008,1,
OI0004577,ORD004915,P0024,2,
OI0004578,ORD000383,P0012,1,
OI0004579,ORD000383,P0003,1,
OI0004580,ORD000372,P0026,2,
OI0004581,ORD002253,P0001,1,
OI0004582,ORD001270,P0016,3,
OI0004583,ORD000954,P0022,3,
OI0004584,ORD000954,P0002,1,
OI0004585,ORD001352,P0024,3,
OI0004586,ORD002517,P0015,1,
OI0004587,ORD000947,P0015,1,
OI0004588,ORD003259,P0020,2,
OI0004589,ORD001656,P0017,1,
OI0004590,ORD001656,P0011,2,
OI0004591,ORD001656,P0023,1,
OI0004592,ORD001192,P0004,1,
OI0004593,ORD001192,P0002,1,
OI0004594,ORD004052,P0012,1,
OI0004595,ORD004052,P0002,1,
OI0004596,ORD004138,P0023,1,
OI0004597,ORD002707,P0007,1,
OI0004598,ORD002707,P0024,-1,
OI0004599,ORD002707,P0010,3,
OI0004600,ORD001951,P0026,1,
OI0004601,ORD004690,P0001,1,
OI0004602,ORD000292,P0013,1,
OI0004603,ORD001509,P0004,2,
OI0004604,ORD004087,P0016,1,
OI0004605,ORD004087,P0004,3,
OI0004606,ORD004087,P0014,3,
OI0004607,ORD000604,P0009,1,
OI0004608,ORD000192,P0019,1,
OI0004609,ORD000192,P0002,1,
OI0004610,ORD000192,P0010,1,
OI0004611,ORD000937,P0006,1,
OI0004612,ORD000937,P0022,1,
OI0004613,ORD000937,P0008,2,
OI0004614,ORD003557,P0020,1,
OI0004615,ORD003518,P0012,1,
OI0004616,ORD000306,P0025,1,
OI0004617,ORD000306,P0003,1,
OI0004618,ORD002461,P0010,2,
OI0004619,ORD002461,P0012,3,
OI0004620,ORD003263,P0020,1,
OI0004621,ORD003263,P0024,2,
OI0004622,ORD004966,P0013,1,
OI0004623,ORD002970,P0009,2,
OI0004624,ORD000042,P0001,1,
OI0004625,ORD000042,P0003,3,
OI0004626,ORD000042,P0006,1,
OI0004627,ORD003101,P0024,1,
OI0004628,ORD003101,P0016,1,
OI0004629,ORD003101,P0011,1,
OI0004630,ORD000903,P0017,1,
OI0004631,ORD000903,P0025,1,
OI0004632,ORD003349,P0004,2,
OI0004633,ORD003349,P0010,1,
OI0004634,ORD002062,P0020,1,
OI0004635,ORD002062,P0008,1,
OI0004636,ORD001200,P0011,3,
OI0004637,ORD001200,P0024,1,
OI0004638,ORD003593,P0026,1,
OI0004639,ORD001182,P0023,1,
OI0004640,ORD000561,P0023,2,
OI0004641,ORD002708,P0014,1,
OI0004642,ORD000910,P0016,1,
OI0004643,ORD002205,P0003,1,
OI0004644,ORD002205,P0009,1,
OI0004645,ORD002540,P0012,1,
OI0004646,ORD000461,P0022,2,
OI0004647,ORD000461,P0005,2,
OI0004648,ORD000868,P0017,1,
OI0004649,ORD001156,P0002,1,
OI0004650,ORD000642,P0017,1,
OI0004651,ORD000642,P0012,2,
OI0004652,ORD003261,P0014,1,
OI0004653,ORD002792,P0018,-1,
OI0004654,ORD002658,P0019,1,
OI0004655,ORD002658,P0024,1,
OI0004656,ORD002658,P0009,1,
OI0004657,ORD002658,P0001,1,
OI0004658,ORD000191,P0023,1,
OI0004659,ORD001491,P0007,1,
OI0004660,ORD000810,P0005,1,
OI0004661,ORD000892,P0005,1,
OI0004662,ORD003351,P0005,1,
OI0004663,ORD001968,P0019,1,
OI0004664,ORD001968,P0024,2,
OI0004665,ORD000019,P0013,1,
OI0004666,ORD000019,P0018,1,
OI0004667,ORD000298,P0017,1,
OI0004668,ORD000298,P0014,2,
OI0004669,ORD003273,P0008,1,
OI0004670,ORD000595,P0009,2,
OI0004671,ORD000595,P0013,1,
OI0004672,ORD001222,P0025,1,
OI0004673,ORD004450,P0009,1,
OI0004674,ORD000225,P0013,1,
OI0004675,ORD001319,P0016,1,
OI0004676,ORD004731,P0003,1,
OI0004677,ORD004731,P0017,2,
OI0004678,ORD003509,P0021,1,
OI0004679,ORD003509,P0017,1,
OI0004680,ORD003509,P0012,1,
OI0004681,ORD003509,P0013,1,
OI0004682,ORD003343,P0001,1,
OI0004683,ORD004523,P0021,2,
OI0004684,ORD001008,P0020,2,
OI0004685,ORD000485,P0010,2,
OI0004686,ORD000485,P0001,2,
OI0004687,ORD003857,P0023,1,
OI0004688,ORD003857,P0024,1,
OI0004689,ORD003857,P0007,1,
OI0004690,ORD001790,P0017,1,
OI0004691,ORD003731,P0013,1,
OI0004692,ORD003731,P0026,1,
OI0004693,ORD003731,P0022,2,
OI0004694,ORD004392,P0003,1,
OI0004695,ORD004392,P0017,1,
OI0004696,ORD004392,P0005,1,
OI0004697,ORD001813,P0001,1,
OI0004698,ORD001813,P0014,2,
OI0004699,ORD001813,P0022,2,
OI0004700,ORD001813,P0019,1,
OI0004701,ORD004818,P0005,1,
OI0004702,ORD004503,P0021,3,
OI0004703,ORD001934,P0004,1,
OI0004704,ORD001934,P0006,1,
OI0004705,ORD004712,P0020,1,
OI0004706,ORD002897,P0014,1,
OI0004707,ORD002897,P0008,1,
OI0004708,ORD001868,P0016,1,
OI0004709,ORD001868,P0003,1,
OI0004710,ORD004923,P0011,1,
OI0004711,ORD004923,P0009,1,
OI0004712,ORD004923,P0007,1,
OI0004713,ORD004923,P0022,1,
OI0004714,ORD002259,P0022,1,
OI0004715,ORD001567,P0008,1,
OI0004716,ORD002468,P0007,1,
OI0004717,ORD002468,P0004,1,
OI0004718,ORD003297,P0011,1,
OI0004719,ORD000156,P0011,1,
OI0004720,ORD000156,P0004,1,
OI0004721,ORD000156,P0011,1,
OI0004722,ORD000156,P0026,2,
OI0004723,ORD004230,P0013,1,
OI0004724,ORD001601,P0003,1,
OI0004725,ORD000498,P0005,1,
OI0004726,ORD000665,P0018,1,
OI0004727,ORD000763,P0024,1,
OI0004728,ORD001619,P0006,3,
OI0004729,ORD001619,P0023,1,
OI0004730,ORD000874,P0015,1,
OI0004731,ORD000874,P0009,1,
OI0004732,ORD000553,P0014,2,
OI0004733,ORD000553,P0015,1,
OI0004734,ORD004445,P0006,3,
OI0004735,ORD004445,P0023,3,
OI0004736,ORD003528,P0019,1,
OI0004737,ORD001053,P0019,1,
OI0004738,ORD001053,P0001,2,
OI0004739,ORD004576,P0018,2,
OI0004740,ORD004576,P0019,2,
OI0004741,ORD003634,P0009,2,
OI0004742,ORD003634,P0011,1,
OI0004743,ORD003634,P0026,-1,
OI0004744,ORD000061,P0008,3,
OI0004745,ORD000129,P0021,1,
OI0004746,ORD002973,P0002,2,
OI0004747,ORD002973,P0019,2,
OI0004748,ORD002973,P0023,1,
OI0004749,ORD002973,P0012,2,
OI0004750,ORD001907,P0005,3,
OI0004751,ORD001907,P0019,1,
OI0004752,ORD001442,P0012,3,
OI0004753,ORD001442,P0025,1,
OI0004754,ORD001501,P0004,1,
OI0004755,ORD001501,P0010,1,
OI0004756,ORD001501,P0021,1,
OI0004757,ORD003127,P0025,1,
OI0004758,ORD002979,P0017,1,
OI0004759,ORD002241,P0005,1,
OI0004760,ORD002241,P0005,1,
OI0004761,ORD002241,P0008,3,
OI0004762,ORD003115,P0018,1,
OI0004763,ORD003115,P0003,1,
OI0004764,ORD000746,P0014,1,
OI0004765,ORD000746,P0016,1,
OI0004766,ORD003041,P0001,1,
OI0004767,ORD000435,P0009,1,
OI0004768,ORD002293,P0014,1,
OI0004769,ORD002960,P0021,1,
OI0004770,ORD001833,P0011,1,
OI0004771,ORD001833,P0010,2,
OI0004772,ORD000166,P0016,1,
OI0004773,ORD000166,P0011,1,
OI0004774,ORD002785,P0008,1,
OI0004775,ORD001388,P0019,3,
OI0004776,ORD001388,P0011,1,
OI0004777,ORD001988,P0018,1,
OI0004778,ORD001988,P0008,2,
OI0004779,ORD004159,P0017,1,
OI0004780,ORD003940,P0011,1,
OI0004781,ORD003940,P0004,1,
OI0004782,ORD003940,P0019,2,
OI0004783,ORD000495,P0005,1,
OI0004784,ORD000495,P0016,2,
OI0004785,ORD000495,P0002,1,
OI0004786,ORD003921,P0010,1,
OI0004787,ORD003921,P0003,2,
OI0004788,ORD001971,P0020,2,
OI0004789,ORD001971,P0025,2,
OI0004790,ORD001971,P0002,1,
OI0004791,ORD004105,P0002,1,
OI0004792,ORD004105,P0017,1,
OI0004793,ORD001574,P0025,2,
OI0004794,ORD003905,P0010,1,
OI0004795,ORD003905,P0013,2,
OI0004796,ORD002409,P0002,1,
OI0004797,ORD002409,P0009,1,
OI0004798,ORD004778,P0019,1,
OI0004799,ORD004778,P0003,1,
OI0004800,ORD004326,P0001,1,
OI0004801,ORD000532,P0021,1,
OI0004802,ORD000532,P0026,2,
OI0004803,ORD000634,P0003,3,
OI0004804,ORD001926,P0025,1,
OI0004805,ORD002522,P0019,1,
OI0004806,ORD002522,P0022,1,
OI0004807,ORD003548,P0019,1,
OI0004808,ORD003793,P0002,2,
OI0004809,ORD003793,P0008,2,
OI0004810,ORD003793,P0005,1,
OI0004811,ORD002264,P0014,-1,
OI0004812,ORD000113,P0021,1,
OI0004813,ORD001748,P0019,3,
OI0004814,ORD001748,P0003,2,
OI0004815,ORD003455,P0001,1,
OI0004816,ORD003455,P0019,1,
OI0004817,ORD003455,P0016,1,
OI0004818,ORD004124,P0022,1,
OI0004819,ORD003459,P0017,1,
OI0004820,ORD003459,P0008,1,
OI0004821,ORD004204,P0021,1,
OI0004822,ORD004204,P0022,2,
OI0004823,ORD000929,P0025,1,
OI0004824,ORD000231,P0016,1,
OI0004825,ORD000231,P0010,1,
OI0004826,ORD000231,P0018,1,
OI0004827,ORD002453,P0004,1,
OI0004828,ORD002453,P0016,1,
OI0004829,ORD002453,P0002,1,
OI0004830,ORD004200,P0015,1,
OI0004831,ORD000564,P0026,2,
OI0004832,ORD000564,P0022,1,
OI0004833,ORD000564,P0020,1,
OI0004834,ORD000564,P0002,2,
OI0004835,ORD003985,P0015,1,
OI0004836,ORD004346,P0017,1,
OI0004837,ORD002141,P0001,1,
OI0004838,ORD001818,P0017,1,
OI0004839,ORD002769,P0009,2,
OI0004840,ORD002769,P0016,1,
OI0004841,ORD002165,P0025,2,
OI0004842,ORD003028,P0010,1,
OI0004843,ORD003028,P0014,1,
OI0004844,ORD003028,P0009,1,
OI0004845,ORD004245,P0011,1,
OI0004846,ORD004245,P0012,2,
OI0004847,ORD003855,P0026,1,
OI0004848,ORD003855,P0026,3,
OI0004849,ORD003492,P0011,1,
OI0004850,ORD004767,P0020,1,
OI0004851,ORD004767,P0002,2,
OI0004852,ORD004767,P0017,1,
OI0004853,ORD000679,P0004,1,
OI0004854,ORD000679,P0014,1,
OI0004855,ORD000679,P0008,2,
OI0004856,ORD002172,P0011,1,
OI0004857,ORD001384,P0002,1,
OI0004858,ORD004746,P0018,1,
OI0004859,ORD004330,P0024,1,
OI0004860,ORD001793,P0009,1,
OI0004861,ORD001793,P0023,1,
OI0004862,ORD000844,P0014,1,
OI0004863,ORD000316,P0024,2,
OI0004864,ORD000494,P0007,2,
OI0004865,ORD000494,P0019,1,
OI0004866,ORD002576,P0012,1,
OI0004867,ORD002576,P0025,1,
OI0004868,ORD002576,P0002,1,
OI0004869,ORD002576,P0011,2,
OI0004870,ORD000039,P0017,3,
OI0004871,ORD000039,P0021,1,
OI0004872,ORD001494,P0021,1,
OI0004873,ORD001494,P0006,3,
OI0004874,ORD003338,P0005,1,
OI0004875,ORD003338,P0013,1,
OI0004876,ORD004469,P0025,1,
OI0004877,ORD004469,P0023,1,
OI0004878,ORD003464,P0015,3,
OI0004879,ORD003464,P0009,1,
OI0004880,ORD002606,P0007,1,
OI0004881,ORD001167,P0012,1,
OI0004882,ORD001167,P0009,1,
OI0004883,ORD002655,P0023,1,
OI0004884,ORD002655,P0017,1,
OI0004885,ORD004454,P0004,2,
OI0004886,ORD000404,P0009,1,
OI0004887,ORD000404,P0026,2,
OI0004888,ORD001059,P0008,1,
OI0004889,ORD001059,P0025,1,
OI0004890,ORD001059,P0025,-1,
OI0004891,ORD001059,P0013,1,
OI0004892,ORD002079,P0024,1,
OI0004893,ORD002079,P0017,1,
OI0004894,ORD002877,P0018,1,
OI0004895,ORD002527,P0008,1,
OI0004896,ORD002527,P0025,1,
OI0004897,ORD002527,P0008,1,
OI0004898,ORD002801,P0006,1,
OI0004899,ORD001454,P0022,1,
OI0004900,ORD000638,P0015,1,
OI0004901,ORD001590,P0012,1,
OI0004902,ORD001590,P0014,2,
OI0004903,ORD001590,P0017,1,
OI0004904,ORD001590,P0014,1,
OI0004905,ORD004101,P0024,2,
OI0004906,ORD004614,P0018,1,
OI0004907,ORD000187,P0021,1,
OI0004908,ORD001700,P0022,1,
OI0004909,ORD002273,P0007,1,
OI0004910,ORD002273,P0006,2,
OI0004911,ORD004563,P0020,2,
OI0004912,ORD001912,P0022,1,
OI0004913,ORD004191,P0008,1,
OI0004914,ORD004960,P0004,1,
OI0004915,ORD002034,P0005,1,
OI0004916,ORD002034,P0001,1,
OI0004917,ORD002034,P0007,2,
OI0004918,ORD002034,P0013,1,
OI0004919,ORD004455,P0010,2,
OI0004920,ORD004455,P0022,1,
OI0004921,ORD004455,P0019,1,
OI0004922,ORD003346,P0008,1,
OI0004923,ORD003346,P0021,2,
OI0004924,ORD003346,P0022,1,
OI0004925,ORD000986,P0023,1,
OI0004926,ORD000479,P0014,1,
OI0004927,ORD000479,P0025,3,
OI0004928,ORD003689,P0011,1,
OI0004929,ORD001220,P0021,1,
OI0004930,ORD000860,P0013,1,
OI0004931,ORD000860,P0019,1,
OI0004932,ORD000860,P0025,2,
OI0004933,ORD000055,P0017,1,
OI0004934,ORD000055,P0002,1,
OI0004935,ORD000133,P0002,2,
OI0004936,ORD004172,P0013,2,
OI0004937,ORD004029,P0021,1,
OI0004938,ORD004029,P0009,1,
OI0004939,ORD002925,P0021,1,
OI0004940,ORD002925,P0024,1,
OI0004941,ORD000203,P0009,1,
OI0004942,ORD000203,P0001,1,
OI0004943,ORD000203,P0021,1,
OI0004944,ORD002476,P0016,2,
OI0004945,ORD002552,P0003,1,
OI0004946,ORD002552,P0002,2,
OI0004947,ORD002552,P0022,1,
OI0004948,ORD004798,P0019,1,
OI0004949,ORD004798,P0009,2,
OI0004950,ORD002256,P0003,2,
OI0004951,ORD003555,P0015,2,
OI0004952,ORD004908,P0006,1,
OI0004953,ORD000431,P0021,3,
OI0004954,ORD000431,P0001,2,
OI0004955,ORD000431,P0014,1,
OI0004956,ORD000431,P0009,1,
OI0004957,ORD004933,P0007,2,
OI0004958,ORD004427,P0015,1,
OI0004959,ORD003021,P0026,1,
OI0004960,ORD000830,P0018,1,
OI0004961,ORD000830,P0010,2,
OI0004962,ORD003544,P0026,1,
OI0004963,ORD000217,P0003,1,
OI0004964,ORD000217,P0021,1,
OI0004965,ORD000217,P0017,1,
OI0004966,ORD001578,P0004,2,
OI0004967,ORD004484,P0004,3,
OI0004968,ORD004484,P0006,1,
OI0004969,ORD004336,P0002,2,
OI0004970,ORD000412,P0008,-1,
OI0004971,ORD000583,P0020,1,
OI0004972,ORD000583,P0020,1,
OI0004973,ORD002035,P0023,2,
OI0004974,ORD002035,P0012,1,
OI0004975,ORD002035,P0025,1,
OI0004976,ORD000982,P0005,2,
OI0004977,ORD004701,P0010,1,
OI0004978,ORD001737,P0022,2,
OI0004979,ORD001737,P0016,1,
OI0004980,ORD001737,P0012,1,
OI0004981,ORD002163,P0005,2,
OI0004982,ORD002163,P0018,2,
OI0004983,ORD003743,P0008,-1,
OI0004984,ORD003957,P0004,1,
OI0004985,ORD003957,P0014,1,
OI0004986,ORD000209,P0002,1,
OI0004987,ORD000209,P0026,1,
OI0004988,ORD001645,P0009,3,
OI0004989,ORD001645,P0017,2,
OI0004990,ORD000486,P0001,2,
OI0004991,ORD003076,P0007,1,
OI0004992,ORD001013,P0002,1,
OI0004993,ORD003763,P0023,1,
OI0004994,ORD004497,P0004,1,
OI0004995,ORD001143,P0001,1,
OI0004996,ORD001143,P0009,1,
OI0004997,ORD002690,P0023,1,
OI0004998,ORD002690,P0017,1,
OI0004999,ORD002690,P0022,3,
OI0005000,ORD000804,P0025,1,
OI0005001,ORD001274,P0001,1,
OI0005002,ORD001520,P0002,2,
OI0005003,ORD004862,P0009,1,
OI0005004,ORD004862,P0001,1,
OI0005005,ORD000374,P0017,1,
OI0005006,ORD003983,P0005,2,
OI0005007,ORD000180,P0010,1,
OI0005008,ORD000180,P0007,1,
OI0005009,ORD000413,P0001,1,
OI0005010,ORD000403,P0016,3,
OI0005011,ORD000403,P0012,1,
OI0005012,ORD001423,P0010,3,
OI0005013,ORD004014,P0024,1,
OI0005014,ORD001064,P0003,1,
OI0005015,ORD002899,P0018,1,
OI0005016,ORD002899,P0011,1,
OI0005017,ORD002899,P0013,2,
OI0005018,ORD001660,P0017,1,
OI0005019,ORD001660,P0020,1,
OI0005020,ORD001660,P0007,3,
OI0005021,ORD000096,P0020,1,
OI0005022,ORD002199,P0013,1,
OI0005023,ORD002199,P0021,1,
OI0005024,ORD002199,P0012,1,
OI0005025,ORD004022,P0015,2,
OI0005026,ORD004022,P0010,2,
OI0005027,ORD002912,P0020,2,
OI0005028,ORD003252,P0015,3,
OI0005029,ORD003252,P0009,2,
OI0005030,ORD004309,P0015,2,
OI0005031,ORD004309,P0002,1,
OI0005032,ORD004309,P0019,3,
OI0005033,ORD002164,P0015,1,
OI0005034,ORD002164,P0020,1,
OI0005035,ORD002164,P0026,1,
OI0005036,ORD002164,P0011,1,
OI0005037,ORD000266,P0013,1,
OI0005038,ORD004121,P0025,1,
OI0005039,ORD004121,P0001,1,
OI0005040,ORD002060,P0018,3,
OI0005041,ORD002060,P0024,1,
OI0005042,ORD002060,P0002,1,
OI0005043,ORD002050,P0004,2,
OI0005044,ORD001178,P0014,1,
OI0005045,ORD001178,P0009,2,
OI0005046,ORD001178,P0002,1,
OI0005047,ORD002404,P0004,2,
OI0005048,ORD003469,P0015,1,
OI0005049,ORD003469,P0026,1,
OI0005050,ORD001382,P0019,1,
OI0005051,ORD001382,P0013,1,
OI0005052,ORD001382,P0015,1,
OI0005053,ORD001382,P0014,1,
OI0005054,ORD003531,P0009,1,
OI0005055,ORD004720,P0023,1,
OI0005056,ORD004720,P0004,3,
OI0005057,ORD004720,P0013,1,
OI0005058,ORD004720,P0016,1,
OI0005059,ORD004595,P0005,2,
OI0005060,ORD004654,P0016,2,
OI0005061,ORD002739,P0017,1,
OI0005062,ORD002739,P0021,1,
OI0005063,ORD002739,P0019,3,
OI0005064,ORD003301,P0013,1,
OI0005065,ORD003301,P0017,1,
OI0005066,ORD003249,P0018,2,
OI0005067,ORD003423,P0023,1,
OI0005068,ORD000602,P0015,2,
OI0005069,ORD004788,P0012,1,
OI0005070,ORD004788,P0016,1,
OI0005071,ORD004995,P0020,2,
OI0005072,ORD003187,P0004,1,
OI0005073,ORD003187,P0010,1,
OI0005074,ORD003924,P0002,2,
OI0005075,ORD003924,P0012,1,
OI0005076,ORD000802,P0004,1,
OI0005077,ORD000802,P0014,1,
OI0005078,ORD002020,P0020,1,
OI0005079,ORD002509,P0006,1,
OI0005080,ORD002509,P0018,1,
OI0005081,ORD002910,P0010,1,
OI0005082,ORD002910,P0007,2,
OI0005083,ORD004825,P0016,1,
OI0005084,ORD004825,P0024,1,
OI0005085,ORD004000,P0026,2,
OI0005086,ORD000507,P0007,2,
OI0005087,ORD003044,P0011,-1,
OI0005088,ORD003044,P0015,2,
OI0005089,ORD003044,P0012,1,
OI0005090,ORD002633,P0023,3,
OI0005091,ORD002633,P0022,3,
OI0005092,ORD002633,P0008,3,
OI0005093,ORD001160,P0002,2,
OI0005094,ORD001133,P0024,1,
OI0005095,ORD001133,P0012,1,
OI0005096,ORD001133,P0019,1,
OI0005097,ORD001133,P0014,1,
OI0005098,ORD002831,P0011,1,
OI0005099,ORD003991,P0004,1,
OI0005100,ORD003991,P0008,2,
OI0005101,ORD001638,P0006,1,
OI0005102,ORD001638,P0026,1,
OI0005103,ORD001638,P0010,1,
OI0005104,ORD001638,P0004,1,
OI0005105,ORD000071,P0012,1,
OI0005106,ORD004974,P0004,-1,
OI0005107,ORD003203,P0023,2,
OI0005108,ORD003203,P0015,1,
OI0005109,ORD003538,P0011,1,
OI0005110,ORD003538,P0026,2,
OI0005111,ORD001462,P0006,1,
OI0005112,ORD001462,P0020,3,
OI0005113,ORD004362,P0018,1,
OI0005114,ORD004583,P0015,1,
OI0005115,ORD004583,P0006,2,
OI0005116,ORD004528,P0012,1,
OI0005117,ORD004179,P0008,1,
OI0005118,ORD001773,P0014,1,
OI0005119,ORD003871,P0002,2,
OI0005120,ORD004810,P0017,1,
OI0005121,ORD004610,P0014,1,
OI0005122,ORD004610,P0013,1,
OI0005123,ORD000618,P0023,1,
OI0005124,ORD000618,P0022,2,
OI0005125,ORD003451,P0009,1,
OI0005126,ORD004800,P0008,1,
OI0005127,ORD004800,P0005,1,
OI0005128,ORD004800,P0025,1,
OI0005129,ORD004800,P0023,1,
OI0005130,ORD003264,P0011,1,
OI0005131,ORD003660,P0009,1,
OI0005132,ORD003660,P0021,1,
OI0005133,ORD004793,P0009,1,
OI0005134,ORD004793,P0008,2,
OI0005135,ORD004793,P0017,2,
OI0005136,ORD004793,P0003,1,
OI0005137,ORD003585,P0003,1,
OI0005138,ORD001260,P0011,1,
OI0005139,ORD004152,P0025,2,
OI0005140,ORD001114,P0021,1,
OI0005141,ORD001114,P0010,1,
OI0005142,ORD003605,P0004,1,
OI0005143,ORD000964,P0024,1,
OI0005144,ORD000515,P0012,3,
OI0005145,ORD000597,P0002,1,
OI0005146,ORD000597,P0018,1,
OI0005147,ORD000597,P0026,1,
OI0005148,ORD004581,P0011,3,
OI0005149,ORD004581,P0019,1,
OI0005150,ORD001980,P0019,1,
OI0005151,ORD001980,P0006,3,
OI0005152,ORD002317,P0005,2,
OI0005153,ORD002051,P0002,1,
OI0005154,ORD004919,P0003,1,
OI0005155,ORD004919,P0016,2,
OI0005156,ORD002091,P0015,1,
OI0005157,ORD002091,P0012,1,
OI0005158,ORD002091,P0019,1,
OI0005159,ORD000446,P0011,1,
OI0005160,ORD001691,P0026,1,
OI0005161,ORD000150,P0011,1,
OI0005162,ORD000062,P0016,1,
OI0005163,ORD004789,P0009,1,
OI0005164,ORD000851,P0013,1,
OI0005165,ORD002618,P0014,2,
OI0005166,ORD002618,P0008,1,
OI0005167,ORD000247,P0026,1,
OI0005168,ORD000247,P0025,1,
OI0005169,ORD000247,P0024,1,
OI0005170,ORD002369,P0004,1,
OI0005171,ORD002369,P0023,1,
OI0005172,ORD002369,P0019,2,
OI0005173,ORD002369,P0003,1,
OI0005174,ORD003136,P0018,1,
OI0005175,ORD002714,P0015,2,
OI0005176,ORD000330,P0025,3,
OI0005177,ORD000330,P0021,2,
OI0005178,ORD001914,P0005,2,
OI0005179,ORD001939,P0020,1,
OI0005180,ORD001202,P0001,1,
OI0005181,ORD001202,P0018,2,
OI0005182,ORD002555,P0021,3,
OI0005183,ORD003856,P0009,1,
OI0005184,ORD003856,P0007,1,
OI0005185,ORD002092,P0002,1,
OI0005186,ORD002997,P0002,1,
OI0005187,ORD002997,P0023,1,
OI0005188,ORD004561,P0022,1,
OI0005189,ORD004561,P0026,1,
OI0005190,ORD001675,P0004,2,
OI0005191,ORD004123,P0023,1,
OI0005192,ORD003707,P0005,3,
OI0005193,ORD004240,P0010,3,
OI0005194,ORD004240,P0015,2,
OI0005195,ORD004240,P0025,1,
OI0005196,ORD001131,P0022,2,
OI0005197,ORD000533,P0007,1,
OI0005198,ORD000533,P0006,1,
OI0005199,ORD004979,P0017,2,
OI0005200,ORD001640,P0023,2,
OI0005201,ORD002863,P0013,1,
OI0005202,ORD002863,P0019,1,
OI0005203,ORD002863,P0008,1,
OI0005204,ORD001439,P0014,1,
OI0005205,ORD001587,P0023,3,
OI0005206,ORD002882,P0012,1,
OI0005207,ORD003884,P0004,1,
OI0005208,ORD003884,P0010,3,
OI0005209,ORD001606,P0010,1,
OI0005210,ORD001606,P0017,1,
OI0005211,ORD001606,P0025,1,
OI0005212,ORD003570,P0012,1,
OI0005213,ORD004678,P0023,3,
OI0005214,ORD004678,P0011,1,
OI0005215,ORD004678,P0005,2,
OI0005216,ORD001856,P0005,-1,
OI0005217,ORD001615,P0018,3,
OI0005218,ORD001615,P0013,1,
OI0005219,ORD001615,P0006,1,
OI0005220,ORD001615,P0007,1,
OI0005221,ORD003680,P0025,1,
OI0005222,ORD003680,P0009,1,
OI0005223,ORD003680,P0013,1,
OI0005224,ORD002737,P0017,1,
OI0005225,ORD002737,P0008,1,
OI0005226,ORD001880,P0012,1,
OI0005227,ORD001880,P0009,2,
OI0005228,ORD000517,P0017,1,
OI0005229,ORD004820,P0019,1,
OI0005230,ORD004820,P0014,1,
OI0005231,ORD000416,P0006,1,
OI0005232,ORD000416,P0020,1,
OI0005233,ORD001302,P0023,1,
OI0005234,ORD000669,P0003,2,
OI0005235,ORD000669,P0016,1,
OI0005236,ORD004975,P0007,1,
OI0005237,ORD002191,P0012,3,
OI0005238,ORD002191,P0021,-1,
OI0005239,ORD003972,P0025,3,
OI0005240,ORD003972,P0006,3,
OI0005241,ORD003972,P0026,3,
OI0005242,ORD002012,P0017,1,
OI0005243,ORD000341,P0022,3,
OI0005244,ORD003976,P0012,2,
OI0005245,ORD003976,P0001,1,
OI0005246,ORD002287,P0010,1,
OI0005247,ORD002287,P0008,2,
OI0005248,ORD001433,P0021,1,
OI0005249,ORD004756,P0024,1,
OI0005250,ORD001063,P0004,2,
OI0005251,ORD001063,P0014,2,
OI0005252,ORD004635,P0019,1,
OI0005253,ORD004635,P0014,1,
OI0005254,ORD004635,P0016,3,
OI0005255,ORD004635,P0009,1,
OI0005256,ORD002015,P0002,2,
OI0005257,ORD001267,P0002,1,
OI0005258,ORD001267,P0018,1,
OI0005259,ORD002998,P0018,1,
OI0005260,ORD002998,P0001,2,
OI0005261,ORD000840,P0023,1,
OI0005262,ORD002564,P0008,1,
OI0005263,ORD002946,P0005,1,
OI0005264,ORD002946,P0007,1,
OI0005265,ORD002946,P0020,1,
OI0005266,ORD002045,P0025,1,
OI0005267,ORD001499,P0015,1,
OI0005268,ORD000029,P0006,-1,
OI0005269,ORD004587,P0012,1,
OI0005270,ORD004587,P0004,3,
OI0005271,ORD001364,P0002,1,
OI0005272,ORD000361,P0019,2,
OI0005273,ORD000361,P0023,2,
OI0005274,ORD003655,P0010,1,
OI0005275,ORD003655,P0026,1,
OI0005276,ORD003655,P0024,2,
OI0005277,ORD000439,P0023,1,
OI0005278,ORD000104,P0008,1,
OI0005279,ORD000104,P0017,2,
OI0005280,ORD001569,P0002,2,
OI0005281,ORD001569,P0019,2,
OI0005282,ORD001229,P0019,1,
OI0005283,ORD002597,P0021,1,
OI0005284,ORD004945,P0010,1,
OI0005285,ORD004945,P0014,2,
OI0005286,ORD004945,P0023,1,
OI0005287,ORD004378,P0024,-1,
OI0005288,ORD004055,P0026,1,
OI0005289,ORD004055,P0025,1,
OI0005290,ORD003700,P0014,2,
OI0005291,ORD000728,P0019,1,
OI0005292,ORD004751,P0011,3,
OI0005293,ORD004751,P0019,1,
OI0005294,ORD003651,P0018,1,
OI0005295,ORD000189,P0021,1,
OI0005296,ORD002972,P0009,1,
OI0005297,ORD001564,P0005,1,
OI0005298,ORD001564,P0007,1,
OI0005299,ORD001279,P0012,1,
OI0005300,ORD004750,P0016,1,
OI0005301,ORD004750,P0019,1,
OI0005302,ORD004750,P0016,1,
OI0005303,ORD002993,P0026,1,
OI0005304,ORD002993,P0002,1,
OI0005305,ORD002993,P0021,1,
OI0005306,ORD000920,P0009,1,
OI0005307,ORD004222,P0020,1,
OI0005308,ORD004222,P0006,1,
OI0005309,ORD004149,P0011,1,
OI0005310,ORD001759,P0025,1,
OI0005311,ORD001759,P0023,1,
OI0005312,ORD003691,P0022,-1,
OI0005313,ORD003691,P0001,1,
OI0005314,ORD000048,P0012,1,
OI0005315,ORD000048,P0016,3,
OI0005316,ORD001533,P0016,2,
OI0005317,ORD001533,P0021,1,
OI0005318,ORD002930,P0013,1,
OI0005319,ORD002930,P0023,1,
OI0005320,ORD002181,P0007,2,
OI0005321,ORD002181,P0012,1,
OI0005322,ORD002181,P0004,1,
OI0005323,ORD004223,P0006,1,
OI0005324,ORD004242,P0025,3,
OI0005325,ORD000121,P0015,1,
OI0005326,ORD000121,P0015,1,
OI0005327,ORD000121,P0016,1,
OI0005328,ORD004251,P0005,1,
OI0005329,ORD004251,P0025,1,
OI0005330,ORD004546,P0007,1,
OI0005331,ORD003959,P0020,1,
OI0005332,ORD003959,P0001,1,
OI0005333,ORD001750,P0022,1,
OI0005334,ORD001750,P0017,1,
OI0005335,ORD002569,P0022,-1,
OI0005336,ORD003011,P0009,-1,
OI0005337,ORD004839,P0014,1,
OI0005338,ORD004839,P0016,2,
OI0005339,ORD000521,P0024,1,
OI0005340,ORD000822,P0010,2,
OI0005341,ORD000822,P0012,1,
OI0005342,ORD000822,P0017,1,
OI0005343,ORD000720,P0002,1,
OI0005344,ORD000720,P0012,2,
OI0005345,ORD000720,P0013,3,
OI0005346,ORD000720,P0019,1,
OI0005347,ORD003055,P0018,1,
OI0005348,ORD002964,P0007,1,
OI0005349,ORD000368,P0025,1,
OI0005350,ORD000368,P0002,1,
OI0005351,ORD000368,P0006,1,
OI0005352,ORD000368,P0008,1,
OI0005353,ORD000122,P0013,1,
OI0005354,ORD004414,P0003,1,
OI0005355,ORD004414,P0013,1,
OI0005356,ORD001878,P0020,1,
OI0005357,ORD001878,P0013,1,
OI0005358,ORD000588,P0013,1,
OI0005359,ORD000588,P0015,1,
OI0005360,ORD002140,P0019,2,
OI0005361,ORD000993,P0021,1,
OI0005362,ORD002301,P0013,1,
OI0005363,ORD002301,P0001,1,
OI0005364,ORD002301,P0013,1,
OI0005365,ORD003377,P0026,-1,
OI0005366,ORD003377,P0012,1,
OI0005367,ORD003377,P0013,1,
OI0005368,ORD000350,P0024,3,
OI0005369,ORD003534,P0002,2,
OI0005370,ORD003534,P0017,1,
OI0005371,ORD003534,P0007,2,
OI0005372,ORD003413,P0025,1,
OI0005373,ORD003413,P0023,2,
OI0005374,ORD003413,P0024,1,
OI0005375,ORD004934,P0014,1,
OI0005376,ORD001747,P0006,2,
OI0005377,ORD001747,P0020,1,
OI0005378,ORD001747,P0024,1,
OI0005379,ORD003757,P0002,1,
OI0005380,ORD000227,P0023,2,
OI0005381,ORD000227,P0016,1,
OI0005382,ORD003325,P0020,1,
OI0005383,ORD003325,P0025,1,
OI0005384,ORD000709,P0018,1,
OI0005385,ORD004405,P0002,1,
OI0005386,ORD001904,P0023,2,
OI0005387,ORD003332,P0017,1,
OI0005388,ORD000130,P0001,1,
OI0005389,ORD000469,P0018,1,
OI0005390,ORD000469,P0012,1,
OI0005391,ORD001629,P0020,-1,
OI0005392,ORD004019,P0021,1,
OI0005393,ORD001175,P0026,1,
OI0005394,ORD001175,P0003,1,
OI0005395,ORD004559,P0011,1,
OI0005396,ORD004559,P0006,1,
OI0005397,ORD004559,P0023,1,
OI0005398,ORD003404,P0011,1,
OI0005399,ORD003404,P0022,1,
OI0005400,ORD001418,P0001,2,
OI0005401,ORD001341,P0025,2,
OI0005402,ORD002587,P0026,1,
OI0005403,ORD002587,P0005,1,
OI0005404,ORD002587,P0015,1,
OI0005405,ORD000724,P0007,1,
OI0005406,ORD002574,P0010,1,
OI0005407,ORD002574,P0006,1,
OI0005408,ORD000285,P0016,1,
OI0005409,ORD000285,P0009,1,
OI0005410,ORD000285,P0011,1,
OI0005411,ORD001715,P0008,1,
OI0005412,ORD001715,P0001,3,
OI0005413,ORD001715,P0004,-1,
OI0005414,ORD004520,P0002,1,
OI0005415,ORD004520,P0002,3,
OI0005416,ORD003900,P0010,2,
OI0005417,ORD002249,P0024,1,
OI0005418,ORD002249,P0018,1,
OI0005419,ORD000440,P0004,1,
OI0005420,ORD000440,P0021,1,
OI0005421,ORD001360,P0020,1,
OI0005422,ORD002873,P0014,1,
OI0005423,ORD004541,P0025,2,
OI0005424,ORD004541,P0014,1,
OI0005425,ORD000572,P0010,1,
OI0005426,ORD000572,P0011,1,
OI0005427,ORD003826,P0015,1,
OI0005428,ORD004459,P0008,1,
OI0005429,ORD003782,P0005,1,
OI0005430,ORD003782,P0023,1,
OI0005431,ORD003782,P0006,1,
OI0005432,ORD003717,P0001,1,
OI0005433,ORD004812,P0021,1,
OI0005434,ORD001207,P0011,3,
OI0005435,ORD003777,P0011,3,
OI0005436,ORD001862,P0001,1,
OI0005437,ORD001862,P0021,1,
OI0005438,ORD001411,P0012,3,
OI0005439,ORD004178,P0014,1,
OI0005440,ORD000655,P0011,1,
OI0005441,ORD000655,P0020,1,
OI0005442,ORD001277,P0024,1,
OI0005443,ORD001686,P0015,1,
OI0005444,ORD004368,P0026,1,
OI0005445,ORD004368,P0024,1,
OI0005446,ORD002610,P0012,1,
OI0005447,ORD002610,P0008,1,
OI0005448,ORD002610,P0021,1,
OI0005449,ORD001469,P0026,2,
OI0005450,ORD000932,P0014,1,
OI0005451,ORD001916,P0016,1,
OI0005452,ORD003839,P0015,1,
OI0005453,ORD001331,P0009,1,
OI0005454,ORD002822,P0003,2,
OI0005455,ORD003753,P0018,2,
OI0005456,ORD002036,P0012,1,
OI0005457,ORD004428,P0008,1,
OI0005458,ORD004428,P0006,2,
OI0005459,ORD002052,P0002,1,
OI0005460,ORD002052,P0001,1,
OI0005461,ORD001420,P0008,1,
OI0005462,ORD004063,P0011,2,
OI0005463,ORD000138,P0010,3,
OI0005464,ORD000577,P0022,2,
OI0005465,ORD004764,P0007,1,
OI0005466,ORD004764,P0008,3,
OI0005467,ORD004764,P0002,2,
OI0005468,ORD004764,P0025,1,
OI0005469,ORD003640,P0026,1,
OI0005470,ORD004479,P0016,1,
OI0005471,ORD004479,P0019,1,
OI0005472,ORD001184,P0026,1,
OI0005473,ORD003861,P0020,1,
OI0005474,ORD003861,P0001,1,
OI0005475,ORD002444,P0011,1,
OI0005476,ORD002444,P0017,1,
OI0005477,ORD001830,P0026,1,
OI0005478,ORD001830,P0007,1,
OI0005479,ORD002103,P0019,3,
OI0005480,ORD003792,P0017,2,
OI0005481,ORD003792,P0014,2,
OI0005482,ORD003635,P0022,1,
OI0005483,ORD003635,P0016,1,
OI0005484,ORD000565,P0001,2,
OI0005485,ORD003292,P0010,1,
OI0005486,ORD003292,P0012,1,
OI0005487,ORD002077,P0013,1,
OI0005488,ORD002821,P0025,2,
OI0005489,ORD002821,P0022,1,
OI0005490,ORD002821,P0015,1,
OI0005491,ORD002821,P0023,1,
OI0005492,ORD000376,P0005,1,
OI0005493,ORD002209,P0008,1,
OI0005494,ORD003154,P0024,1,
OI0005495,ORD003154,P0016,1,
OI0005496,ORD002894,P0019,1,
OI0005497,ORD000571,P0026,1,
OI0005498,ORD000571,P0009,2,
OI0005499,ORD000066,P0019,2,
OI0005500,ORD002954,P0002,-1,
OI0005501,ORD002638,P0016,1,
OI0005502,ORD001094,P0018,2,
OI0005503,ORD000566,P0011,1,
OI0005504,ORD000566,P0016,1,
OI0005505,ORD002255,P0012,1,
OI0005506,ORD002255,P0015,2,
OI0005507,ORD002255,P0001,1,
OI0005508,ORD000240,P0014,1,
OI0005509,ORD000240,P0015,1,
OI0005510,ORD000240,P0025,1,
OI0005511,ORD000392,P0008,1,
OI0005512,ORD000220,P0006,1,
OI0005513,ORD000220,P0017,3,
OI0005514,ORD000220,P0008,1,
OI0005515,ORD002934,P0005,1,
OI0005516,ORD002934,P0024,1,
OI0005517,ORD003341,P0004,1,
OI0005518,ORD001770,P0019,1,
OI0005519,ORD001770,P0017,1,
OI0005520,ORD001657,P0009,1,
OI0005521,ORD001120,P0014,2,
OI0005522,ORD001120,P0025,1,
OI0005523,ORD001120,P0004,1,
OI0005524,ORD001120,P0006,1,
OI0005525,ORD004536,P0014,1,
OI0005526,ORD004408,P0012,1,
OI0005527,ORD004081,P0025,2,
OI0005528,ORD001026,P0011,3,
OI0005529,ORD001026,P0025,1,
OI0005530,ORD001026,P0015,1,
OI0005531,ORD002447,P0001,1,
OI0005532,ORD002488,P0026,2,
OI0005533,ORD002488,P0021,1,
OI0005534,ORD004360,P0021,1,
OI0005535,ORD004168,P0015,1,
OI0005536,ORD004939,P0025,1,
OI0005537,ORD004939,P0016,1,
OI0005538,ORD001829,P0010,3,
OI0005539,ORD003604,P0012,1,
OI0005540,ORD001684,P0025,1,
OI0005541,ORD001684,P0008,1,
OI0005542,ORD001684,P0013,1,
OI0005543,ORD001692,P0022,2,
OI0005544,ORD001138,P0021,1,
OI0005545,ORD001138,P0014,1,
OI0005546,ORD000980,P0009,1,
OI0005547,ORD003124,P0002,2,
OI0005548,ORD001327,P0002,3,
OI0005549,ORD001327,P0018,1,
OI0005550,ORD000834,P0013,2,
OI0005551,ORD001487,P0021,1,
OI0005552,ORD001487,P0020,2,
OI0005553,ORD003543,P0021,1,
OI0005554,ORD004558,P0017,3,
OI0005555,ORD004558,P0022,1,
OI0005556,ORD004558,P0021,1,
OI0005557,ORD002723,P0016,1,
OI0005558,ORD004976,P0025,1,
OI0005559,ORD002605,P0017,2,
OI0005560,ORD000775,P0025,2,
OI0005561,ORD003330,P0009,1,
OI0005562,ORD003330,P0021,2,
OI0005563,ORD004600,P0014,1,
OI0005564,ORD004600,P0008,1,
OI0005565,ORD004600,P0002,2,
OI0005566,ORD001266,P0007,1,
OI0005567,ORD002349,P0009,2,
OI0005568,ORD002349,P0024,1,
OI0005569,ORD003110,P0014,1,
OI0005570,ORD003110,P0006,2,
OI0005571,ORD000580,P0019,1,
OI0005572,ORD002054,P0019,1,
OI0005573,ORD004406,P0001,3,
OI0005574,ORD003904,P0013,3,
OI0005575,ORD002844,P0004,1,
OI0005576,ORD002844,P0001,1,
OI0005577,ORD002844,P0021,1,
OI0005578,ORD001513,P0006,1,
OI0005579,ORD002646,P0009,1,
OI0005580,ORD004718,P0005,1,
OI0005581,ORD004909,P0012,1,
OI0005582,ORD002713,P0019,1,
OI0005583,ORD004646,P0006,2,
OI0005584,ORD004646,P0019,1,
OI0005585,ORD001304,P0019,3,
OI0005586,ORD001304,P0016,1,
OI0005587,ORD003744,P0019,1,
OI0005588,ORD002144,P0015,3,
OI0005589,ORD000394,P0011,2,
OI0005590,ORD003527,P0009,1,
OI0005591,ORD004372,P0009,2,
OI0005592,ORD004372,P0025,1,
OI0005593,ORD004372,P0003,2,
OI0005594,ORD001001,P0009,2,
OI0005595,ORD001001,P0012,1,
OI0005596,ORD001001,P0009,1,
OI0005597,ORD002962,P0024,1,
OI0005598,ORD002962,P0020,3,
OI0005599,ORD000397,P0024,-1,
OI0005600,ORD000397,P0009,1,
OI0005601,ORD000487,P0004,2,
OI0005602,ORD000487,P0024,2,
OI0005603,ORD001780,P0017,1,
OI0005604,ORD001021,P0007,2,
OI0005605,ORD000898,P0020,1,
OI0005606,ORD002803,P0006,2,
OI0005607,ORD001136,P0026,1,
OI0005608,ORD002110,P0014,1,
OI0005609,ORD002415,P0026,1,
OI0005610,ORD002445,P0007,1,
OI0005611,ORD003445,P0003,1,
OI0005612,ORD000208,P0024,1,
OI0005613,ORD000208,P0003,1,
OI0005614,ORD000208,P0009,3,
OI0005615,ORD000167,P0003,2,
OI0005616,ORD003536,P0005,2,
OI0005617,ORD001592,P0016,1,
OI0005618,ORD001592,P0012,1,
OI0005619,ORD001057,P0017,3,
OI0005620,ORD001057,P0021,2,
OI0005621,ORD001967,P0015,1,
OI0005622,ORD001967,P0003,1,
OI0005623,ORD001742,P0023,1,
OI0005624,ORD002244,P0017,3,
OI0005625,ORD003964,P0014,1,
OI0005626,ORD002226,P0014,1,
OI0005627,ORD003473,P0015,1,
OI0005628,ORD003473,P0020,1,
OI0005629,ORD001380,P0004,1,
OI0005630,ORD001380,P0010,2,
OI0005631,ORD003003,P0023,1,
OI0005632,ORD004065,P0019,1,
OI0005633,ORD004065,P0020,1,
OI0005634,ORD004898,P0016,1,
OI0005635,ORD000037,P0024,2,
OI0005636,ORD001591,P0023,2,
OI0005637,ORD001591,P0001,3,
OI0005638,ORD004871,P0014,2,
OI0005639,ORD002531,P0006,1,
OI0005640,ORD002935,P0023,2,
OI0005641,ORD003032,P0015,1,
OI0005642,ORD001884,P0007,1,
OI0005643,ORD002977,P0004,1,
OI0005644,ORD002365,P0024,1,
OI0005645,ORD002365,P0001,1,
OI0005646,ORD003168,P0001,1,
OI0005647,ORD003168,P0014,1,
OI0005648,ORD004891,P0020,1,
OI0005649,ORD004137,P0020,1,
OI0005650,ORD004137,P0012,3,
OI0005651,ORD002384,P0025,2,
OI0005652,ORD003040,P0018,3,
OI0005653,ORD003040,P0012,1,
OI0005654,ORD001871,P0011,1,
OI0005655,ORD003382,P0025,1,
OI0005656,ORD003382,P0017,1,
OI0005657,ORD002026,P0012,1,
OI0005658,ORD002026,P0013,1,
OI0005659,ORD002808,P0021,1,
OI0005660,ORD002808,P0005,1,
OI0005661,ORD002808,P0016,1,
OI0005662,ORD000569,P0011,1,
OI0005663,ORD000963,P0005,2,
OI0005664,ORD000963,P0014,3,
OI0005665,ORD000963,P0004,3,
OI0005666,ORD000963,P0025,1,
OI0005667,ORD000624,P0003,1,
OI0005668,ORD002572,P0016,2,
OI0005669,ORD004186,P0021,1,
OI0005670,ORD003085,P0017,1,
OI0005671,ORD003085,P0019,-1,
OI0005672,ORD002326,P0014,1,
OI0005673,ORD001575,P0018,1,
OI0005674,ORD000379,P0018,3,
OI0005675,ORD000379,P0022,3,
OI0005676,ORD004491,P0008,1,
OI0005677,ORD004290,P0015,1,
OI0005678,ORD004290,P0009,2,
OI0005679,ORD000011,P0001,1,
OI0005680,ORD003270,P0002,1,
OI0005681,ORD001664,P0006,1,
OI0005682,ORD001664,P0002,1,
OI0005683,ORD000488,P0010,1,
OI0005684,ORD000488,P0017,2,
OI0005685,ORD000488,P0021,1,
OI0005686,ORD000488,P0017,2,
OI0005687,ORD004401,P0003,1,
OI0005688,ORD004401,P0015,1,
OI0005689,ORD000497,P0006,1,
OI0005690,ORD000369,P0005,1,
OI0005691,ORD004046,P0025,1,
OI0005692,ORD003188,P0022,2,
OI0005693,ORD003147,P0010,1,
OI0005694,ORD003147,P0012,1,
OI0005695,ORD004850,P0013,2,
OI0005696,ORD004850,P0012,1,
OI0005697,ORD004412,P0016,2,
OI0005698,ORD002115,P0024,-1,
OI0005699,ORD002115,P0025,1,
OI0005700,ORD000014,P0017,1,
OI0005701,ORD000014,P0012,1,
OI0005702,ORD000014,P0021,1,
OI0005703,ORD000014,P0021,1,
OI0005704,ORD004959,P0008,1,
OI0005705,ORD002508,P0024,1,
OI0005706,ORD000456,P0019,1,
OI0005707,ORD002432,P0005,1,
OI0005708,ORD004010,P0025,1,
OI0005709,ORD004010,P0019,2,
OI0005710,ORD001652,P0026,2,
OI0005711,ORD002926,P0009,1,
OI0005712,ORD002926,P0002,1,
OI0005713,ORD003047,P0020,1,
OI0005714,ORD003399,P0011,1,
OI0005715,ORD003399,P0014,1,
OI0005716,ORD003399,P0006,2,
OI0005717,ORD003673,P0007,1,
OI0005718,ORD003673,P0013,2,
OI0005719,ORD001019,P0008,1,
OI0005720,ORD001544,P0018,3,
OI0005721,ORD002126,P0016,1,
OI0005722,ORD003799,P0019,1,
OI0005723,ORD003799,P0015,3,
OI0005724,ORD000075,P0004,1,
OI0005725,ORD004894,P0018,1,
OI0005726,ORD004840,P0025,2,
OI0005727,ORD000009,P0026,1,
OI0005728,ORD000893,P0008,1,
OI0005729,ORD000893,P0012,1,
OI0005730,ORD000893,P0026,1,
OI0005731,ORD003119,P0008,1,
OI0005732,ORD003491,P0026,3,
OI0005733,ORD003491,P0017,2,
OI0005734,ORD004636,P0002,1,
OI0005735,ORD004636,P0011,2,
OI0005736,ORD004636,P0001,1,
OI0005737,ORD004636,P0019,1,
OI0005738,ORD005004,P0015,1,
OI0005739,ORD005004,P0003,1,
OI0005740,ORD005004,P0019,1,
OI0005741,ORD003794,P0007,1,
OI0005742,ORD000060,P0020,3,
OI0005743,ORD000060,P0016,1,
OI0005744,ORD000060,P0022,2,
OI0005745,ORD000608,P0011,1,
OI0005746,ORD000608,P0017,1,
OI0005747,ORD000608,P0017,1,
OI0005748,ORD000608,P0023,1,
OI0005749,ORD003042,P0008,1,
OI0005750,ORD003042,P0004,1,
OI0005751,ORD004993,P0009,1,
OI0005752,ORD004141,P0023,2,
OI0005753,ORD002978,P0010,3,
OI0005754,ORD003553,P0022,3,
OI0005755,ORD004977,P0016,2,
OI0005756,ORD004977,P0023,1,
OI0005757,ORD004977,P0019,2,
OI0005758,ORD000271,P0010,3,
OI0005759,ORD000271,P0011,1,
OI0005760,ORD004319,P0001,1,
OI0005761,ORD003705,P0003,3,
OI0005762,ORD003705,P0013,2,
OI0005763,ORD003705,P0003,1,
OI0005764,ORD003705,P0013,1,
OI0005765,ORD004531,P0004,1,
OI0005766,ORD000768,P0003,1,
OI0005767,ORD000768,P0017,1,
OI0005768,ORD001769,P0001,3,
OI0005769,ORD004361,P0013,1,
OI0005770,ORD001305,P0001,1,
OI0005771,ORD001681,P0021,3,
OI0005772,ORD001681,P0011,1,
OI0005773,ORD002162,P0002,2,
OI0005774,ORD002352,P0005,2,
OI0005775,ORD002352,P0003,1,
OI0005776,ORD000918,P0025,1,
OI0005777,ORD000481,P0003,2,
OI0005778,ORD000481,P0009,2,
OI0005779,ORD000647,P0022,1,
OI0005780,ORD000647,P0014,1,
OI0005781,ORD000647,P0025,1,
OI0005782,ORD002066,P0002,1,
OI0005783,ORD002066,P0010,1,
OI0005784,ORD002066,P0003,2,
OI0005785,ORD002066,P0014,3,
OI0005786,ORD000161,P0017,2,
OI0005787,ORD001840,P0004,1,
OI0005788,ORD001840,P0011,1,
OI0005789,ORD001840,P0008,1,
OI0005790,ORD003467,P0005,1,
OI0005791,ORD003656,P0009,1,
OI0005792,ORD004537,P0014,2,
OI0005793,ORD004102,P0001,1,
OI0005794,ORD004102,P0025,1,
OI0005795,ORD003443,P0023,2,
OI0005796,ORD001142,P0021,1,
OI0005797,ORD001142,P0008,1,
OI0005798,ORD001142,P0010,1,
OI0005799,ORD001142,P0024,2,
OI0005800,ORD000944,P0022,1,
OI0005801,ORD001336,P0022,1,
OI0005802,ORD001336,P0016,1,
OI0005803,ORD003218,P0011,1,
OI0005804,ORD003218,P0013,1,
OI0005805,ORD000809,P0008,-1,
OI0005806,ORD000809,P0009,1,
OI0005807,ORD003761,P0009,1,
OI0005808,ORD003761,P0016,1,
OI0005809,ORD004327,P0023,1,
OI0005810,ORD003506,P0020,1,
OI0005811,ORD003506,P0014,2,
OI0005812,ORD003506,P0016,1,
OI0005813,ORD002491,P0012,1,
OI0005814,ORD002491,P0012,2,
OI0005815,ORD004032,P0023,1,
OI0005816,ORD004032,P0011,1,
OI0005817,ORD004032,P0001,2,
OI0005818,ORD000826,P0024,1,
OI0005819,ORD003148,P0019,1,
OI0005820,ORD003375,P0020,1,
OI0005821,ORD002168,P0026,1,
OI0005822,ORD003130,P0016,3,
OI0005823,ORD003130,P0005,1,
OI0005824,ORD002975,P0005,1,
OI0005825,ORD003019,P0007,2,
OI0005826,ORD003617,P0006,1,
OI0005827,ORD003617,P0014,3,
OI0005828,ORD001654,P0009,1,
OI0005829,ORD001654,P0023,2,
OI0005830,ORD000207,P0026,1,
OI0005831,ORD000207,P0024,1,
OI0005832,ORD000179,P0001,1,
OI0005833,ORD000179,P0018,-1,
OI0005834,ORD000179,P0024,1,
OI0005835,ORD001232,P0003,2,
OI0005836,ORD001232,P0005,3,
OI0005837,ORD001791,P0019,1,
OI0005838,ORD000352,P0025,2,
OI0005839,ORD000352,P0006,1,
OI0005840,ORD000536,P0013,1,
OI0005841,ORD002324,P0023,2,
OI0005842,ORD002539,P0025,2,
OI0005843,ORD002539,P0004,1,
OI0005844,ORD002539,P0023,1,
OI0005845,ORD001195,P0003,1,
OI0005846,ORD001195,P0026,1,
OI0005847,ORD001195,P0021,2,
OI0005848,ORD001195,P0007,1,
OI0005849,ORD002010,P0023,1,
OI0005850,ORD000134,P0004,1,
OI0005851,ORD000134,P0010,2,
OI0005852,ORD000134,P0001,1,
OI0005853,ORD002343,P0008,2,
OI0005854,ORD004716,P0017,1,
OI0005855,ORD002313,P0005,1,
OI0005856,ORD002313,P0022,1,
OI0005857,ORD000363,P0026,1,
OI0005858,ORD000363,P0021,2,
OI0005859,ORD004160,P0023,2,
OI0005860,ORD004846,P0020,2,
OI0005861,ORD001796,P0010,1,
OI0005862,ORD000946,P0019,1,
OI0005863,ORD003069,P0021,1,
OI0005864,ORD003069,P0022,2,
OI0005865,ORD002094,P0003,1,
OI0005866,ORD002094,P0004,1,
OI0005867,ORD004899,P0021,1,
OI0005868,ORD001061,P0007,1,
OI0005869,ORD001869,P0009,1,
OI0005870,ORD001278,P0025,2,
OI0005871,ORD001278,P0023,2,
OI0005872,ORD001278,P0004,1,
OI0005873,ORD001278,P0005,2,
OI0005874,ORD001103,P0006,3,
OI0005875,ORD002153,P0017,2,
OI0005876,ORD002153,P0023,2,
OI0005877,ORD002049,P0025,2,
OI0005878,ORD002049,P0019,1,
OI0005879,ORD002049,P0019,2,
OI0005880,ORD000040,P0017,3,
OI0005881,ORD004382,P0017,1,
OI0005882,ORD001554,P0004,1,
OI0005883,ORD004367,P0005,1,
OI0005884,ORD004367,P0002,1,
OI0005885,ORD003662,P0007,1,
OI0005886,ORD003662,P0012,1,
OI0005887,ORD003662,P0008,1,
OI0005888,ORD000520,P0009,2,
OI0005889,ORD000520,P0018,1,
OI0005890,ORD001726,P0001,1,
OI0005891,ORD003490,P0015,2,
OI0005892,ORD003490,P0026,1,
OI0005893,ORD003490,P0004,1,
OI0005894,ORD003490,P0026,1,
OI0005895,ORD004823,P0009,1,
OI0005896,ORD003241,P0010,1,
OI0005897,ORD001753,P0001,1,
OI0005898,ORD001753,P0008,3,
OI0005899,ORD001753,P0011,1,
OI0005900,ORD002278,P0007,3,
OI0005901,ORD001962,P0004,2,
OI0005902,ORD001046,P0006,1,
OI0005903,ORD001046,P0024,1,
OI0005904,ORD004658,P0005,2,
OI0005905,ORD002195,P0019,3,
OI0005906,ORD003287,P0017,1,
OI0005907,ORD003287,P0012,1,
OI0005908,ORD003287,P0003,-1,
OI0005909,ORD003287,P0014,2,
OI0005910,ORD002485,P0026,3,
OI0005911,ORD002485,P0007,2,
OI0005912,ORD002485,P0015,2,
OI0005913,ORD003508,P0016,1,
OI0005914,ORD004551,P0007,2,
OI0005915,ORD004551,P0008,1,
OI0005916,ORD002880,P0023,1,
OI0005917,ORD002880,P0003,-1,
OI0005918,ORD002880,P0019,1,
OI0005919,ORD002880,P0024,1,
OI0005920,ORD003822,P0024,1,
OI0005921,ORD003788,P0008,1,
OI0005922,ORD003788,P0020,1,
OI0005923,ORD004683,P0007,1,
OI0005924,ORD004683,P0021,1,
OI0005925,ORD001761,P0018,1,
OI0005926,ORD003300,P0010,-1,
OI0005927,ORD003300,P0012,1,
OI0005928,ORD003300,P0002,1,
OI0005929,ORD000700,P0009,1,
OI0005930,ORD004735,P0014,1,
OI0005931,ORD002382,P0012,2,
OI0005932,ORD002200,P0014,3,
OI0005933,ORD004154,P0020,1,
OI0005934,ORD004154,P0023,2,
OI0005935,ORD000453,P0015,1,
OI0005936,ORD000453,P0004,1,
OI0005937,ORD000453,P0015,-1,
OI0005938,ORD002734,P0002,1,
OI0005939,ORD002734,P0016,1,
OI0005940,ORD003946,P0008,1,
OI0005941,ORD003946,P0023,1,
OI0005942,ORD000436,P0019,1,
OI0005943,ORD000436,P0026,2,
OI0005944,ORD000434,P0026,3,
OI0005945,ORD000434,P0024,1,
OI0005946,ORD000539,P0023,1,
OI0005947,ORD004907,P0018,2,
OI0005948,ORD004907,P0024,1,
OI0005949,ORD001566,P0011,1,
OI0005950,ORD003550,P0003,3,
OI0005951,ORD003550,P0012,3,
OI0005952,ORD003852,P0026,-1,
OI0005953,ORD002394,P0024,1,
OI0005954,ORD004684,P0024,1,
OI0005955,ORD003872,P0001,1,
OI0005956,ORD003872,P0009,2,
OI0005957,ORD003872,P0003,1,
OI0005958,ORD003389,P0018,1,
OI0005959,ORD003389,P0021,1,
OI0005960,ORD001413,P0026,2,
OI0005961,ORD001413,P0014,1,
OI0005962,ORD001413,P0017,1,
OI0005963,ORD001108,P0010,1,
OI0005964,ORD003736,P0012,1,
OI0005965,ORD002774,P0007,1,
OI0005966,ORD002774,P0018,2,
OI0005967,ORD000099,P0001,1,
OI0005968,ORD002283,P0005,2,
OI0005969,ORD002283,P0013,1,
OI0005970,ORD002950,P0003,3,
OI0005971,ORD001230,P0020,1,
OI0005972,ORD001230,P0003,1,
OI0005973,ORD003938,P0004,2,
OI0005974,ORD002469,P0022,1,
OI0005975,ORD003695,P0019,1,
OI0005976,ORD002669,P0011,3,
OI0005977,ORD004054,P0003,2,
OI0005978,ORD004054,P0009,1,
OI0005979,ORD004054,P0014,1,
OI0005980,ORD001676,P0025,3,
OI0005981,ORD001676,P0022,1,
OI0005982,ORD001676,P0007,2,
OI0005983,ORD001927,P0002,1,
OI0005984,ORD004220,P0006,2,
OI0005985,ORD004220,P0004,1,
OI0005986,ORD000921,P0012,1,
OI0005987,ORD003780,P0009,3,
OI0005988,ORD001294,P0010,1,
OI0005989,ORD001294,P0021,1,
OI0005990,ORD004043,P0022,1,
OI0005991,ORD002563,P0006,1,
OI0005992,ORD002563,P0025,1,
OI0005993,ORD002628,P0008,2,
OI0005994,ORD002628,P0021,1,
OI0005995,ORD001724,P0009,2,
OI0005996,ORD001724,P0023,1,
OI0005997,ORD004348,P0015,2,
OI0005998,ORD004348,P0011,3,
OI0005999,ORD002763,P0010,3,
OI0006000,ORD002763,P0019,-1,
OI0006001,ORD002763,P0001,2,
OI0006002,ORD000853,P0011,2,
OI0006003,ORD000093,P0013,1,
OI0006004,ORD004311,P0021,2,
OI0006005,ORD004311,P0018,2,
OI0006006,ORD001540,P0001,1,
OI0006007,ORD000739,P0013,1,
OI0006008,ORD001944,P0026,1,
OI0006009,ORD004275,P0015,1,
OI0006010,ORD004275,P0011,1,
OI0006011,ORD004275,P0005,1,
OI0006012,ORD003268,P0015,1,
OI0006013,ORD003268,P0005,2,
OI0006014,ORD003268,P0019,1,
OI0006015,ORD004951,P0014,1,
OI0006016,ORD004951,P0013,2,
OI0006017,ORD004951,P0023,1,
OI0006018,ORD003373,P0012,1,
OI0006019,ORD003373,P0009,1,
OI0006020,ORD004281,P0007,1,
OI0006021,ORD004281,P0014,2,
OI0006022,ORD003810,P0001,1,
OI0006023,ORD003810,P0012,1,
OI0006024,ORD003810,P0015,1,
OI0006025,ORD001113,P0021,1,
OI0006026,ORD001113,P0026,1,
OI0006027,ORD003612,P0022,2,
OI0006028,ORD003612,P0014,1,
OI0006029,ORD004785,P0026,1,
OI0006030,ORD004785,P0016,3,
OI0006031,ORD004785,P0004,1,
OI0006032,ORD002992,P0015,3,
OI0006033,ORD002722,P0024,1,
OI0006034,ORD002722,P0003,1,
OI0006035,ORD002722,P0010,1,
OI0006036,ORD002722,P0010,1,
OI0006037,ORD003001,P0020,2,
OI0006038,ORD003001,P0011,1,
OI0006039,ORD000582,P0021,1,
OI0006040,ORD004476,P0024,1,
OI0006041,ORD004476,P0012,1,
OI0006042,ORD004476,P0011,2,
OI0006043,ORD003094,P0025,1,
OI0006044,ORD001106,P0023,1,
OI0006045,ORD001106,P0006,1,
OI0006046,ORD001106,P0011,1,
OI0006047,ORD002408,P0007,2,
OI0006048,ORD004235,P0024,1,
OI0006049,ORD000742,P0025,1,
OI0006050,ORD000742,P0013,1,
OI0006051,ORD001403,P0016,1,
OI0006052,ORD001403,P0023,1,
OI0006053,ORD001403,P0009,2,
OI0006054,ORD003522,P0021,-1,
OI0006055,ORD003522,P0013,1,
OI0006056,ORD000064,P0020,1,
OI0006057,ORD001628,P0015,1,
OI0006058,ORD002654,P0006,1,
OI0006059,ORD004686,P0026,-1,
OI0006060,ORD004686,P0007,1,
OI0006061,ORD004686,P0002,1,
OI0006062,ORD004686,P0016,1,
OI0006063,ORD004308,P0012,1,
OI0006064,ORD003616,P0022,1,
OI0006065,ORD003616,P0005,1,
OI0006066,ORD000753,P0019,-1,
OI0006067,ORD000753,P0019,1,
OI0006068,ORD000753,P0007,3,
OI0006069,ORD000753,P0014,1,
OI0006070,ORD000540,P0016,2,
OI0006071,ORD000540,P0011,1,
OI0006072,ORD000540,P0012,1,
OI0006073,ORD003222,P0014,1,
OI0006074,ORD003510,P0017,1,
OI0006075,ORD001201,P0001,1,
OI0006076,ORD001201,P0007,1,
OI0006077,ORD001236,P0024,1,
OI0006078,ORD003112,P0016,1,
OI0006079,ORD003112,P0006,2,
OI0006080,ORD003112,P0014,1,
OI0006081,ORD004729,P0009,1,
OI0006082,ORD004729,P0004,1,
OI0006083,ORD003380,P0019,1,
OI0006084,ORD000593,P0004,1,
OI0006085,ORD000593,P0006,1,
OI0006086,ORD000221,P0002,1,
OI0006087,ORD000221,P0004,1,
OI0006088,ORD000221,P0018,1,
OI0006089,ORD001668,P0014,3,
OI0006090,ORD001004,P0003,1,
OI0006091,ORD001255,P0008,1,
OI0006092,ORD001052,P0012,1,
OI0006093,ORD001052,P0013,-1,
OI0006094,ORD001052,P0022,1,
OI0006095,ORD001052,P0019,1,
OI0006096,ORD001863,P0010,2,
OI0006097,ORD001863,P0018,1,
OI0006098,ORD001863,P0024,1,
OI0006099,ORD000026,P0010,2,
OI0006100,ORD000026,P0017,1,
OI0006101,ORD004790,P0016,1,
OI0006102,ORD004471,P0011,1,
OI0006103,ORD004471,P0008,1,
OI0006104,ORD000281,P0015,1,
OI0006105,ORD003309,P0015,1,
OI0006106,ORD003309,P0003,1,
OI0006107,ORD002242,P0011,1,
OI0006108,ORD002242,P0006,1,
OI0006109,ORD002242,P0020,1,
OI0006110,ORD000685,P0021,1,
OI0006111,ORD000685,P0025,2,
OI0006112,ORD000685,P0008,1,
OI0006113,ORD002333,P0023,1,
OI0006114,ORD002333,P0023,1,
OI0006115,ORD002333,P0008,2,
OI0006116,ORD002333,P0022,1,
OI0006117,ORD000455,P0003,2,
OI0006118,ORD000455,P0017,3,
OI0006119,ORD000455,P0015,1,
OI0006120,ORD004318,P0026,1,
OI0006121,ORD003851,P0010,1,
OI0006122,ORD003625,P0026,1,
OI0006123,ORD003625,P0013,2,
OI0006124,ORD003625,P0026,1,
OI0006125,ORD004655,P0004,2,
OI0006126,ORD004655,P0016,1,
OI0006127,ORD003046,P0001,1,
OI0006128,ORD003987,P0001,1,
OI0006129,ORD003987,P0004,1,
OI0006130,ORD003169,P0009,1,
OI0006131,ORD003169,P0023,1,
OI0006132,ORD004949,P0014,1,
OI0006133,ORD004949,P0017,3,
OI0006134,ORD004949,P0010,1,
OI0006135,ORD001296,P0001,1,
OI0006136,ORD001040,P0003,1,
OI0006137,ORD003374,P0011,1,
OI0006138,ORD003295,P0008,3,
OI0006139,ORD000103,P0002,1,
OI0006140,ORD000492,P0022,1,
OI0006141,ORD000492,P0009,1,
OI0006142,ORD000761,P0012,1,
OI0006143,ORD000761,P0001,2,
OI0006144,ORD000761,P0008,1,
OI0006145,ORD000761,P0004,2,
OI0006146,ORD000584,P0015,1,
OI0006147,ORD000584,P0007,1,
OI0006148,ORD000584,P0020,1,
OI0006149,ORD000584,P0021,1,
OI0006150,ORD004641,P0001,1,
OI0006151,ORD004641,P0010,1,
OI0006152,ORD004641,P0014,1,
OI0006153,ORD003686,P0020,2,
OI0006154,ORD003686,P0006,3,
OI0006155,ORD003686,P0022,2,
OI0006156,ORD003686,P0001,-1,
OI0006157,ORD004726,P0013,1,
OI0006158,ORD000310,P0013,1,
OI0006159,ORD000310,P0021,1,
OI0006160,ORD001936,P0008,1,
OI0006161,ORD001936,P0024,1,
OI0006162,ORD001936,P0009,2,
OI0006163,ORD001936,P0003,1,
OI0006164,ORD004988,P0026,1,
OI0006165,ORD004988,P0010,1,
OI0006166,ORD004988,P0003,2,
OI0006167,ORD003045,P0023,1,
OI0006168,ORD003045,P0011,1,
OI0006169,ORD003045,P0021,1,
OI0006170,ORD000169,P0013,1,
OI0006171,ORD002320,P0009,2,
OI0006172,ORD002320,P0025,1,
OI0006173,ORD002320,P0016,1,
OI0006174,ORD001560,P0009,3,
OI0006175,ORD001560,P0011,1,
OI0006176,ORD001560,P0011,1,
OI0006177,ORD002215,P0013,2,
OI0006178,ORD000837,P0009,1,
OI0006179,ORD000448,P0004,2,
OI0006180,ORD000384,P0009,2,
OI0006181,ORD000657,P0025,1,
OI0006182,ORD000704,P0018,2,
OI0006183,ORD001850,P0018,1,
OI0006184,ORD002681,P0026,2,
OI0006185,ORD004449,P0018,1,
OI0006186,ORD003190,P0011,2,
OI0006187,ORD003190,P0009,1,
OI0006188,ORD003083,P0009,2,
OI0006189,ORD003083,P0020,3,
OI0006190,ORD003083,P0009,2,
OI0006191,ORD000777,P0021,1,
OI0006192,ORD000367,P0002,1,
OI0006193,ORD000367,P0004,1,
OI0006194,ORD001891,P0025,2,
OI0006195,ORD001891,P0014,1,
OI0006196,ORD002521,P0015,1,
OI0006197,ORD002521,P0005,1,
OI0006198,ORD002521,P0014,2,
OI0006199,ORD000886,P0005,2,
OI0006200,ORD001890,P0013,1,
OI0006201,ORD004041,P0002,1,
OI0006202,ORD004041,P0003,3,
OI0006203,ORD000107,P0016,1,
OI0006204,ORD004364,P0021,2,
OI0006205,ORD004364,P0013,1,
OI0006206,ORD002307,P0009,1,
OI0006207,ORD003269,P0002,1,
OI0006208,ORD001367,P0023,2,
OI0006209,ORD004262,P0004,2,
OI0006210,ORD004262,P0018,2,
OI0006211,ORD002028,P0009,1,
OI0006212,ORD000393,P0015,1,
OI0006213,ORD000246,P0016,1,
OI0006214,ORD000123,P0005,1,
OI0006215,ORD001283,P0006,1,
OI0006216,ORD002478,P0004,1,
OI0006217,ORD002478,P0001,3,
OI0006218,ORD001949,P0012,1,
OI0006219,ORD001905,P0020,1,
OI0006220,ORD001905,P0008,1,
OI0006221,ORD001389,P0009,2,
OI0006222,ORD000041,P0019,1,
OI0006223,ORD000041,P0022,2,
OI0006224,ORD000128,P0009,2,
OI0006225,ORD000128,P0023,1,
OI0006226,ORD002390,P0024,2,
OI0006227,ORD002228,P0003,1,
OI0006228,ORD002228,P0025,1,
OI0006229,ORD001677,P0002,1,
OI0006230,ORD001677,P0014,1,
OI0006231,ORD003832,P0002,1,
OI0006232,ORD003832,P0016,2,
OI0006233,ORD004747,P0013,2,
OI0006234,ORD002340,P0021,1,
OI0006235,ORD000288,P0012,3,
OI0006236,ORD004077,P0020,1,
OI0006237,ORD004077,P0004,1,
OI0006238,ORD004077,P0013,2,
OI0006239,ORD002956,P0019,1,
OI0006240,ORD001697,P0013,3,
OI0006241,ORD003288,P0002,1,
OI0006242,ORD004913,P0013,1,
OI0006243,ORD004913,P0007,3,
OI0006244,ORD004913,P0026,1,
OI0006245,ORD004913,P0005,1,
OI0006246,ORD004500,P0026,1,
OI0006247,ORD003246,P0020,1,
OI0006248,ORD003193,P0015,2,
OI0006249,ORD003193,P0021,2,
OI0006250,ORD001374,P0018,3,
OI0006251,ORD004984,P0004,2,
OI0006252,ORD000131,P0014,1,
OI0006253,ORD000131,P0018,1,
OI0006254,ORD003812,P0008,2,
OI0006255,ORD003812,P0025,2,
OI0006256,ORD003812,P0019,1,
OI0006257,ORD003812,P0001,2,
OI0006258,ORD004783,P0023,2,
OI0006259,ORD000621,P0001,2,
OI0006260,ORD000621,P0020,1,
OI0006261,ORD004511,P0002,1,
OI0006262,ORD000696,P0008,1,
OI0006263,ORD000696,P0020,2,
OI0006264,ORD000696,P0010,1,
OI0006265,ORD002674,P0021,2,
OI0006266,ORD002674,P0011,2,
OI0006267,ORD002674,P0008,1,
OI0006268,ORD002674,P0016,1,
OI0006269,ORD002845,P0001,1,
OI0006270,ORD002845,P0015,1,
OI0006271,ORD001838,P0001,1,
OI0006272,ORD001838,P0025,1,
OI0006273,ORD001838,P0021,2,
OI0006274,ORD001838,P0004,2,
OI0006275,ORD001636,P0016,1,
OI0006276,ORD001636,P0016,1,
OI0006277,ORD001636,P0018,1,
OI0006278,ORD001636,P0001,1,
OI0006279,ORD002238,P0013,1,
OI0006280,ORD000612,P0001,1,
OI0006281,ORD000050,P0001,1,
OI0006282,ORD003785,P0003,1,
OI0006283,ORD003785,P0012,2,
OI0006284,ORD000206,P0009,1,
OI0006285,ORD003718,P0017,1,
OI0006286,ORD001563,P0001,2,
OI0006287,ORD001563,P0004,1,
OI0006288,ORD002817,P0004,2,
OI0006289,ORD002817,P0021,1,
OI0006290,ORD000407,P0003,2,
OI0006291,ORD001768,P0023,3,
OI0006292,ORD001568,P0009,2,
OI0006293,ORD001568,P0012,1,
OI0006294,ORD001568,P0014,1,
OI0006295,ORD001252,P0026,2,
OI0006296,ORD000789,P0005,2,
OI0006297,ORD000789,P0013,1,
OI0006298,ORD000146,P0015,1,
OI0006299,ORD000146,P0015,2,
OI0006300,ORD000212,P0005,1,
OI0006301,ORD000212,P0006,2,
OI0006302,ORD002548,P0002,1,
OI0006303,ORD003394,P0015,1,
OI0006304,ORD003394,P0010,2,
OI0006305,ORD003394,P0004,1,
OI0006306,ORD002186,P0020,1,
OI0006307,ORD002186,P0021,1,
OI0006308,ORD002186,P0003,1,
OI0006309,ORD000442,P0010,2,
OI0006310,ORD003720,P0014,1,
OI0006311,ORD001718,P0010,3,
OI0006312,ORD000707,P0020,3,
OI0006313,ORD000707,P0009,1,
OI0006314,ORD003920,P0012,1,
OI0006315,ORD003920,P0018,1,
OI0006316,ORD002759,P0013,2,
OI0006317,ORD002759,P0026,1,
OI0006318,ORD002759,P0004,1,
OI0006319,ORD002645,P0014,2,
OI0006320,ORD002645,P0008,3,
OI0006321,ORD002843,P0001,1,
OI0006322,ORD004659,P0008,1,
OI0006323,ORD003410,P0004,1,
OI0006324,ORD003410,P0013,1,
OI0006325,ORD001086,P0024,2,
OI0006326,ORD003783,P0001,1,
OI0006327,ORD004743,P0018,3,
OI0006328,ORD004743,P0013,1,
OI0006329,ORD004310,P0016,1,
OI0006330,ORD003699,P0015,1,
OI0006331,ORD003699,P0024,1,
OI0006332,ORD004493,P0014,1,
OI0006333,ORD001223,P0016,1,
OI0006334,ORD001223,P0002,2,
OI0006335,ORD001223,P0025,1,
OI0006336,ORD001223,P0005,1,
OI0006337,ORD003449,P0015,1,
OI0006338,ORD002032,P0018,1,
OI0006339,ORD002032,P0015,1,
OI0006340,ORD002032,P0021,1,
OI0006341,ORD002032,P0012,1,
OI0006342,ORD004494,P0004,1,
OI0006343,ORD001529,P0026,1,
OI0006344,ORD001529,P0014,2,
OI0006345,ORD000727,P0022,1,
OI0006346,ORD000727,P0021,1,
OI0006347,ORD000751,P0019,1,
OI0006348,ORD000751,P0001,1,
OI0006349,ORD003942,P0026,1,
OI0006350,ORD001667,P0006,1,
OI0006351,ORD002353,P0006,1,
OI0006352,ORD002353,P0018,1,
OI0006353,ORD003546,P0001,1,
OI0006354,ORD003546,P0025,1,
OI0006355,ORD001048,P0021,1,
OI0006356,ORD001597,P0015,-1,
OI0006357,ORD001597,P0015,1,
OI0006358,ORD003050,P0017,1,
OI0006359,ORD003050,P0018,2,
OI0006360,ORD000619,P0012,2,
OI0006361,ORD000619,P0009,1,
OI0006362,ORD000619,P0017,-1,
OI0006363,ORD001945,P0026,3,
OI0006364,ORD002286,P0007,1,
OI0006365,ORD002286,P0026,1,
OI0006366,ORD003013,P0024,1,
OI0006367,ORD003013,P0013,1,
OI0006368,ORD002991,P0017,1,
OI0006369,ORD002406,P0024,1,
OI0006370,ORD003981,P0020,2,
OI0006371,ORD003981,P0016,1,
OI0006372,ORD003981,P0010,1,
OI0006373,ORD001908,P0018,1,
OI0006374,ORD002229,P0006,3,
OI0006375,ORD001135,P0008,1,
OI0006376,ORD003075,P0017,1,
OI0006377,ORD003075,P0001,1,
OI0006378,ORD000591,P0011,1,
OI0006379,ORD000592,P0021,2,
OI0006380,ORD002599,P0006,3,
OI0006381,ORD000405,P0011,1,
OI0006382,ORD001268,P0020,1,
OI0006383,ORD004567,P0004,1,
OI0006384,ORD002927,P0024,2,
OI0006385,ORD001978,P0016,1,
OI0006386,ORD001978,P0005,1,
OI0006387,ORD001978,P0010,2,
OI0006388,ORD002546,P0009,2,
OI0006389,ORD004148,P0025,1,
OI0006390,ORD004148,P0015,1,
OI0006391,ORD004148,P0014,3,
OI0006392,ORD000309,P0023,1,
OI0006393,ORD000309,P0022,1,
OI0006394,ORD002635,P0011,3,
OI0006395,ORD002635,P0022,2,
OI0006396,ORD002257,P0026,1,
OI0006397,ORD003442,P0019,1,
OI0006398,ORD003442,P0015,1,
OI0006399,ORD000984,P0020,1,
OI0006400,ORD003199,P0011,-1,
OI0006401,ORD001521,P0006,1,
OI0006402,ORD003902,P0014,1,
OI0006403,ORD004108,P0020,1,
OI0006404,ORD004108,P0007,2,
OI0006405,ORD004108,P0022,2,
OI0006406,ORD004108,P0017,1,
OI0006407,ORD000882,P0009,1,
OI0006408,ORD000882,P0017,2,
OI0006409,ORD002315,P0014,-1,
OI0006410,ORD000409,P0012,1,
OI0006411,ORD001115,P0010,1,
OI0006412,ORD004038,P0010,2,
OI0006413,ORD003436,P0016,1,
OI0006414,ORD004296,P0002,1,
OI0006415,ORD004296,P0003,1,
OI0006416,ORD002825,P0013,1,
OI0006417,ORD002825,P0002,1,
OI0006418,ORD002825,P0014,1,
OI0006419,ORD004601,P0003,1,
OI0006420,ORD004093,P0012,2,
OI0006421,ORD002898,P0011,3,
OI0006422,ORD000232,P0002,1,
OI0006423,ORD004507,P0013,1,
OI0006424,ORD004507,P0024,2,
OI0006425,ORD004507,P0024,1,
OI0006426,ORD000272,P0026,2,
OI0006427,ORD000272,P0021,1,
OI0006428,ORD001145,P0022,1,
OI0006429,ORD003105,P0015,1,
OI0006430,ORD003105,P0007,1,
OI0006431,ORD003105,P0025,3,
OI0006432,ORD001100,P0013,1,
OI0006433,ORD004037,P0004,1,
OI0006434,ORD003990,P0022,1,
OI0006435,ORD003990,P0025,3,
OI0006436,ORD003948,P0003,1,
OI0006437,ORD003948,P0009,1,
OI0006438,ORD003948,P0005,1,
OI0006439,ORD004020,P0006,1,
OI0006440,ORD001459,P0026,1,
OI0006441,ORD004370,P0010,2,
OI0006442,ORD004370,P0014,1,
OI0006443,ORD002967,P0012,1,
OI0006444,ORD002967,P0011,3,
OI0006445,ORD000143,P0022,2,
OI0006446,ORD000143,P0003,1,
OI0006447,ORD000143,P0014,1,
OI0006448,ORD004737,P0012,1,
OI0006449,ORD004737,P0018,1,
OI0006450,ORD004770,P0021,3,
OI0006451,ORD003664,P0024,1,
OI0006452,ORD004294,P0012,2,
OI0006453,ORD003564,P0017,2,
OI0006454,ORD003564,P0006,2,
OI0006455,ORD003533,P0013,3,
OI0006456,ORD003533,P0009,2,
OI0006457,ORD003533,P0001,3,
OI0006458,ORD000698,P0005,1,
OI0006459,ORD000698,P0016,1,
OI0006460,ORD000698,P0009,1,
OI0006461,ORD000698,P0025,1,
OI0006462,ORD003471,P0005,1,
OI0006463,ORD003471,P0010,1,
OI0006464,ORD002684,P0016,1,
OI0006465,ORD000278,P0002,1,
OI0006466,ORD000278,P0016,3,
OI0006467,ORD000278,P0005,1,
OI0006468,ORD001074,P0009,3,
OI0006469,ORD000162,P0026,2,
OI0006470,ORD000162,P0017,1,
OI0006471,ORD000684,P0026,1,
OI0006472,ORD003226,P0022,2,
OI0006473,ORD003226,P0001,1,
OI0006474,ORD003226,P0019,1,
OI0006475,ORD001084,P0020,1,
OI0006476,ORD001084,P0019,1,
OI0006477,ORD001084,P0003,1,
OI0006478,ORD001084,P0009,1,
OI0006479,ORD004051,P0012,1,
OI0006480,ORD004317,P0025,1,
OI0006481,ORD001622,P0010,1,
OI0006482,ORD001622,P0003,1,
OI0006483,ORD004736,P0019,1,
OI0006484,ORD002233,P0017,2,
OI0006485,ORD002233,P0008,1,
OI0006486,ORD002233,P0012,2,
OI0006487,ORD000764,P0005,-1,
OI0006488,ORD000095,P0009,1,
OI0006489,ORD001717,P0001,1,
OI0006490,ORD003578,P0007,1,
OI0006491,ORD003578,P0024,1,
OI0006492,ORD003578,P0011,1,
OI0006493,ORD004323,P0015,1,
OI0006494,ORD003383,P0011,1,
OI0006495,ORD003383,P0024,1,
OI0006496,ORD003383,P0023,2,
OI0006497,ORD002100,P0003,1,
OI0006498,ORD002100,P0026,1,
OI0006499,ORD004715,P0004,3,
OI0006500,ORD004715,P0017,1,
OI0006501,ORD001430,P0018,1,
OI0006502,ORD001430,P0007,2,
OI0006503,ORD004354,P0016,1,
OI0006504,ORD003741,P0020,1,
OI0006505,ORD002551,P0013,3,
OI0006506,ORD004606,P0015,1,
OI0006507,ORD002479,P0025,2,
OI0006508,ORD002479,P0007,1,
OI0006509,ORD000035,P0025,1,
OI0006510,ORD004867,P0016,1,
OI0006511,ORD000953,P0024,2,
OI0006512,ORD000953,P0008,1,
OI0006513,ORD000953,P0017,1,
OI0006514,ORD000953,P0022,1,
OI0006515,ORD004313,P0020,1,
OI0006516,ORD004313,P0014,2,
OI0006517,ORD001029,P0004,2,
OI0006518,ORD001029,P0010,1,
OI0006519,ORD003398,P0026,1,
OI0006520,ORD003398,P0022,1,
OI0006521,ORD003398,P0017,3,
OI0006522,ORD000058,P0019,1,
OI0006523,ORD000058,P0006,1,
OI0006524,ORD001842,P0004,1,
OI0006525,ORD001842,P0012,1,
OI0006526,ORD001946,P0006,1,
OI0006527,ORD001946,P0010,1,
OI0006528,ORD003117,P0016,3,
OI0006529,ORD003117,P0012,1,
OI0006530,ORD003117,P0024,1,
OI0006531,ORD001164,P0021,1,
OI0006532,ORD004912,P0026,1,
OI0006533,ORD000879,P0011,2,
OI0006534,ORD000879,P0003,1,
OI0006535,ORD000879,P0014,2,
OI0006536,ORD004849,P0021,1,
OI0006537,ORD004302,P0001,2,
OI0006538,ORD000912,P0010,1,
OI0006539,ORD000912,P0025,1,
OI0006540,ORD002098,P0022,3,
OI0006541,ORD002098,P0015,1,
OI0006542,ORD002098,P0001,1,
OI0006543,ORD001472,P0008,1,
OI0006544,ORD001472,P0021,1,
OI0006545,ORD001472,P0021,2,
OI0006546,ORD004593,P0001,1,
OI0006547,ORD004593,P0007,2,
OI0006548,ORD002671,P0020,1,
OI0006549,ORD001816,P0019,3,
OI0006550,ORD004680,P0016,1,
OI0006551,ORD004680,P0026,1,
OI0006552,ORD004411,P0017,1,
OI0006553,ORD000842,P0003,2,
OI0006554,ORD002022,P0025,2,
OI0006555,ORD002022,P0018,1,
OI0006556,ORD002078,P0011,1,
OI0006557,ORD000267,P0021,1,
OI0006558,ORD003692,P0026,2,
OI0006559,ORD002142,P0022,1,
OI0006560,ORD002142,P0022,1,
OI0006561,ORD003113,P0013,1,
OI0006562,ORD003113,P0009,1,
OI0006563,ORD002064,P0019,3,
OI0006564,ORD002420,P0016,1,
OI0006565,ORD000854,P0015,2,
OI0006566,ORD000854,P0008,1,
OI0006567,ORD000854,P0014,1,
OI0006568,ORD004237,P0004,2,
OI0006569,ORD004474,P0004,2,
OI0006570,ORD004626,P0018,1,
OI0006571,ORD003975,P0012,1,
OI0006572,ORD002953,P0012,1,
OI0006573,ORD002953,P0003,1,
OI0006574,ORD002953,P0026,1,
OI0006575,ORD003178,P0001,3,
OI0006576,ORD001110,P0009,1,
OI0006577,ORD003362,P0001,-1,
OI0006578,ORD003362,P0013,1,
OI0006579,ORD003409,P0010,1,
OI0006580,ORD003438,P0025,2,
OI0006581,ORD003438,P0013,1,
OI0006582,ORD001572,P0005,1,
OI0006583,ORD004059,P0003,2,
OI0006584,ORD004059,P0011,1,
OI0006585,ORD004059,P0017,1,
OI0006586,ORD004059,P0001,2,
OI0006587,ORD000433,P0008,1,
OI0006588,ORD004504,P0014,2,
OI0006589,ORD004504,P0006,1,
OI0006590,ORD004504,P0023,1,
OI0006591,ORD000491,P0004,2,
OI0006592,ORD002294,P0015,1,
OI0006593,ORD002265,P0007,2,
OI0006594,ORD003302,P0020,1,
OI0006595,ORD001741,P0021,2,
OI0006596,ORD001741,P0014,1,
OI0006597,ORD002629,P0026,1,
OI0006598,ORD002629,P0004,1,
OI0006599,ORD002629,P0002,1,
OI0006600,ORD000088,P0013,1,
OI0006601,ORD000806,P0015,1,
OI0006602,ORD003639,P0004,1,
OI0006603,ORD001090,P0022,1,
OI0006604,ORD001090,P0020,1,
OI0006605,ORD001858,P0010,1,
OI0006606,ORD001858,P0002,1,
OI0006607,ORD000505,P0018,1,
OI0006608,ORD000505,P0020,1,
OI0006609,ORD002011,P0020,2,
OI0006610,ORD004125,P0022,2,
OI0006611,ORD004347,P0016,1,
OI0006612,ORD001859,P0017,1,
OI0006613,ORD001859,P0025,1,
OI0006614,ORD003657,P0017,2,
OI0006615,ORD003067,P0006,1,
OI0006616,ORD002203,P0023,1,
OI0006617,ORD002203,P0025,3,
OI0006618,ORD001347,P0011,1,
OI0006619,ORD003142,P0012,1,
OI0006620,ORD003142,P0026,-1,
OI0006621,ORD003406,P0007,1,
OI0006622,ORD003406,P0005,2,
OI0006623,ORD003406,P0003,1,
OI0006624,ORD003405,P0024,1,
OI0006625,ORD000972,P0006,3,
OI0006626,ORD002896,P0013,1,
OI0006627,ORD004086,P0026,2,
OI0006628,ORD004086,P0004,1,
OI0006629,ORD004086,P0015,1,
OI0006630,ORD000459,P0009,1,
OI0006631,ORD001437,P0007,1,
OI0006632,ORD001437,P0012,3,
OI0006633,ORD001437,P0014,1,
OI0006634,ORD003091,P0026,1,
OI0006635,ORD003091,P0021,2,
OI0006636,ORD004868,P0024,1,
OI0006637,ORD003569,P0026,1,
OI0006638,ORD003569,P0009,3,
OI0006639,ORD003569,P0020,1,
OI0006640,ORD001105,P0020,1,
OI0006641,ORD003135,P0018,1,
OI0006642,ORD003135,P0004,1,
OI0006643,ORD004661,P0005,1,
OI0006644,ORD003909,P0023,1,
OI0006645,ORD002514,P0006,1,
OI0006646,ORD002514,P0018,1,
OI0006647,ORD002514,P0001,1,
OI0006648,ORD002514,P0014,3,
OI0006649,ORD003845,P0017,1,
OI0006650,ORD001140,P0003,1,
OI0006651,ORD003516,P0013,1,
OI0006652,ORD003516,P0016,2,
OI0006653,ORD003516,P0022,1,
OI0006654,ORD003128,P0001,1,
OI0006655,ORD002198,P0001,1,
OI0006656,ORD002072,P0018,1,
OI0006657,ORD002072,P0022,1,
OI0006658,ORD002072,P0020,1,
OI0006659,ORD002072,P0016,2,
OI0006660,ORD000710,P0023,1,
OI0006661,ORD000710,P0010,-1,
OI0006662,ORD000712,P0003,1,
OI0006663,ORD002334,P0014,1,
OI0006664,ORD002334,P0012,1,
OI0006665,ORD000015,P0005,1,
OI0006666,ORD003768,P0015,1,
OI0006667,ORD003768,P0021,3,
OI0006668,ORD002835,P0012,2,
OI0006669,ORD002835,P0007,1,
OI0006670,ORD004036,P0002,1,
OI0006671,ORD004036,P0005,2,
OI0006672,ORD002486,P0009,3,
OI0006673,ORD003524,P0015,3,
OI0006674,ORD003524,P0016,1,
OI0006675,ORD003524,P0016,1,
OI0006676,ORD003524,P0011,1,
OI0006677,ORD002701,P0017,1,
OI0006678,ORD004495,P0024,1,
OI0006679,ORD004495,P0007,1,
OI0006680,ORD003525,P0003,1,
OI0006681,ORD003525,P0021,1,
OI0006682,ORD003098,P0011,1,
OI0006683,ORD003098,P0020,1,
OI0006684,ORD004467,P0004,1,
OI0006685,ORD004467,P0018,2,
OI0006686,ORD004467,P0012,-1,
OI0006687,ORD004467,P0026,3,
OI0006688,ORD001066,P0016,1,
OI0006689,ORD001066,P0017,2,
OI0006690,ORD001066,P0020,1,
OI0006691,ORD004630,P0006,2,
OI0006692,ORD002029,P0008,1,
OI0006693,ORD002029,P0008,1,
OI0006694,ORD002029,P0005,1,
OI0006695,ORD002029,P0007,1,
OI0006696,ORD004880,P0019,2,
OI0006697,ORD000184,P0018,1,
OI0006698,ORD004518,P0001,1,
OI0006699,ORD004193,P0011,2,
OI0006700,ORD004193,P0024,1,
OI0006701,ORD004193,P0010,2,
OI0006702,ORD001687,P0002,1,
OI0006703,ORD001687,P0022,1,
OI0006704,ORD001687,P0017,1,
OI0006705,ORD002357,P0015,2,
OI0006706,ORD000089,P0024,1,
OI0006707,ORD000089,P0025,1,
OI0006708,ORD000089,P0025,1,
OI0006709,ORD004343,P0015,2,
OI0006710,ORD004343,P0013,1,
OI0006711,ORD004343,P0002,1,
OI0006712,ORD000866,P0005,1,
OI0006713,ORD000866,P0025,1,
OI0006714,ORD000866,P0023,1,
OI0006715,ORD003254,P0012,2,
OI0006716,ORD003254,P0003,1,
OI0006717,ORD003254,P0007,2,
OI0006718,ORD003254,P0021,3,
OI0006719,ORD001299,P0007,2,
OI0006720,ORD001299,P0025,1,
OI0006721,ORD001299,P0010,3,
OI0006722,ORD001299,P0015,1,
OI0006723,ORD002425,P0023,1,
OI0006724,ORD000942,P0024,1,
OI0006725,ORD002372,P0019,1,
OI0006726,ORD004892,P0026,1,
OI0006727,ORD004892,P0011,1,
OI0006728,ORD002167,P0018,2,
OI0006729,ORD002167,P0003,2,
OI0006730,ORD002167,P0023,1,
OI0006731,ORD000476,P0022,2,
OI0006732,ORD001857,P0015,1,
OI0006733,ORD001857,P0012,2,
OI0006734,ORD001857,P0025,1,
OI0006735,ORD001109,P0026,1,
OI0006736,ORD002771,P0013,1,
OI0006737,ORD002771,P0006,1,
OI0006738,ORD001062,P0007,2,
OI0006739,ORD001062,P0025,1,
OI0006740,ORD001062,P0009,1,
OI0006741,ORD002596,P0019,1,
OI0006742,ORD001079,P0002,1,
OI0006743,ORD000420,P0013,1,
OI0006744,ORD000420,P0024,1,
OI0006745,ORD000420,P0019,2,
OI0006746,ORD004397,P0011,1,
OI0006747,ORD004397,P0013,1,
OI0006748,ORD004937,P0005,1,
OI0006749,ORD004937,P0003,1,
OI0006750,ORD003512,P0024,1,
OI0006751,ORD003512,P0010,1,
OI0006752,ORD003825,P0016,2,
OI0006753,ORD000551,P0014,1,
OI0006754,ORD001730,P0020,1,
OI0006755,ORD000855,P0006,1,
OI0006756,ORD000855,P0002,1,
OI0006757,ORD004147,P0005,1,
OI0006758,ORD004098,P0020,1,
OI0006759,ORD004098,P0026,2,
OI0006760,ORD004848,P0017,2,
OI0006761,ORD004848,P0017,3,
OI0006762,ORD004848,P0025,1,
OI0006763,ORD001082,P0001,1,
OI0006764,ORD001082,P0010,1,
OI0006765,ORD001082,P0006,3,
OI0006766,ORD000034,P0008,2,
OI0006767,ORD004816,P0021,1,
OI0006768,ORD002009,P0009,2,
OI0006769,ORD002009,P0009,1,
OI0006770,ORD000555,P0004,2,
OI0006771,ORD004458,P0023,2,
OI0006772,ORD004458,P0016,2,
OI0006773,ORD004458,P0007,2,
OI0006774,ORD002240,P0003,2,
OI0006775,ORD002295,P0002,2,
OI0006776,ORD002295,P0008,1,
OI0006777,ORD002295,P0010,1,
OI0006778,ORD002742,P0016,1,
OI0006779,ORD002742,P0016,1,
OI0006780,ORD004802,P0026,1,
OI0006781,ORD004802,P0004,1,
OI0006782,ORD000154,P0003,2,
OI0006783,ORD000154,P0024,1,
OI0006784,ORD000154,P0015,1,
OI0006785,ORD000154,P0003,2,
OI0006786,ORD000510,P0004,1,
OI0006787,ORD001530,P0015,1,
OI0006788,ORD001530,P0001,1,
OI0006789,ORD004930,P0005,1,
OI0006790,ORD001088,P0025,1,
OI0006791,ORD004877,P0005,1,
OI0006792,ORD004817,P0003,2,
OI0006793,ORD004817,P0018,1,
OI0006794,ORD001228,P0007,1,
OI0006795,ORD003765,P0005,2,
OI0006796,ORD002601,P0018,2,
OI0006797,ORD003352,P0008,1,
OI0006798,ORD003352,P0002,1,
OI0006799,ORD004663,P0020,1,
OI0006800,ORD002194,P0008,1,
OI0006801,ORD001372,P0018,1,
OI0006802,ORD000839,P0002,1,
OI0006803,ORD000839,P0019,1,
OI0006804,ORD003653,P0020,1,
OI0006805,ORD003653,P0003,2,
OI0006806,ORD003653,P0025,1,
OI0006807,ORD002600,P0023,1,
OI0006808,ORD001325,P0016,1,
OI0006809,ORD001325,P0016,1,
OI0006810,ORD001325,P0021,2,
OI0006811,ORD004265,P0019,3,
OI0006812,ORD004265,P0001,1,
OI0006813,ORD003928,P0022,2,
OI0006814,ORD004420,P0007,1,
OI0006815,ORD002854,P0006,1,
OI0006816,ORD002554,P0010,2,
OI0006817,ORD000430,P0004,1,
OI0006818,ORD003659,P0022,1,
OI0006819,ORD003659,P0024,3,
OI0006820,ORD003659,P0004,1,
OI0006821,ORD004864,P0013,1,
OI0006822,ORD000314,P0019,2,
OI0006823,ORD000314,P0026,1,
OI0006824,ORD000314,P0001,1,
OI0006825,ORD004157,P0011,1,
OI0006826,ORD004157,P0022,1,
OI0006827,ORD004157,P0011,1,
OI0006828,ORD004210,P0013,1,
OI0006829,ORD004591,P0012,1,
OI0006830,ORD004591,P0007,1,
OI0006831,ORD004591,P0004,1,
OI0006832,ORD004591,P0017,1,
OI0006833,ORD003347,P0010,1,
OI0006834,ORD003347,P0005,1,
OI0006835,ORD000282,P0023,1,
OI0006836,ORD001051,P0009,1,
OI0006837,ORD001051,P0001,3,
OI0006838,ORD001045,P0009,2,
OI0006839,ORD003307,P0012,1,
OI0006840,ORD001548,P0010,1,
OI0006841,ORD001548,P0024,1,
OI0006842,ORD000337,P0004,2,
OI0006843,ORD002135,P0007,1,
OI0006844,ORD000726,P0004,1,
OI0006845,ORD000726,P0018,3,
OI0006846,ORD000726,P0001,1,
OI0006847,ORD000726,P0001,2,
OI0006848,ORD001209,P0012,1,
OI0006849,ORD001022,P0024,1,
OI0006850,ORD003745,P0015,1,
OI0006851,ORD003745,P0012,2,
OI0006852,ORD003745,P0009,1,
OI0006853,ORD004227,P0022,1,
OI0006854,ORD004227,P0021,3,
OI0006855,ORD000020,P0007,2,
OI0006856,ORD001679,P0018,2,
OI0006857,ORD001550,P0025,1,
OI0006858,ORD001550,P0026,3,
OI0006859,ORD002664,P0009,2,
OI0006860,ORD002664,P0018,3,
OI0006861,ORD002664,P0003,2,
OI0006862,ORD003137,P0022,1,
OI0006863,ORD001728,P0010,1,
OI0006864,ORD002436,P0023,2,
OI0006865,ORD002232,P0019,3,
OI0006866,ORD002232,P0010,1,
OI0006867,ORD000649,P0019,1,
OI0006868,ORD004424,P0002,1,
OI0006869,ORD004424,P0021,1,
OI0006870,ORD000116,P0019,1,
OI0006871,ORD001872,P0014,3,
OI0006872,ORD001872,P0009,1,
OI0006873,ORD001872,P0015,1,
OI0006874,ORD001872,P0019,1,
OI0006875,ORD000745,P0026,1,
OI0006876,ORD001992,P0009,1,
OI0006877,ORD001992,P0021,1,
OI0006878,ORD001992,P0009,2,
OI0006879,ORD001932,P0005,2,
OI0006880,ORD000983,P0004,1,
OI0006881,ORD003732,P0006,1,
OI0006882,ORD002082,P0007,1,
OI0006883,ORD002082,P0003,1,
OI0006884,ORD002082,P0024,1,
OI0006885,ORD003434,P0018,1,
OI0006886,ORD003434,P0019,1,
OI0006887,ORD003434,P0003,1,
OI0006888,ORD003434,P0009,1,
OI0006889,ORD000549,P0015,1,
OI0006890,ORD002704,P0018,1,
OI0006891,ORD002704,P0004,1,
OI0006892,ORD004082,P0020,2,
OI0006893,ORD002513,P0001,2,
OI0006894,ORD002513,P0025,2,
OI0006895,ORD002513,P0018,1,
OI0006896,ORD002781,P0012,1,
OI0006897,ORD002781,P0004,1,
OI0006898,ORD003918,P0013,1,
OI0006899,ORD003918,P0009,2,
OI0006900,ORD003918,P0016,1,
OI0006901,ORD001610,P0013,1,
OI0006902,ORD001610,P0002,1,
OI0006903,ORD001610,P0012,1,
OI0006904,ORD004018,P0010,1,
OI0006905,ORD004018,P0019,1,
OI0006906,ORD001189,P0001,2,
OI0006907,ORD004634,P0014,1,
OI0006908,ORD000415,P0011,2,
OI0006909,ORD000474,P0022,2,
OI0006910,ORD003594,P0001,1,
OI0006911,ORD003236,P0024,1,
OI0006912,ORD003236,P0014,1,
OI0006913,ORD001421,P0004,2,
OI0006914,ORD001421,P0019,2,
OI0006915,ORD001463,P0006,1,
OI0006916,ORD001463,P0007,2,
OI0006917,ORD000762,P0011,1,
OI0006918,ORD000762,P0014,1,
OI0006919,ORD000762,P0001,2,
OI0006920,ORD002327,P0008,1,
OI0006921,ORD002327,P0017,1,
OI0006922,ORD002327,P0004,2,
OI0006923,ORD001997,P0013,1,
OI0006924,ORD002396,P0019,2,
OI0006925,ORD002396,P0004,2,
OI0006926,ORD002396,P0011,1,
OI0006927,ORD000981,P0015,1,
OI0006928,ORD001539,P0025,1,
OI0006929,ORD003361,P0014,1,
OI0006930,ORD001581,P0010,1,
OI0006931,ORD003526,P0007,1,
OI0006932,ORD001370,P0023,3,
OI0006933,ORD004617,P0014,1,
OI0006934,ORD004617,P0020,1,
OI0006935,ORD004617,P0015,1,
OI0006936,ORD000353,P0014,1,
OI0006937,ORD001009,P0009,3,
OI0006938,ORD002727,P0022,2,
OI0006939,ORD001845,P0002,1,
OI0006940,ORD001845,P0013,2,
OI0006941,ORD001196,P0009,1,
OI0006942,ORD001196,P0008,1,
OI0006943,ORD001196,P0001,2,
OI0006944,ORD001196,P0013,1,
OI0006945,ORD003915,P0019,2,
OI0006946,ORD002593,P0018,1,
OI0006947,ORD002593,P0021,2,
OI0006948,ORD002593,P0002,3,
OI0006949,ORD001503,P0019,1,
OI0006950,ORD001503,P0026,1,
OI0006951,ORD000371,P0008,1,
OI0006952,ORD001763,P0022,1,
OI0006953,ORD003978,P0007,3,
OI0006954,ORD003448,P0010,1,
OI0006955,ORD004924,P0023,1,
OI0006956,ORD004924,P0014,2,
OI0006957,ORD004604,P0004,2,
OI0006958,ORD003580,P0006,1,
OI0006959,ORD003996,P0016,2,
OI0006960,ORD004717,P0010,1,
OI0006961,ORD004717,P0011,3,
OI0006962,ORD002231,P0010,1,
OI0006963,ORD004134,P0021,1,
OI0006964,ORD002567,P0019,1,
OI0006965,ORD002567,P0013,1,
OI0006966,ORD000030,P0018,2,
OI0006967,ORD002885,P0008,1,
OI0006968,ORD002885,P0002,1,
OI0006969,ORD000248,P0017,2,
OI0006970,ORD002535,P0014,1,
OI0006971,ORD004577,P0022,2,
OI0006972,ORD000992,P0022,1,
OI0006973,ORD001447,P0010,1,
OI0006974,ORD001447,P0013,2,
OI0006975,ORD000857,P0006,1,
OI0006976,ORD000857,P0015,1,
OI0006977,ORD001005,P0026,1,
OI0006978,ORD002328,P0007,1,
OI0006979,ORD002328,P0019,1,
OI0006980,ORD002328,P0003,1,
OI0006981,ORD001643,P0025,1,
OI0006982,ORD001643,P0024,1,
OI0006983,ORD001643,P0024,-1,
OI0006984,ORD002456,P0008,1,
OI0006985,ORD002952,P0024,1,
OI0006986,ORD002952,P0019,1,
OI0006987,ORD002088,P0014,1,
OI0006988,ORD001429,P0018,1,
OI0006989,ORD002828,P0007,2,
OI0006990,ORD002828,P0024,1,
OI0006991,ORD002828,P0005,2,
OI0006992,ORD000889,P0023,2,
OI0006993,ORD000324,P0012,2,
OI0006994,ORD001802,P0023,1,
OI0006995,ORD003748,P0003,1,
OI0006996,ORD003748,P0016,1,
OI0006997,ORD003748,P0002,1,
OI0006998,ORD000573,P0024,1,
OI0006999,ORD004272,P0005,1,
OI0007000,ORD003103,P0016,1,
OI0007001,ORD003103,P0023,1,
OI0007002,ORD003103,P0017,1,
OI0007003,ORD003103,P0001,1,
OI0007004,ORD004887,P0014,1,
OI0007005,ORD004887,P0003,1,
OI0007006,ORD000843,P0020,1,
OI0007007,ORD002033,P0021,1,
OI0007008,ORD002033,P0025,-1,
OI0007009,ORD002175,P0026,1,
OI0007010,ORD002175,P0015,1,
OI0007011,ORD002175,P0017,1,
OI0007012,ORD003224,P0019,1,
OI0007013,ORD004221,P0017,2,
OI0007014,ORD004180,P0006,1,
OI0007015,ORD004180,P0006,1,
OI0007016,ORD004180,P0017,1,
OI0007017,ORD004180,P0022,1,
OI0007018,ORD003821,P0026,2,
OI0007019,ORD003821,P0006,1,
OI0007020,ORD003821,P0002,2,
OI0007021,ORD001406,P0003,1,
OI0007022,ORD001406,P0009,1,
OI0007023,ORD003711,P0023,-1,
OI0007024,ORD000286,P0001,1,
OI0007025,ORD000286,P0015,1,
OI0007026,ORD001641,P0002,-1,
OI0007027,ORD001641,P0007,2,
OI0007028,ORD001641,P0005,1,
OI0007029,ORD000847,P0013,1,
OI0007030,ORD000847,P0015,1,
OI0007031,ORD001889,P0003,1,
OI0007032,ORD002928,P0026,1,
OI0007033,ORD002928,P0014,1,
OI0007034,ORD002928,P0014,3,
OI0007035,ORD000870,P0022,1,
OI0007036,ORD000870,P0003,2,
OI0007037,ORD000870,P0014,1,
OI0007038,ORD001227,P0012,2,
OI0007039,ORD000556,P0019,1,
OI0007040,ORD000556,P0021,1,
OI0007041,ORD004383,P0023,1,
OI0007042,ORD000250,P0012,1,
OI0007043,ORD000250,P0003,3,
OI0007044,ORD001343,P0011,1,
OI0007045,ORD001161,P0017,1,
OI0007046,ORD000175,P0011,1,
OI0007047,ORD000175,P0014,1,
OI0007048,ORD000504,P0017,3,
OI0007049,ORD000504,P0007,1,
OI0007050,ORD000504,P0010,1,
OI0007051,ORD004483,P0025,1,
OI0007052,ORD002058,P0005,1,
OI0007053,ORD003505,P0013,1,
OI0007054,ORD000414,P0016,2,
OI0007055,ORD003267,P0019,1,
OI0007056,ORD002192,P0025,1,
OI0007057,ORD002192,P0001,3,
OI0007058,ORD002192,P0015,2,
OI0007059,ORD003385,P0010,1,
OI0007060,ORD004498,P0024,3,
OI0007061,ORD004498,P0010,1,
OI0007062,ORD002176,P0014,1,
OI0007063,ORD002176,P0018,3,
OI0007064,ORD002827,P0011,2,
OI0007065,ORD000242,P0004,1,
OI0007066,ORD002351,P0001,2,
OI0007067,ORD002351,P0024,2,
OI0007068,ORD002351,P0007,1,
OI0007069,ORD000347,P0005,1,
OI0007070,ORD003495,P0026,1,
OI0007071,ORD003495,P0010,1,
OI0007072,ORD001994,P0013,1,
OI0007073,ORD000994,P0010,1,
OI0007074,ORD002864,P0003,3,
OI0007075,ORD002582,P0022,2,
OI0007076,ORD002582,P0001,2,
OI0007077,ORD001102,P0011,-1,
OI0007078,ORD001102,P0016,1,
OI0007079,ORD001102,P0023,1,
OI0007080,ORD002519,P0002,1,
OI0007081,ORD001030,P0013,2,
OI0007082,ORD002037,P0022,2,
OI0007083,ORD002037,P0022,1,
OI0007084,ORD002037,P0003,1,
OI0007085,ORD002037,P0013,1,
OI0007086,ORD000086,P0023,1,
OI0007087,ORD004139,P0003,1,
OI0007088,ORD004139,P0010,1,
OI0007089,ORD001976,P0013,2,
OI0007090,ORD001976,P0015,1,
OI0007091,ORD001976,P0011,2,
OI0007092,ORD000999,P0001,1,
OI0007093,ORD000996,P0006,1,
OI0007094,ORD000996,P0012,1,
OI0007095,ORD004709,P0021,1,
OI0007096,ORD004709,P0023,1,
OI0007097,ORD003233,P0024,1,
OI0007098,ORD001037,P0024,2,
OI0007099,ORD001037,P0004,1,
OI0007100,ORD001037,P0025,1,
OI0007101,ORD001599,P0010,1,
OI0007102,ORD002609,P0010,1,
OI0007103,ORD002609,P0009,1,
OI0007104,ORD002609,P0005,2,
OI0007105,ORD002609,P0013,1,
OI0007106,ORD000098,P0015,1,
OI0007107,ORD004897,P0024,2,
OI0007108,ORD000170,P0021,1,
OI0007109,ORD002565,P0003,1,
OI0007110,ORD002565,P0003,2,
OI0007111,ORD002565,P0009,-1,
OI0007112,ORD000733,P0015,1,
OI0007113,ORD003062,P0016,1,
OI0007114,ORD003062,P0013,1,
OI0007115,ORD003062,P0025,1,
OI0007116,ORD001811,P0013,1,
OI0007117,ORD001702,P0017,3,
OI0007118,ORD003465,P0022,1,
OI0007119,ORD003484,P0004,1,
OI0007120,ORD001211,P0013,-1,
OI0007121,ORD002586,P0022,1,
OI0007122,ORD002586,P0007,2,
OI0007123,ORD002586,P0024,3,
OI0007124,ORD003035,P0016,1,
OI0007125,ORD003035,P0003,1,
OI0007126,ORD000385,P0015,1,
OI0007127,ORD003834,P0020,1,
OI0007128,ORD003648,P0006,1,
OI0007129,ORD000864,P0010,1,
OI0007130,ORD000864,P0024,1,
OI0007131,ORD001368,P0013,1,
OI0007132,ORD001368,P0004,1,
OI0007133,ORD000186,P0025,1,
OI0007134,ORD000094,P0019,1,
OI0007135,ORD000094,P0001,1,
OI0007136,ORD004694,P0019,3,
OI0007137,ORD002254,P0018,1,
OI0007138,ORD000654,P0024,2,
OI0007139,ORD004028,P0010,2,
OI0007140,ORD002014,P0015,1,
OI0007141,ORD004166,P0011,2,
OI0007142,ORD004648,P0002,1,
OI0007143,ORD003559,P0006,1,
OI0007144,ORD003559,P0009,3,
OI0007145,ORD003559,P0015,1,
OI0007146,ORD002800,P0020,1,
OI0007147,ORD002800,P0009,1,
OI0007148,ORD004679,P0018,3,
OI0007149,ORD000244,P0017,3,
OI0007150,ORD001783,P0001,1,
OI0007151,ORD004269,P0016,1,
OI0007152,ORD004269,P0024,1,
OI0007153,ORD000680,P0021,1,
OI0007154,ORD004642,P0021,1,
OI0007155,ORD004642,P0011,1,
OI0007156,ORD004642,P0015,2,
OI0007157,ORD003205,P0016,1,
OI0007158,ORD003205,P0010,2,
OI0007159,ORD003205,P0026,1,
OI0007160,ORD003205,P0008,1,
OI0007161,ORD001310,P0003,1,
OI0007162,ORD001310,P0006,1,
OI0007163,ORD004067,P0017,1,
OI0007164,ORD004067,P0013,3,
OI0007165,ORD004393,P0013,1,
OI0007166,ORD004393,P0018,1,
OI0007167,ORD001689,P0024,2,
OI0007168,ORD002179,P0020,1,
OI0007169,ORD002179,P0010,1,
OI0007170,ORD000811,P0026,2,
OI0007171,ORD002693,P0025,1,
OI0007172,ORD002152,P0026,1,
OI0007173,ORD004169,P0011,1,
OI0007174,ORD004169,P0005,1,
OI0007175,ORD002689,P0018,1,
OI0007176,ORD000118,P0017,1,
OI0007177,ORD000118,P0009,3,
OI0007178,ORD004525,P0001,2,
OI0007179,ORD000672,P0012,1,
OI0007180,ORD000672,P0013,1,
OI0007181,ORD000672,P0010,1,
OI0007182,ORD003702,P0014,1,
OI0007183,ORD001537,P0006,2,
OI0007184,ORD002452,P0011,1,
OI0007185,ORD002452,P0010,1,
OI0007186,ORD001128,P0011,1,
OI0007187,ORD001128,P0011,1,
OI0007188,ORD001128,P0009,1,
OI0007189,ORD001128,P0005,1,
OI0007190,ORD000607,P0003,1,
OI0007191,ORD000607,P0006,1,
OI0007192,ORD000607,P0024,3,
OI0007193,ORD000607,P0019,2,
OI0007194,ORD003791,P0008,2,
OI0007195,ORD003614,P0010,3,
OI0007196,ORD003614,P0001,1,
OI0007197,ORD003614,P0009,1,
OI0007198,ORD000586,P0013,1,
OI0007199,ORD001176,P0006,2,
OI0007200,ORD001176,P0023,2,
OI0007201,ORD004487,P0003,1,
OI0007202,ORD000421,P0021,1,
OI0007203,ORD000911,P0008,1,
OI0007204,ORD001036,P0005,1,
OI0007205,ORD002856,P0023,2,
OI0007206,ORD002692,P0003,1,
OI0007207,ORD004017,P0025,2,
OI0007208,ORD003039,P0015,1,
OI0007209,ORD003039,P0014,1,
OI0007210,ORD003039,P0022,1,
OI0007211,ORD003039,P0020,3,
OI0007212,ORD004821,P0023,-1,
OI0007213,ORD004821,P0020,1,
OI0007214,ORD003589,P0011,-1,
OI0007215,ORD003037,P0009,2,
OI0007216,ORD003037,P0011,1,
OI0007217,ORD003037,P0014,1,
OI0007218,ORD003751,P0014,2,
OI0007219,ORD003751,P0021,1,
OI0007220,ORD004298,P0025,1,
OI0007221,ORD004298,P0017,1,
OI0007222,ORD002269,P0003,1,
OI0007223,ORD002269,P0025,1,
OI0007224,ORD003194,P0020,1,
OI0007225,ORD003194,P0024,1,
OI0007226,ORD004384,P0005,1,
OI0007227,ORD004384,P0002,2,
OI0007228,ORD004384,P0022,3,
OI0007229,ORD001395,P0012,1,
OI0007230,ORD002356,P0022,1,
OI0007231,ORD002356,P0014,1,
OI0007232,ORD002380,P0012,2,
OI0007233,ORD002380,P0015,1,
OI0007234,ORD003356,P0026,1,
OI0007235,ORD000697,P0013,1,
OI0007236,ORD000697,P0025,1,
OI0007237,ORD000780,P0025,1,
OI0007238,ORD000780,P0001,1,
OI0007239,ORD000780,P0009,1,
OI0007240,ORD001342,P0025,3,
OI0007241,ORD001342,P0025,1,
OI0007242,ORD001342,P0019,1,
OI0007243,ORD001342,P0002,3,
OI0007244,ORD002789,P0011,1,
OI0007245,ORD001917,P0008,2,
OI0007246,ORD001917,P0021,2,
OI0007247,ORD001917,P0021,1,
OI0007248,ORD000139,P0013,1,
OI0007249,ORD000139,P0011,1,
OI0007250,ORD001867,P0012,3,
OI0007251,ORD003930,P0005,2,
OI0007252,ORD002788,P0013,2,
OI0007253,ORD000396,P0023,1,
OI0007254,ORD004295,P0008,1,
OI0007255,ORD000303,P0001,1,
OI0007256,ORD000238,P0017,1,
OI0007257,ORD000238,P0025,1,
OI0007258,ORD000238,P0015,1,
OI0007259,ORD000238,P0006,2,
OI0007260,ORD000432,P0022,2,
OI0007261,ORD000432,P0011,1,
OI0007262,ORD000432,P0024,2,
OI0007263,ORD002798,P0017,1,
OI0007264,ORD002798,P0022,2,
OI0007265,ORD002147,P0012,1,
OI0007266,ORD002147,P0019,2,
OI0007267,ORD003523,P0025,2,
OI0007268,ORD003081,P0015,2,
OI0007269,ORD002105,P0022,1,
OI0007270,ORD004556,P0001,2,
OI0007271,ORD004556,P0006,1,
OI0007272,ORD004691,P0017,1,
OI0007273,ORD004691,P0017,1,
OI0007274,ORD004691,P0011,1,
OI0007275,ORD001720,P0022,1,
OI0007276,ORD001720,P0016,1,
OI0007277,ORD001720,P0022,3,
OI0007278,ORD004808,P0019,3,
OI0007279,ORD002543,P0007,1,
OI0007280,ORD002543,P0021,1,
OI0007281,ORD002543,P0009,3,
OI0007282,ORD002543,P0009,1,
OI0007283,ORD000535,P0002,1,
OI0007284,ORD000535,P0021,2,
OI0007285,ORD003257,P0001,1,
OI0007286,ORD003257,P0008,1,
OI0007287,ORD004565,P0018,1,
OI0007288,ORD003104,P0003,1,
OI0007289,ORD003627,P0016,3,
OI0007290,ORD003627,P0020,1,
OI0007291,ORD003926,P0020,2,
OI0007292,ORD003926,P0009,3,
OI0007293,ORD000718,P0021,2,
OI0007294,ORD004068,P0009,1,
OI0007295,ORD004068,P0001,1,
OI0007296,ORD003126,P0015,1,
OI0007297,ORD002288,P0023,1,
OI0007298,ORD002288,P0008,1,
OI0007299,ORD002288,P0022,3,
OI0007300,ORD002288,P0025,2,
OI0007301,ORD002397,P0024,1,
OI0007302,ORD001541,P0006,1,
OI0007303,ORD001541,P0006,-1,
OI0007304,ORD003919,P0016,1,
OI0007305,ORD003481,P0013,2,
OI0007306,ORD002919,P0018,1,
OI0007307,ORD002919,P0026,1,
OI0007308,ORD002919,P0018,2,
OI0007309,ORD000880,P0005,1,
OI0007310,ORD004239,P0024,1,
OI0007311,ORD000832,P0013,1,
OI0007312,ORD004963,P0021,1,
OI0007313,ORD004194,P0020,1,
OI0007314,ORD004194,P0009,1,
OI0007315,ORD003954,P0006,2,
OI0007316,ORD001855,P0016,1,
OI0007317,ORD001855,P0018,2,
OI0007318,ORD002683,P0015,1,
OI0007319,ORD002683,P0012,2,
OI0007320,ORD001743,P0022,1,
OI0007321,ORD001743,P0011,1,
OI0007322,ORD004710,P0015,1,
OI0007323,ORD004710,P0008,2,
OI0007324,ORD004833,P0024,1,
OI0007325,ORD004833,P0019,2,
OI0007326,ORD002505,P0020,3,
OI0007327,ORD002505,P0001,2,
OI0007328,ORD003647,P0019,2,
OI0007329,ORD003647,P0007,2,
OI0007330,ORD001002,P0018,2,
OI0007331,ORD001002,P0013,1,
OI0007332,ORD001488,P0001,1,
OI0007333,ORD002568,P0007,1,
OI0007334,ORD000513,P0001,2,
OI0007335,ORD000513,P0002,1,
OI0007336,ORD004508,P0015,1,
OI0007337,ORD004508,P0009,1,
OI0007338,ORD004508,P0007,2,
OI0007339,ORD004508,P0025,1,
OI0007340,ORD001507,P0003,3,
OI0007341,ORD001507,P0007,1,
OI0007342,ORD003562,P0005,2,
OI0007343,ORD002337,P0026,1,
OI0007344,ORD000079,P0006,-1,
OI0007345,ORD001609,P0001,1,
OI0007346,ORD001609,P0002,2,
OI0007347,ORD004552,P0021,-1,
OI0007348,ORD003932,P0017,2,
OI0007349,ORD003932,P0023,1,
OI0007350,ORD003932,P0006,2,
OI0007351,ORD001427,P0023,2,
OI0007352,ORD002889,P0022,2,
OI0007353,ORD002889,P0015,3,
OI0007354,ORD002889,P0005,1,
OI0007355,ORD002889,P0005,1,
OI0007356,ORD000560,P0001,1,
OI0007357,ORD000560,P0004,3,
OI0007358,ORD001435,P0014,3,
OI0007359,ORD001435,P0008,3,
OI0007360,ORD001435,P0005,1,
OI0007361,ORD004146,P0007,2,
OI0007362,ORD003887,P0015,2,
OI0007363,ORD004203,P0017,1,
OI0007364,ORD004203,P0009,1,
OI0007365,ORD000307,P0010,1,
OI0007366,ORD003499,P0010,1,
OI0007367,ORD003499,P0019,1,
OI0007368,ORD003499,P0021,1,
OI0007369,ORD001493,P0011,1,
OI0007370,ORD004270,P0019,1,
OI0007371,ORD004270,P0016,2,
OI0007372,ORD001964,P0019,1,
OI0007373,ORD001647,P0002,1,
OI0007374,ORD001647,P0006,3,
OI0007375,ORD001647,P0021,1,
OI0007376,ORD000563,P0004,1,
OI0007377,ORD000563,P0024,1,
OI0007378,ORD000563,P0020,1,
OI0007379,ORD000682,P0015,2,
OI0007380,ORD003452,P0025,1,
OI0007381,ORD004749,P0022,1,
OI0007382,ORD001023,P0021,1,
OI0007383,ORD004916,P0023,1,
OI0007384,ORD001821,P0021,3,
OI0007385,ORD000249,P0022,1,
OI0007386,ORD000249,P0008,1,
OI0007387,ORD004183,P0003,1,
OI0007388,ORD004183,P0025,-1,
OI0007389,ORD004001,P0025,1,
OI0007390,ORD004001,P0006,1,
OI0007391,ORD001896,P0024,1,
OI0007392,ORD002731,P0026,3,
OI0007393,ORD000301,P0018,1,
OI0007394,ORD000301,P0003,1,
OI0007395,ORD000301,P0007,1,
OI0007396,ORD001665,P0007,1,
OI0007397,ORD001665,P0011,1,
OI0007398,ORD001665,P0002,1,
OI0007399,ORD002371,P0020,1,
OI0007400,ORD002130,P0010,1,
OI0007401,ORD002130,P0010,3,
OI0007402,ORD002130,P0009,1,
OI0007403,ORD001634,P0004,2,
OI0007404,ORD003764,P0001,1,
OI0007405,ORD002460,P0020,1,
OI0007406,ORD002920,P0024,1,
OI0007407,ORD002920,P0016,1,
OI0007408,ORD000976,P0019,2,
OI0007409,ORD000976,P0004,1,
OI0007410,ORD003779,P0002,1,
OI0007411,ORD003779,P0012,1,
OI0007412,ORD000919,P0015,1,
OI0007413,ORD002424,P0006,1,
OI0007414,ORD003592,P0018,3,
OI0007415,ORD003592,P0013,-1,
OI0007416,ORD002438,P0026,1,
OI0007417,ORD001157,P0009,1,
OI0007418,ORD001157,P0015,1,
OI0007419,ORD001157,P0023,1,
OI0007420,ORD002922,P0020,1,
OI0007421,ORD001760,P0004,1,
OI0007422,ORD001760,P0006,1,
OI0007423,ORD001760,P0012,1,
OI0007424,ORD003000,P0022,1,
OI0007425,ORD001887,P0021,1,
OI0007426,ORD003864,P0001,1,
OI0007427,ORD003864,P0012,2,
OI0007428,ORD003864,P0015,1,
OI0007429,ORD002206,P0002,1,
OI0007430,ORD002206,P0014,1,
OI0007431,ORD004809,P0008,1,
OI0007432,ORD003721,P0014,1,
OI0007433,ORD004569,P0012,1,
OI0007434,ORD002117,P0026,1,
OI0007435,ORD002117,P0009,1,
OI0007436,ORD000760,P0025,1,
OI0007437,ORD000760,P0004,1,
OI0007438,ORD000760,P0001,1,
OI0007439,ORD000760,P0012,2,
OI0007440,ORD002528,P0023,2,
OI0007441,ORD002976,P0009,1,
OI0007442,ORD004973,P0004,1,
OI0007443,ORD004973,P0004,1,
OI0007444,ORD000428,P0019,1,
OI0007445,ORD000428,P0022,2,
OI0007446,ORD000428,P0021,1,
OI0007447,ORD002753,P0008,3,
OI0007448,ORD002753,P0011,1,
OI0007449,ORD002753,P0010,1,
OI0007450,ORD000449,P0004,1,
OI0007451,ORD000546,P0015,3,
OI0007452,ORD003676,P0013,1,
OI0007453,ORD003676,P0011,1,
OI0007454,ORD003676,P0020,1,
OI0007455,ORD000689,P0010,1,
OI0007456,ORD000689,P0019,3,
OI0007457,ORD003017,P0001,1,
OI0007458,ORD003017,P0001,2,
OI0007459,ORD003017,P0025,1,
OI0007460,ORD004008,P0021,1,
OI0007461,ORD002685,P0020,1,
OI0007462,ORD002685,P0013,1,
OI0007463,ORD002685,P0024,1,
OI0007464,ORD004116,P0015,1,
OI0007465,ORD004116,P0011,1,
OI0007466,ORD000948,P0015,3,
OI0007467,ORD004615,P0008,1,
OI0007468,ORD004615,P0013,1,
OI0007469,ORD004615,P0006,-1,
OI0007470,ORD000831,P0001,1,
OI0007471,ORD002562,P0004,2,
OI0007472,ORD002562,P0025,1,
OI0007473,ORD001147,P0001,1,
OI0007474,ORD001147,P0007,1,
OI0007475,ORD002837,P0017,2,
OI0007476,ORD002837,P0021,1,
OI0007477,ORD002837,P0024,1,
OI0007478,ORD002837,P0021,1,
OI0007479,ORD001396,P0001,1,
OI0007480,ORD001396,P0002,-1,
OI0007481,ORD001396,P0018,1,
OI0007482,ORD001396,P0025,1,
OI0007483,ORD002501,P0007,2,
OI0007484,ORD002501,P0019,1,
OI0007485,ORD002501,P0021,1,
OI0007486,ORD001483,P0012,2,
OI0007487,ORD004501,P0018,1,
OI0007488,ORD004501,P0001,2,
OI0007489,ORD004501,P0022,2,
OI0007490,ORD004501,P0015,2,
OI0007491,ORD002661,P0023,1,
OI0007492,ORD002632,P0022,1,
OI0007493,ORD002632,P0007,1,
OI0007494,ORD002632,P0025,2,
OI0007495,ORD002630,P0013,1,
OI0007496,ORD002839,P0018,1,
OI0007497,ORD002839,P0021,1,
OI0007498,ORD002839,P0011,1,
OI0007499,ORD002019,P0025,2,
OI0007500,ORD002019,P0008,3,
OI0007501,ORD002218,P0017,1,
OI0007502,ORD002218,P0005,2,
OI0007503,ORD002218,P0021,1,
OI0007504,ORD003487,P0017,2,
OI0007505,ORD004807,P0022,1,
OI0007506,ORD004053,P0018,1,
OI0007507,ORD004053,P0007,1,
OI0007508,ORD004053,P0021,1,
OI0007509,ORD004053,P0014,1,
OI0007510,ORD004835,P0025,1,
OI0007511,ORD004835,P0026,2,
OI0007512,ORD001173,P0010,1,
OI0007513,ORD001173,P0015,1,
OI0007514,ORD001173,P0021,1,
OI0007515,ORD001941,P0020,2,
OI0007516,ORD003870,P0023,1,
OI0007517,ORD003870,P0011,2,
OI0007518,ORD000557,P0003,1,
OI0007519,ORD000749,P0021,1,
OI0007520,ORD001515,P0010,1,
OI0007521,ORD001515,P0016,1,
OI0007522,ORD001047,P0019,2,
OI0007523,ORD001047,P0014,1,
OI0007524,ORD001047,P0025,1,
OI0007525,ORD003231,P0001,-1,
OI0007526,ORD003231,P0016,1,
OI0007527,ORD004983,P0018,1,
OI0007528,ORD004983,P0001,1,
OI0007529,ORD004983,P0026,1,
OI0007530,ORD000028,P0007,3,
OI0007531,ORD000462,P0015,1,
OI0007532,ORD000462,P0005,1,
OI0007533,ORD000462,P0020,1,
OI0007534,ORD000462,P0012,-1,
OI0007535,ORD004895,P0021,1,
OI0007536,ORD004895,P0001,2,
OI0007537,ORD000833,P0020,2,
OI0007538,ORD002849,P0004,1,
OI0007539,ORD002849,P0007,1,
OI0007540,ORD002729,P0010,1,
OI0007541,ORD002729,P0022,1,
OI0007542,ORD002355,P0005,3,
OI0007543,ORD001124,P0002,1,
OI0007544,ORD001124,P0021,1,
OI0007545,ORD000671,P0025,1,
OI0007546,ORD000671,P0020,3,
OI0007547,ORD004007,P0016,2,
OI0007548,ORD000051,P0016,1,
OI0007549,ORD000051,P0013,1,
OI0007550,ORD002561,P0022,1,
OI0007551,ORD001846,P0018,1,
OI0007552,ORD001899,P0026,1,
OI0007553,ORD004689,P0014,1,
OI0007554,ORD004689,P0021,1,
OI0007555,ORD001399,P0017,1,
OI0007556,ORD001399,P0009,2,
OI0007557,ORD002673,P0006,1,
OI0007558,ORD002673,P0011,2,
OI0007559,ORD003581,P0015,1,
OI0007560,ORD003581,P0025,2,
OI0007561,ORD003581,P0018,2,
OI0007562,ORD001826,P0016,1,
OI0007563,ORD001826,P0015,1,
OI0007564,ORD001826,P0012,1,
OI0007565,ORD004423,P0011,3,
OI0007566,ORD002668,P0024,3,
OI0007567,ORD002364,P0017,1,
OI0007568,ORD002487,P0017,1,
OI0007569,ORD003186,P0006,1,
OI0007570,ORD004762,P0011,2,
OI0007571,ORD004762,P0008,1,
OI0007572,ORD002518,P0019,1,
OI0007573,ORD004088,P0010,1,
OI0007574,ORD004088,P0010,2,
OI0007575,ORD002119,P0002,1,
OI0007576,ORD000241,P0007,1,
OI0007577,ORD003602,P0021,1,
OI0007578,ORD003602,P0003,1,
OI0007579,ORD003602,P0019,1,
OI0007580,ORD002416,P0015,2,
OI0007581,ORD002416,P0012,1,
OI0007582,ORD001766,P0006,1,
OI0007583,ORD001766,P0017,3,
OI0007584,ORD001933,P0021,1,
OI0007585,ORD002718,P0015,2,
OI0007586,ORD002718,P0015,2,
OI0007587,ORD000065,P0004,2,
OI0007588,ORD001024,P0015,1,
OI0007589,ORD001024,P0007,1,
OI0007590,ORD001482,P0001,2,
OI0007591,ORD001482,P0017,1,
OI0007592,ORD001510,P0009,1,
OI0007593,ORD001461,P0016,1,
OI0007594,ORD001461,P0020,1,
OI0007595,ORD003486,P0013,1,
OI0007596,ORD003486,P0017,1,
OI0007597,ORD002584,P0003,1,
OI0007598,ORD002584,P0024,1,
OI0007599,ORD001122,P0026,1,
OI0007600,ORD001122,P0010,3,
OI0007601,ORD003914,P0018,1,
OI0007602,ORD003914,P0003,2,
OI0007603,ORD003574,P0024,1,
OI0007604,ORD002820,P0024,1,
OI0007605,ORD002820,P0026,1,
OI0007606,ORD002820,P0011,1,
OI0007607,ORD002651,P0001,1,
OI0007608,ORD002651,P0023,2,
OI0007609,ORD002651,P0010,1,
OI0007610,ORD002651,P0021,-1,
OI0007611,ORD000958,P0011,1,
OI0007612,ORD000958,P0018,2,
OI0007613,ORD000958,P0015,1,
OI0007614,ORD001033,P0004,1,
OI0007615,ORD001033,P0014,1,
OI0007616,ORD004857,P0008,1,
OI0007617,ORD003096,P0023,1,
OI0007618,ORD003096,P0012,1,
OI0007619,ORD000317,P0008,2,
OI0007620,ORD002465,P0023,1,
OI0007621,ORD001351,P0017,1,
OI0007622,ORD004893,P0011,2,
OI0007623,ORD003284,P0013,-1,
OI0007624,ORD003457,P0025,1,
OI0007625,ORD002810,P0020,1,
OI0007626,ORD002810,P0014,1,
OI0007627,ORD002247,P0007,1,
OI0007628,ORD003965,P0002,1,
OI0007629,ORD003965,P0024,1,
OI0007630,ORD003965,P0013,1,
OI0007631,ORD003223,P0008,2,
OI0007632,ORD000355,P0022,1,
OI0007633,ORD001078,P0024,1,
OI0007634,ORD001078,P0007,1,
OI0007635,ORD001078,P0012,1,
OI0007636,ORD001078,P0003,2,
OI0007637,ORD002065,P0018,1,
OI0007638,ORD002065,P0016,1,
OI0007639,ORD002483,P0012,2,
OI0007640,ORD002422,P0021,3,
OI0007641,ORD002224,P0004,1,
OI0007642,ORD001892,P0017,1,
OI0007643,ORD001892,P0009,2,
OI0007644,ORD000390,P0012,1,
OI0007645,ORD001007,P0005,2,
OI0007646,ORD001007,P0008,1,
OI0007647,ORD001007,P0021,1,
OI0007648,ORD003051,P0011,3,
OI0007649,ORD003504,P0008,1,
OI0007650,ORD003504,P0013,2,
OI0007651,ORD003504,P0004,-1,
OI0007652,ORD001672,P0012,1,
OI0007653,ORD004925,P0012,2,
OI0007654,ORD000256,P0017,1,
OI0007655,ORD000287,P0026,3,
OI0007656,ORD003396,P0011,1,
OI0007657,ORD001328,P0012,1,
OI0007658,ORD003868,P0018,1,
OI0007659,ORD003868,P0007,1,
OI0007660,ORD004781,P0026,1,
OI0007661,ORD000970,P0012,2,
OI0007662,ORD000160,P0007,3,
OI0007663,ORD000160,P0001,1,
OI0007664,ORD000160,P0024,3,
OI0007665,ORD000160,P0013,1,
OI0007666,ORD004118,P0009,1,
OI0007667,ORD000425,P0015,2,
OI0007668,ORD003677,P0013,1,
OI0007669,ORD004706,P0020,1,
OI0007670,ORD004706,P0024,1,
OI0007671,ORD002411,P0013,2,
OI0007672,ORD002411,P0016,2,
OI0007673,ORD004435,P0006,1,
OI0007674,ORD004435,P0010,1,
OI0007675,ORD003591,P0013,1,
OI0007676,ORD001570,P0002,2,
OI0007677,ORD002139,P0004,2,
OI0007678,ORD004819,P0011,1,
OI0007679,ORD004819,P0025,1,
OI0007680,ORD002399,P0023,1,
OI0007681,ORD002399,P0002,3,
OI0007682,ORD002399,P0005,1,
OI0007683,ORD003174,P0007,1,
OI0007684,ORD003174,P0014,1,
OI0007685,ORD003174,P0025,1,
OI0007686,ORD000142,P0011,1,
OI0007687,ORD000142,P0005,1,
OI0007688,ORD001666,P0008,1,
OI0007689,ORD002916,P0023,1,
OI0007690,ORD000835,P0015,1,
OI0007691,ORD003304,P0022,1,
OI0007692,ORD003304,P0022,1,
OI0007693,ORD003198,P0016,1,
OI0007694,ORD003198,P0023,3,
OI0007695,ORD002826,P0020,1,
OI0007696,ORD002826,P0013,1,
OI0007697,ORD000377,P0006,1,
OI0007698,ORD000377,P0024,1,
OI0007699,ORD000377,P0009,1,
OI0007700,ORD000377,P0016,2,
OI0007701,ORD001744,P0018,2,
OI0007702,ORD001744,P0020,2,
OI0007703,ORD001744,P0015,1,
OI0007704,ORD000006,P0009,1,
OI0007705,ORD000388,P0002,1,
OI0007706,ORD000388,P0013,1,
OI0007707,ORD000105,P0005,1,
OI0007708,ORD003036,P0011,1,
OI0007709,ORD003663,P0003,1,
OI0007710,ORD001224,P0014,1,
OI0007711,ORD001224,P0005,1,
OI0007712,ORD000120,P0019,1,
OI0007713,ORD000120,P0015,2,
OI0007714,ORD001938,P0006,1,
OI0007715,ORD001938,P0007,3,
OI0007716,ORD004964,P0006,1,
OI0007717,ORD002848,P0017,2,
OI0007718,ORD002848,P0007,1,
OI0007719,ORD002848,P0026,1,
OI0007720,ORD002848,P0017,3,
OI0007721,ORD000869,P0007,1,
OI0007722,ORD000869,P0001,1,
OI0007723,ORD002146,P0019,2,
OI0007724,ORD003881,P0002,2,
OI0007725,ORD003881,P0022,1,
OI0007726,ORD003881,P0009,1,
OI0007727,ORD003881,P0006,1,
OI0007728,ORD001942,P0005,1,
OI0007729,ORD004431,P0001,1,
OI0007730,ORD002500,P0019,2,
OI0007731,ORD002500,P0023,1,
OI0007732,ORD003953,P0006,1,
OI0007733,ORD002703,P0021,3,
OI0007734,ORD000338,P0007,2,
OI0007735,ORD001557,P0008,1,
OI0007736,ORD001557,P0017,1,
OI0007737,ORD001557,P0021,3,
OI0007738,ORD004914,P0024,3,
OI0007739,ORD004914,P0020,1,
OI0007740,ORD000005,P0021,2,
OI0007741,ORD001815,P0019,1,
OI0007742,ORD000856,P0012,2,
OI0007743,ORD000856,P0016,1,
OI0007744,ORD000856,P0006,2,
OI0007745,ORD000856,P0022,1,
OI0007746,ORD002070,P0018,1,
OI0007747,ORD002070,P0010,1,
OI0007748,ORD002070,P0010,1,
OI0007749,ORD004380,P0021,2,
OI0007750,ORD002217,P0009,1,
OI0007751,ORD002217,P0024,1,
OI0007752,ORD001468,P0002,1,
OI0007753,ORD001468,P0025,1,
OI0007754,ORD001468,P0005,1,
OI0007755,ORD004460,P0022,1,
OI0007756,ORD004460,P0006,1,
OI0007757,ORD004460,P0005,1,
OI0007758,ORD000149,P0022,2,
OI0007759,ORD000149,P0021,1,
OI0007760,ORD000149,P0004,2,
OI0007761,ORD000502,P0012,1,
OI0007762,ORD000502,P0014,1,
OI0007763,ORD004911,P0014,1,
OI0007764,ORD003279,P0017,1,
OI0007765,ORD003279,P0021,3,
OI0007766,ORD003279,P0009,3,
OI0007767,ORD003250,P0010,1,
OI0007768,ORD003250,P0008,1,
OI0007769,ORD000321,P0010,2,
OI0007770,ORD003758,P0023,1,
OI0007771,ORD001144,P0024,2,
OI0007772,ORD003265,P0003,1,
OI0007773,ORD004665,P0023,1,
OI0007774,ORD004665,P0025,-1,
OI0007775,ORD004665,P0007,1,
OI0007776,ORD000258,P0023,1,
OI0007777,ORD000258,P0026,1,
OI0007778,ORD000258,P0020,1,
OI0007779,ORD000969,P0018,1,
OI0007780,ORD000969,P0001,1,
OI0007781,ORD000969,P0024,1,
OI0007782,ORD004673,P0024,-1,
OI0007783,ORD004673,P0006,-1,
OI0007784,ORD004673,P0006,2,
OI0007785,ORD004780,P0015,1,
OI0007786,ORD000082,P0015,1,
OI0007787,ORD003232,P0006,1,
OI0007788,ORD004217,P0002,1,
OI0007789,ORD004217,P0022,2,
OI0007790,ORD004217,P0015,1,
OI0007791,ORD001366,P0024,1,
OI0007792,ORD001366,P0005,1,
OI0007793,ORD000081,P0025,1,
OI0007794,ORD002589,P0005,1,
OI0007795,ORD002589,P0024,1,
OI0007796,ORD002376,P0001,1,
OI0007797,ORD002376,P0009,1,
OI0007798,ORD002173,P0025,2,
OI0007799,ORD002173,P0015,1,
OI0007800,ORD000230,P0026,1,
OI0007801,ORD004990,P0010,1,
OI0007802,ORD004990,P0007,1,
OI0007803,ORD004990,P0014,1,
OI0007804,ORD004990,P0009,1,
OI0007805,ORD002400,P0022,2,
OI0007806,ORD003120,P0001,2,
OI0007807,ORD000876,P0003,1,
OI0007808,ORD004589,P0011,1,
OI0007809,ORD004395,P0015,3,
OI0007810,ORD004395,P0012,1,
OI0007811,ORD003266,P0008,1,
OI0007812,ORD001690,P0019,1,
OI0007813,ORD002813,P0015,1,
OI0007814,ORD004252,P0025,1,
OI0007815,ORD003755,P0011,1,
OI0007816,ORD002368,P0006,2,
OI0007817,ORD002368,P0016,2,
OI0007818,ORD001987,P0020,1,
OI0007819,ORD001987,P0004,1,
OI0007820,ORD003786,P0011,1,
OI0007821,ORD003786,P0009,3,
OI0007822,ORD003786,P0016,1,
OI0007823,ORD003367,P0023,1,
OI0007824,ORD000922,P0006,1,
OI0007825,ORD000922,P0015,1,
OI0007826,ORD000922,P0024,1,
OI0007827,ORD002477,P0024,2,
OI0007828,ORD004130,P0017,1,
OI0007829,ORD001586,P0014,1,
OI0007830,ORD001586,P0005,1,
OI0007831,ORD004171,P0014,1,
OI0007832,ORD004171,P0022,1,
OI0007833,ORD004171,P0019,2,
OI0007834,ORD000617,P0003,2,
OI0007835,ORD002260,P0025,2,
OI0007836,ORD003323,P0026,1,
OI0007837,ORD002329,P0024,2,
OI0007838,ORD002884,P0026,1,
OI0007839,ORD002884,P0022,2,
OI0007840,ORD002089,P0017,1,
OI0007841,ORD004872,P0011,2,
OI0007842,ORD004872,P0009,1,
OI0007843,ORD002515,P0007,1,
OI0007844,ORD004664,P0013,1,
OI0007845,ORD004533,P0018,3,
OI0007846,ORD004688,P0013,2,
OI0007847,ORD004688,P0009,1,
OI0007848,ORD000177,P0003,3,
OI0007849,ORD003969,P0005,1,
OI0007850,ORD003969,P0015,1,
OI0007851,ORD003247,P0014,1,
OI0007852,ORD003588,P0022,1,
OI0007853,ORD003588,P0015,1,
OI0007854,ORD000516,P0023,2,
OI0007855,ORD002495,P0020,2,
OI0007856,ORD003466,P0023,2,
OI0007857,ORD003376,P0004,-1,
OI0007858,ORD003376,P0015,1,
OI0007859,ORD001170,P0008,2,
OI0007860,ORD003893,P0013,1,
OI0007861,ORD003893,P0001,1,
OI0007862,ORD003893,P0005,1,
OI0007863,ORD002197,P0022,1,
OI0007864,ORD002197,P0021,2,
OI0007865,ORD003646,P0018,3,
OI0007866,ORD003646,P0014,3,
OI0007867,ORD003646,P0014,2,
OI0007868,ORD000185,P0001,1,
OI0007869,ORD000185,P0001,1,
OI0007870,ORD000185,P0020,1,
OI0007871,ORD001119,P0022,3,
OI0007872,ORD001119,P0016,1,
OI0007873,ORD004786,P0001,2,
OI0007874,ORD004786,P0014,1,
OI0007875,ORD003641,P0019,1,
OI0007876,ORD000074,P0013,2,
OI0007877,ORD003565,P0001,2,
OI0007878,ORD002236,P0021,1,
OI0007879,ORD001832,P0002,1,
OI0007880,ORD001832,P0002,1,
OI0007881,ORD001832,P0002,1,
OI0007882,ORD002672,P0023,2,
OI0007883,ORD002814,P0012,-1,
OI0007884,ORD002814,P0012,2,
OI0007885,ORD002814,P0010,1,
OI0007886,ORD001332,P0010,2,
OI0007887,ORD001332,P0005,1,
OI0007888,ORD004156,P0012,1,
OI0007889,ORD002524,P0019,1,
OI0007890,ORD002524,P0002,1,
OI0007891,ORD001673,P0021,1,
OI0007892,ORD004886,P0020,2,
OI0007893,ORD004886,P0007,1,
OI0007894,ORD004886,P0017,1,
OI0007895,ORD002652,P0003,1,
OI0007896,ORD001134,P0023,1,
OI0007897,ORD001134,P0004,2,
OI0007898,ORD001134,P0014,1,
OI0007899,ORD000772,P0022,2,
OI0007900,ORD000772,P0009,1,
OI0007901,ORD000772,P0016,1,
OI0007902,ORD000772,P0007,2,
OI0007903,ORD002900,P0012,1,
OI0007904,ORD002900,P0022,2,
OI0007905,ORD002900,P0006,1,
OI0007906,ORD001400,P0018,1,
OI0007907,ORD001400,P0007,3,
OI0007908,ORD003150,P0010,1,
OI0007909,ORD004374,P0013,1,
OI0007910,ORD003271,P0026,1,
OI0007911,ORD003020,P0009,1,
OI0007912,ORD004922,P0007,1,
OI0007913,ORD003202,P0004,1,
OI0007914,ORD001235,P0023,1,
OI0007915,ORD000137,P0001,1,
OI0007916,ORD004948,P0001,1,
OI0007917,ORD004076,P0004,2,
OI0007918,ORD002867,P0020,1,
OI0007919,ORD002867,P0015,1,
OI0007920,ORD002449,P0026,1,
OI0007921,ORD002449,P0013,1,
OI0007922,ORD004433,P0013,1,
OI0007923,ORD002024,P0009,1,
OI0007924,ORD002024,P0019,1,
OI0007925,ORD004369,P0013,2,
OI0007926,ORD004369,P0014,3,
OI0007927,ORD004369,P0005,1,
OI0007928,ORD003433,P0015,1,
OI0007929,ORD002887,P0025,1,
OI0007930,ORD000907,P0024,1,
OI0007931,ORD004122,P0021,1,
OI0007932,ORD003774,P0011,1,
OI0007933,ORD000957,P0019,1,
OI0007934,ORD000957,P0018,1,
OI0007935,ORD003357,P0020,1,
OI0007936,ORD003643,P0019,1,
OI0007937,ORD003827,P0020,3,
OI0007938,ORD001044,P0018,1,
OI0007939,ORD000615,P0021,1,
OI0007940,ORD004985,P0008,1,
OI0007941,ORD004985,P0025,1,
OI0007942,ORD002183,P0021,1,
OI0007943,ORD002183,P0002,1,
OI0007944,ORD000823,P0024,1,
OI0007945,ORD004282,P0007,1,
OI0007946,ORD004794,P0006,2,
OI0007947,ORD004794,P0001,1,
OI0007948,ORD000052,P0021,1,
OI0007949,ORD000052,P0026,1,
OI0007950,ORD001369,P0024,3,
OI0007951,ORD003033,P0006,1,
OI0007952,ORD003462,P0024,1,
OI0007953,ORD000356,P0002,1,
OI0007954,ORD000356,P0013,3,
OI0007955,ORD000779,P0020,1,
OI0007956,ORD003160,P0005,2,
OI0007957,ORD003160,P0014,1,
OI0007958,ORD004039,P0018,2,
OI0007959,ORD004039,P0009,2,
OI0007960,ORD003951,P0010,2,
OI0007961,ORD003951,P0021,1,
OI0007962,ORD003327,P0018,1,
OI0007963,ORD003327,P0017,2,
OI0007964,ORD003327,P0007,2,
OI0007965,ORD000163,P0013,1,
OI0007966,ORD000163,P0001,1,
OI0007967,ORD000163,P0009,1,
OI0007968,ORD002666,P0005,1,
OI0007969,ORD002666,P0013,2,
OI0007970,ORD002666,P0008,1,
OI0007971,ORD002666,P0018,2,
OI0007972,ORD003907,P0022,3,
OI0007973,ORD004329,P0020,2,
OI0007974,ORD000519,P0010,2,
OI0007975,ORD003778,P0001,1,
OI0007976,ORD003778,P0002,1,
OI0007977,ORD001531,P0008,3,
OI0007978,ORD001531,P0009,2,
OI0007979,ORD001531,P0003,1,
OI0007980,ORD004860,P0021,2,
OI0007981,ORD004860,P0012,1,
OI0007982,ORD001834,P0025,1,
OI0007983,ORD004163,P0016,2,
OI0007984,ORD004429,P0012,1,
OI0007985,ORD000813,P0017,2,
OI0007986,ORD001249,P0012,2,
OI0007987,ORD001849,P0002,1,
OI0007988,ORD001849,P0014,1,
OI0007989,ORD001648,P0002,2,
OI0007990,ORD001285,P0016,2,
OI0007991,ORD001285,P0021,1,
OI0007992,ORD005001,P0021,1,
OI0007993,ORD005001,P0015,1,
OI0007994,ORD001271,P0006,3,
OI0007995,ORD001556,P0012,2,
OI0007996,ORD000610,P0008,1,
OI0007997,ORD000007,P0003,1,
OI0007998,ORD000891,P0026,1,
OI0007999,ORD000891,P0023,1,
OI0008000,ORD004996,P0011,1,
OI0008001,ORD004524,P0022,1,
OI0008002,ORD004524,P0016,1,
OI0008003,ORD003556,P0009,2,
OI0008004,ORD002031,P0022,1,
OI0008005,ORD000859,P0001,2,
OI0008006,ORD003727,P0019,1,
OI0008007,ORD003727,P0014,1,
OI0008008,ORD003727,P0026,1,
OI0008009,ORD003258,P0020,1,
OI0008010,ORD001451,P0017,1,
OI0008011,ORD003298,P0016,1,
OI0008012,ORD003298,P0011,1,
OI0008013,ORD004443,P0016,2,
OI0008014,ORD000935,P0007,1,
OI0008015,ORD002755,P0005,1,
OI0008016,ORD004143,P0012,2,
OI0008017,ORD000683,P0011,1,
OI0008018,ORD003339,P0016,1,
OI0008019,ORD003339,P0006,1,
OI0008020,ORD003963,P0009,1,
OI0008021,ORD001758,P0017,2,
OI0008022,ORD001758,P0019,1,
OI0008023,ORD001670,P0011,1,
OI0008024,ORD001670,P0022,1,
OI0008025,ORD004992,P0002,2,
OI0008026,ORD004110,P0009,2,
OI0008027,ORD001695,P0017,2,
OI0008028,ORD004554,P0025,2,
OI0008029,ORD004554,P0001,1,
OI0008030,ORD001453,P0013,2,
OI0008031,ORD001453,P0020,1,
OI0008032,ORD001861,P0008,1,
OI0008033,ORD002000,P0017,1,
OI0008034,ORD002000,P0012,2,
OI0008035,ORD004744,P0021,2,
OI0008036,ORD003747,P0019,1,
OI0008037,ORD001344,P0008,1,
OI0008038,ORD001344,P0010,1,
OI0008039,ORD001344,P0006,2,
OI0008040,ORD003541,P0025,1,
OI0008041,ORD003541,P0018,2,
OI0008042,ORD004375,P0017,1,
OI0008043,ORD003262,P0023,3,
OI0008044,ORD003262,P0021,1,
OI0008045,ORD003696,P0007,2,
OI0008046,ORD000489,P0006,1,
OI0008047,ORD000489,P0010,1,
OI0008048,ORD000489,P0015,1,
OI0008049,ORD004700,P0007,1,
OI0008050,ORD004700,P0018,1,
OI0008051,ORD004625,P0013,1,
OI0008052,ORD001401,P0016,2,
OI0008053,ORD003424,P0016,1,
OI0008054,ORD003424,P0010,1,
OI0008055,ORD001326,P0003,1,
OI0008056,ORD004532,P0014,2,
OI0008057,ORD002911,P0010,2,
OI0008058,ORD000016,P0018,1,
OI0008059,ORD000016,P0019,1,
OI0008060,ORD004505,P0013,1,
OI0008061,ORD004505,P0024,1,
OI0008062,ORD004505,P0005,1,
OI0008063,ORD001925,P0021,1,
OI0008064,ORD001925,P0009,1,
OI0008065,ORD001925,P0021,3,
OI0008066,ORD001925,P0018,1,
OI0008067,ORD004338,P0004,1,
OI0008068,ORD004338,P0015,1,
OI0008069,ORD004836,P0012,1,
OI0008070,ORD004836,P0005,1,
OI0008071,ORD002214,P0007,3,
OI0008072,ORD002214,P0005,1,
OI0008073,ORD001471,P0026,1,
OI0008074,ORD001471,P0010,2,
OI0008075,ORD001471,P0008,2,
OI0008076,ORD001471,P0008,1,
OI0008077,ORD002676,P0016,2,
OI0008078,ORD002676,P0025,1,
OI0008079,ORD002676,P0003,1,
OI0008080,ORD002676,P0011,1,
OI0008081,ORD000381,P0003,1,
OI0008082,ORD002636,P0015,1,
OI0008083,ORD000032,P0001,1,
OI0008084,ORD000790,P0022,1,
OI0008085,ORD001545,P0004,2,
OI0008086,ORD003245,P0011,1,
OI0008087,ORD003245,P0007,1,
OI0008088,ORD003245,P0010,1,
OI0008089,ORD004457,P0008,3,
OI0008090,ORD001585,P0024,2,
OI0008091,ORD001585,P0006,2,
OI0008092,ORD002758,P0011,3,
OI0008093,ORD004418,P0025,2,
OI0008094,ORD001322,P0022,1,
OI0008095,ORD001322,P0019,2,
OI0008096,ORD001612,P0008,1,
OI0008097,ORD002850,P0014,1,
OI0008098,ORD000045,P0007,1,
OI0008099,ORD000512,P0007,1,
OI0008100,ORD000018,P0007,2,
OI0008101,ORD000018,P0016,1,
OI0008102,ORD000018,P0017,1,
OI0008103,ORD001378,P0017,1,
OI0008104,ORD000172,P0010,-1,
OI0008105,ORD000172,P0010,2,
OI0008106,ORD000172,P0019,1,
OI0008107,ORD003358,P0007,2,
OI0008108,ORD003358,P0026,1,
OI0008109,ORD003460,P0005,1,
OI0008110,ORD003539,P0001,1,
OI0008111,ORD003539,P0019,1,
OI0008112,ORD001797,P0025,1,
OI0008113,ORD001797,P0020,2,
OI0008114,ORD001797,P0009,1,
OI0008115,ORD000468,P0026,1,
OI0008116,ORD000468,P0002,1,
OI0008117,ORD000164,P0006,1,
OI0008118,ORD000164,P0019,2,
OI0008119,ORD004502,P0004,1,
OI0008120,ORD000909,P0005,2,
OI0008121,ORD001632,P0025,2,
OI0008122,ORD004209,P0002,1,
OI0008123,ORD004209,P0001,2,
OI0008124,ORD004209,P0025,1,
OI0008125,ORD001318,P0010,1,
OI0008126,ORD000791,P0025,1,
OI0008127,ORD004316,P0002,3,
OI0008128,ORD004714,P0001,1,
OI0008129,ORD004714,P0011,1,
OI0008130,ORD002275,P0017,1,
OI0008131,ORD002275,P0026,2,
OI0008132,ORD002275,P0007,1,
OI0008133,ORD003329,P0008,1,
OI0008134,ORD001257,P0007,1,
OI0008135,ORD003658,P0012,1,
OI0008136,ORD003859,P0021,1,
OI0008137,ORD003859,P0005,1,
OI0008138,ORD000738,P0024,3,
OI0008139,ORD000917,P0020,2,
OI0008140,ORD000917,P0002,1,
OI0008141,ORD000917,P0003,1,
OI0008142,ORD004656,P0014,1,
OI0008143,ORD004187,P0012,3,
OI0008144,ORD003979,P0026,1,
OI0008145,ORD003979,P0019,-1,
OI0008146,ORD002306,P0014,2,
OI0008147,ORD002306,P0001,1,
OI0008148,ORD002306,P0003,1,
OI0008149,ORD002306,P0022,1,
OI0008150,ORD000924,P0013,1,
OI0008151,ORD001778,P0007,1,
OI0008152,ORD004358,P0005,1,
OI0008153,ORD002073,P0004,1,
OI0008154,ORD001337,P0026,1,
OI0008155,ORD001337,P0008,1,
OI0008156,ORD001337,P0025,1,
OI0008157,ORD002330,P0010,1,
OI0008158,ORD000373,P0018,1,
OI0008159,ORD000373,P0023,2,
OI0008160,ORD000524,P0010,-1,
OI0008161,ORD000524,P0016,1,
OI0008162,ORD000524,P0014,1,
OI0008163,ORD004773,P0012,-1,
OI0008164,ORD000141,P0024,1,
OI0008165,ORD001500,P0011,2,
OI0008166,ORD001584,P0026,1,
OI0008167,ORD000616,P0021,1,
OI0008168,ORD001467,P0021,1,
OI0008169,ORD001467,P0017,1,
OI0008170,ORD001187,P0025,1,
OI0008171,ORD001187,P0015,1,
OI0008172,ORD003573,P0012,1,
OI0008173,ORD003573,P0017,3,
OI0008174,ORD001155,P0013,1,
OI0008175,ORD001155,P0023,1,
OI0008176,ORD000916,P0009,1,
OI0008177,ORD001477,P0017,1,
OI0008178,ORD001477,P0017,1,
OI0008179,ORD001477,P0005,1,
OI0008180,ORD001477,P0026,1,
OI0008181,ORD002427,P0026,1,
OI0008182,ORD001784,P0002,1,
OI0008183,ORD001784,P0001,1,
OI0008184,ORD001784,P0016,1,
OI0008185,ORD001784,P0003,1,
OI0008186,ORD001060,P0018,1,
OI0008187,ORD001060,P0021,1,
OI0008188,ORD003567,P0002,1,
OI0008189,ORD000973,P0003,2,
OI0008190,ORD000973,P0009,3,
OI0008191,ORD000973,P0024,1,
OI0008192,ORD002547,P0009,1,
OI0008193,ORD004861,P0004,1,
OI0008194,ORD004989,P0016,2,
OI0008195,ORD004938,P0012,1,
OI0008196,ORD004938,P0022,1,
OI0008197,ORD002682,P0005,1,
OI0008198,ORD002682,P0022,1,
OI0008199,ORD002682,P0004,1,
OI0008200,ORD002682,P0024,1,
OI0008201,ORD004267,P0011,2,
OI0008202,ORD002570,P0011,2,
OI0008203,ORD002004,P0004,3,
OI0008204,ORD003936,P0023,2,
OI0008205,ORD003936,P0019,1,
OI0008206,ORD004297,P0002,1,
OI0008207,ORD004297,P0022,1,
OI0008208,ORD004297,P0011,1,
OI0008209,ORD003623,P0014,1,
OI0008210,ORD004079,P0017,3,
OI0008211,ORD004079,P0006,1,
OI0008212,ORD004079,P0023,1,
OI0008213,ORD004117,P0025,1,
OI0008214,ORD004670,P0005,1,
OI0008215,ORD004670,P0026,1,
OI0008216,ORD004670,P0023,1,
OI0008217,ORD001456,P0021,1,
OI0008218,ORD001456,P0003,1,
OI0008219,ORD001456,P0023,1,
OI0008220,ORD003181,P0014,1,
OI0008221,ORD000349,P0012,1,
OI0008222,ORD000008,P0008,1,
OI0008223,ORD001095,P0007,1,
OI0008224,ORD001095,P0010,1,
OI0008225,ORD002504,P0006,1,
OI0008226,ORD002534,P0009,1,
OI0008227,ORD002534,P0021,1,
OI0008228,ORD003191,P0024,1,
OI0008229,ORD003191,P0021,1,
OI0008230,ORD000480,P0020,2,
OI0008231,ORD004402,P0006,1,
OI0008232,ORD004402,P0003,1,
OI0008233,ORD004402,P0008,1,
OI0008234,ORD004402,P0011,3,
OI0008235,ORD004557,P0023,1,
OI0008236,ORD002148,P0004,3,
OI0008237,ORD002677,P0003,3,
OI0008238,ORD004349,P0019,1,
OI0008239,ORD004349,P0024,2,
OI0008240,ORD000899,P0018,1,
OI0008241,ORD004775,P0012,1,
OI0008242,ORD004775,P0014,1,
OI0008243,ORD004775,P0021,1,
OI0008244,ORD004775,P0005,1,
OI0008245,ORD000852,P0005,1,
OI0008246,ORD000852,P0017,1,
OI0008247,ORD000070,P0018,1,
OI0008248,ORD002441,P0020,1,
OI0008249,ORD002441,P0015,-1,
OI0008250,ORD002441,P0013,1,
OI0008251,ORD003289,P0024,1,
OI0008252,ORD003289,P0002,1,
OI0008253,ORD004092,P0025,1,
OI0008254,ORD004390,P0012,3,
OI0008255,ORD003418,P0012,1,
OI0008256,ORD004452,P0009,2,
OI0008257,ORD004452,P0008,1,
OI0008258,ORD004452,P0004,1,
OI0008259,ORD003568,P0010,1,
OI0008260,ORD004865,P0016,1,
OI0008261,ORD004814,P0012,1,
OI0008262,ORD003052,P0005,2,
OI0008263,ORD000923,P0022,1,
OI0008264,ORD004190,P0015,1,
OI0008265,ORD002426,P0019,2,
OI0008266,ORD003049,P0006,1,
OI0008267,ORD000625,P0025,1,
OI0008268,ORD001417,P0015,1,
OI0008269,ORD000774,P0013,1,
OI0008270,ORD000774,P0023,1,
OI0008271,ORD001244,P0014,1,
OI0008272,ORD001449,P0004,1,
OI0008273,ORD004858,P0022,3,
OI0008274,ORD000527,P0002,1,
OI0008275,ORD001287,P0016,2,
OI0008276,ORD001287,P0001,2,
OI0008277,ORD001287,P0005,1,
OI0008278,ORD001839,P0024,1,
OI0008279,ORD001839,P0021,2,
OI0008280,ORD001839,P0005,1,
OI0008281,ORD004379,P0008,1,
OI0008282,ORD004379,P0014,2,
OI0008283,ORD004379,P0003,1,
OI0008284,ORD004702,P0022,1,
OI0008285,ORD004702,P0022,1,
OI0008286,ORD004702,P0014,1,
OI0008287,ORD002234,P0020,-1,
OI0008288,ORD000358,P0003,2,
OI0008289,ORD000358,P0004,1,
OI0008290,ORD000332,P0008,1,
OI0008291,ORD004410,P0011,1,
OI0008292,ORD001828,P0001,1,
OI0008293,ORD001828,P0010,1,
OI0008294,ORD000877,P0010,1,
OI0008295,ORD001678,P0010,2,
OI0008296,ORD001678,P0024,1,
OI0008297,ORD001594,P0009,1,
OI0008298,ORD000796,P0001,1,
OI0008299,ORD002783,P0015,1,
OI0008300,ORD002783,P0003,2,
OI0008301,ORD004516,P0009,1,
OI0008302,ORD000222,P0024,1,
OI0008303,ORD004214,P0009,1,
OI0008304,ORD004214,P0010,3,
OI0008305,ORD002124,P0013,1,
OI0008306,ORD002124,P0002,1,
OI0008307,ORD002124,P0018,2,
OI0008308,ORD002747,P0004,1,
OI0008309,ORD002747,P0017,1,
OI0008310,ORD000623,P0016,2,
OI0008311,ORD003089,P0015,1,
OI0008312,ORD003535,P0017,2,
OI0008313,ORD000351,P0008,1,
OI0008314,ORD004999,P0004,1,
OI0008315,ORD004999,P0026,3,
OI0008316,ORD002431,P0011,2,
OI0008317,ORD001412,P0011,1,
OI0008318,ORD003348,P0011,1,
OI0008319,ORD003348,P0020,1,
OI0008320,ORD005005,P0020,2,
OI0008321,ORD005005,P0002,1,
OI0008322,ORD003796,P0010,1,
OI0008323,ORD002002,P0001,-1,
OI0008324,ORD002002,P0003,1,
OI0008325,ORD002002,P0004,2,
OI0008326,ORD002002,P0009,1,
OI0008327,ORD003571,P0019,1,
OI0008328,ORD003571,P0021,1,
OI0008329,ORD003571,P0021,1,
OI0008330,ORD003571,P0013,1,
OI0008331,ORD001906,P0012,1,
OI0008332,ORD003296,P0011,2,
OI0008333,ORD003296,P0004,1,
OI0008334,ORD004765,P0014,1,
OI0008335,ORD004765,P0021,1,
OI0008336,ORD002588,P0024,1,
OI0008337,ORD002588,P0015,1,
OI0008338,ORD002603,P0005,1,
OI0008339,ORD001243,P0001,1,
OI0008340,ORD000345,P0015,1,
OI0008341,ORD001789,P0022,1,
OI0008342,ORD001789,P0009,1,
OI0008343,ORD003363,P0015,3,
OI0008344,ORD003363,P0015,1,
OI0008345,ORD002643,P0006,3,
OI0008346,ORD002643,P0024,1,
OI0008347,ORD004889,P0020,1,
OI0008348,ORD004889,P0006,1,
OI0008349,ORD004889,P0024,1,
OI0008350,ORD000959,P0019,1,
OI0008351,ORD002342,P0025,-1,
OI0008352,ORD002342,P0018,1,
OI0008353,ORD001237,P0007,1,
OI0008354,ORD001292,P0004,3,
OI0008355,ORD004692,P0022,1,
OI0008356,ORD003022,P0013,2,
OI0008357,ORD000228,P0014,1,
OI0008358,ORD000228,P0006,1,
OI0008359,ORD000228,P0012,1,
OI0008360,ORD001097,P0004,1,
OI0008361,ORD001162,P0019,1,
OI0008362,ORD001162,P0011,1,
OI0008363,ORD000686,P0009,1,
OI0008364,ORD004447,P0006,1,
OI0008365,ORD004447,P0002,3,
OI0008366,ORD004447,P0007,1,
OI0008367,ORD004890,P0015,1,
OI0008368,ORD004890,P0005,1,
OI0008369,ORD004890,P0009,1,
OI0008370,ORD003272,P0017,1,
OI0008371,ORD003272,P0024,1,
OI0008372,ORD003272,P0010,1,
OI0008373,ORD000660,P0016,2,
OI0008374,ORD003428,P0016,1,
OI0008375,ORD003428,P0017,1,
OI0008376,ORD000144,P0017,1,
OI0008377,ORD000144,P0004,1,
OI0008378,ORD001259,P0006,1,
OI0008379,ORD001259,P0019,1,
OI0008380,ORD004647,P0006,1,
OI0008381,ORD002939,P0009,1,
OI0008382,ORD004879,P0021,1,
OI0008383,ORD001397,P0022,1,
OI0008384,ORD002613,P0009,2,
OI0008385,ORD003885,P0014,1,
OI0008386,ORD003885,P0024,2,
OI0008387,ORD004080,P0015,1,
OI0008388,ORD003706,P0016,1,
OI0008389,ORD003706,P0004,2,
OI0008390,ORD001516,P0024,1,
OI0008391,ORD002196,P0010,1,
OI0008392,ORD002196,P0013,1,
OI0008393,ORD001911,P0014,1,
OI0008394,ORD001911,P0021,1,
OI0008395,ORD003393,P0019,2,
OI0008396,ORD002594,P0016,1,
OI0008397,ORD001311,P0014,1,
OI0008398,ORD001311,P0002,1,
OI0008399,ORD001714,P0006,1,
OI0008400,ORD003500,P0025,1,
OI0008401,ORD003255,P0026,1,
OI0008402,ORD003255,P0010,1,
OI0008403,ORD001489,P0003,1,
OI0008404,ORD002109,P0011,2,
OI0008405,ORD002109,P0024,1,
OI0008406,ORD002109,P0006,1,
OI0008407,ORD004071,P0004,1,
OI0008408,ORD003672,P0006,1,
OI0008409,ORD001553,P0006,2,
OI0008410,ORD001553,P0019,1,
OI0008411,ORD002566,P0025,1,
OI0008412,ORD002566,P0020,1,
OI0008413,ORD002566,P0012,1,
OI0008414,ORD000585,P0011,2,
OI0008415,ORD000585,P0016,3,
OI0008416,ORD002862,P0012,1,
OI0008417,ORD004158,P0012,2,
OI0008418,ORD004158,P0017,3,
OI0008419,ORD003093,P0001,1,
OI0008420,ORD003066,P0022,1,
OI0008421,ORD000085,P0026,1,
OI0008422,ORD000085,P0017,1,
OI0008423,ORD001362,P0021,1,
OI0008424,ORD000171,P0013,1,
OI0008425,ORD003807,P0001,1,
OI0008426,ORD003807,P0012,1,
OI0008427,ORD002220,P0006,2,
OI0008428,ORD000097,P0020,1,
OI0008429,ORD002709,P0009,1,
OI0008430,ORD002709,P0001,1,
OI0008431,ORD002709,P0018,1,
OI0008432,ORD004753,P0003,1,
OI0008433,ORD004167,P0016,1,
OI0008434,ORD004089,P0019,1,
OI0008435,ORD004249,P0014,-1,
OI0008436,ORD004115,P0019,1,
OI0008437,ORD004115,P0006,1,
OI0008438,ORD002497,P0020,1,
OI0008439,ORD002497,P0024,2,
OI0008440,ORD002497,P0013,2,
OI0008441,ORD000152,P0005,2,
OI0008442,ORD000152,P0001,1,
OI0008443,ORD003628,P0003,2,
OI0008444,ORD003628,P0020,2,
OI0008445,ORD003628,P0020,1,
OI0008446,ORD002475,P0003,1,
OI0008447,ORD002475,P0001,1,
OI0008448,ORD002412,P0020,1,
OI0008449,ORD002412,P0024,1,
OI0008450,ORD002375,P0013,2,
OI0008451,ORD001658,P0025,1,
OI0008452,ORD001658,P0005,1,
OI0008453,ORD001658,P0012,1,
OI0008454,ORD001658,P0005,1,
OI0008455,ORD001602,P0023,2,
OI0008456,ORD004421,P0005,1,
OI0008457,ORD000013,P0005,1,
OI0008458,ORD001600,P0019,1,
OI0008459,ORD001576,P0015,1,
OI0008460,ORD001576,P0004,1,
OI0008461,ORD003134,P0023,-1,
OI0008462,ORD004843,P0018,1,
OI0008463,ORD002136,P0019,2,
OI0008464,ORD002626,P0019,1,
OI0008465,ORD003088,P0024,3,
OI0008466,ORD001444,P0005,1,
OI0008467,ORD003078,P0016,1,
OI0008468,ORD003078,P0022,1,
OI0008469,ORD000926,P0005,1,
OI0008470,ORD000926,P0015,1,
OI0008471,ORD000926,P0024,1,
OI0008472,ORD001183,P0009,3,
OI0008473,ORD001226,P0002,2,
OI0008474,ORD002370,P0023,1,
OI0008475,ORD002955,P0026,1,
OI0008476,ORD002955,P0013,1,
OI0008477,ORD002955,P0024,2,
OI0008478,ORD002955,P0021,2,
OI0008479,ORD000176,P0025,1,
OI0008480,ORD000176,P0020,1,
OI0008481,ORD001340,P0013,1,
OI0008482,ORD001340,P0006,1,
OI0008483,ORD001490,P0019,2,
OI0008484,ORD001490,P0026,2,
OI0008485,ORD001490,P0022,1,
OI0008486,ORD001490,P0010,1,
OI0008487,ORD004961,P0007,2,
OI0008488,ORD004961,P0009,3,
OI0008489,ORD004568,P0014,1,
OI0008490,ORD001805,P0016,2,
OI0008491,ORD002047,P0006,1,
OI0008492,ORD002086,P0005,3,
OI0008493,ORD002086,P0004,2,
OI0008494,ORD003177,P0007,3,
OI0008495,ORD003177,P0003,1,
OI0008496,ORD003177,P0026,1,
OI0008497,ORD004033,P0015,1,
OI0008498,ORD001165,P0022,1,
OI0008499,ORD001438,P0024,1,
OI0008500,ORD001438,P0001,1,
OI0008501,ORD001415,P0004,1,
OI0008502,ORD000836,P0011,1,
OI0008503,ORD000836,P0007,1,
OI0008504,ORD004047,P0022,2,
OI0008505,ORD000897,P0015,3,
OI0008506,ORD002608,P0003,2,
OI0008507,ORD002608,P0013,1,
OI0008508,ORD002608,P0026,1,
OI0008509,ORD002608,P0012,1,
OI0008510,ORD004955,P0009,2,
OI0008511,ORD004955,P0007,1,
OI0008512,ORD001460,P0006,1,
OI0008513,ORD001460,P0004,1,
OI0008514,ORD002908,P0005,1,
OI0008515,ORD002908,P0005,1,
OI0008516,ORD002063,P0021,1,
OI0008517,ORD004815,P0018,1,
OI0008518,ORD000849,P0010,1,
OI0008519,ORD000849,P0004,1,
OI0008520,ORD002888,P0004,2,
OI0008521,ORD002888,P0022,1,
OI0008522,ORD002888,P0003,1,
OI0008523,ORD002888,P0006,1,
OI0008524,ORD001238,P0004,3,
OI0008525,ORD001238,P0011,1,
OI0008526,ORD004901,P0007,3,
OI0008527,ORD001848,P0008,1,
OI0008528,ORD000296,P0003,1,
OI0008529,ORD000296,P0014,2,
OI0008530,ORD000296,P0011,1,
OI0008531,ORD002387,P0016,2,
OI0008532,ORD002387,P0026,1,
OI0008533,ORD003971,P0005,1,
OI0008534,ORD000406,P0020,2,
OI0008535,ORD003723,P0026,1,
OI0008536,ORD003723,P0004,1,
OI0008537,ORD003723,P0017,2,
OI0008538,ORD003723,P0020,1,
OI0008539,ORD000410,P0015,1,
OI0008540,ORD000410,P0020,1,
OI0008541,ORD003408,P0009,1,
OI0008542,ORD003408,P0014,1,
OI0008543,ORD003408,P0007,1,
OI0008544,ORD004529,P0013,2,
OI0008545,ORD002840,P0015,1,
OI0008546,ORD002840,P0023,3,
OI0008547,ORD002840,P0013,1,
OI0008548,ORD001931,P0025,2,
OI0008549,ORD000344,P0012,1,
OI0008550,ORD004207,P0011,1,
OI0008551,ORD004350,P0004,1,
OI0008552,ORD000977,P0009,1,
OI0008553,ORD000977,P0020,2,
OI0008554,ORD000977,P0005,2,
OI0008555,ORD000387,P0015,1,
OI0008556,ORD000705,P0010,1,
OI0008557,ORD000693,P0025,1,
OI0008558,ORD000693,P0012,1,
OI0008559,ORD000693,P0014,1,
OI0008560,ORD001065,P0021,1,
OI0008561,ORD001065,P0017,2,
OI0008562,ORD000817,P0007,1,
OI0008563,ORD001527,P0017,1,
OI0008564,ORD000626,P0012,1,
OI0008565,ORD004698,P0019,1,
OI0008566,ORD003698,P0015,1,
OI0008567,ORD003698,P0017,1,
OI0008568,ORD003698,P0013,2,
OI0008569,ORD001538,P0011,2,
OI0008570,ORD002041,P0016,1,
OI0008571,ORD003977,P0017,1,
OI0008572,ORD002027,P0026,1,
OI0008573,ORD002027,P0007,3,
OI0008574,ORD002027,P0011,1,
OI0008575,ORD001208,P0020,1,
OI0008576,ORD001208,P0012,2,
OI0008577,ORD001208,P0014,1,
OI0008578,ORD001208,P0017,1,
OI0008579,ORD004155,P0020,1,
OI0008580,ORD004155,P0014,1,
OI0008581,ORD002087,P0024,1,
OI0008582,ORD002087,P0005,1,
OI0008583,ORD002309,P0004,1,
OI0008584,ORD002309,P0007,2,
OI0008585,ORD004373,P0008,1,
OI0008586,ORD003230,P0009,1,
OI0008587,ORD003230,P0003,1,
OI0008588,ORD003157,P0002,1,
OI0008589,ORD003157,P0015,2,
OI0008590,ORD003157,P0005,1,
OI0008591,ORD002812,P0012,1,
OI0008592,ORD002812,P0002,1,
OI0008593,ORD002812,P0025,1,
OI0008594,ORD002812,P0024,1,
OI0008595,ORD004792,P0026,1,
OI0008596,ORD004792,P0012,1,
OI0008597,ORD000329,P0026,2,
OI0008598,ORD004906,P0022,2,
OI0008599,ORD002595,P0011,1,
OI0008600,ORD002595,P0021,1,
OI0008601,ORD001275,P0012,2,
OI0008602,ORD001275,P0004,1,
OI0008603,ORD001474,P0026,3,
OI0008604,ORD000526,P0004,1,
OI0008605,ORD000526,P0002,1,
OI0008606,ORD000526,P0023,2,
OI0008607,ORD004144,P0019,1,
OI0008608,ORD004144,P0002,1,
OI0008609,ORD002782,P0023,1,
OI0008610,ORD001216,P0023,1,
OI0008611,ORD003844,P0010,1,
OI0008612,ORD003844,P0022,2,
OI0008613,ORD001263,P0002,2,
OI0008614,ORD001263,P0012,1,
OI0008615,ORD003611,P0023,1,
OI0008616,ORD003611,P0009,1,
OI0008617,ORD900000,P0016,1,
OI0008618,ORD900001,P0012,1,
OI0008619,ORD900002,P0016,1,
OI0008620,ORD900003,P0023,1,
OI0008621,ORD000033,P9999,1,
OI0008622,ORD001969,P9999,1,
OI0008623,ORD000720,P9999,1,
