order_id,customer_id,order_date,status,payment_method
ORD000991,CUST00063,2023-02-27,Cancelled,COD
ORD003237,CUST00231,2023-04-14,Delivered,UPI
ORD003345,CUST00084,2024-07-20,Delivered,Cash on Delivery
ORD000300,CUST00207,2023-11-24,Pending,upi
ORD001888,CUST00202,2025-11-23,Shipped,Net Banking
ORD002137,CUST00187,2024-03-19,Cancelled,COD
ORD004813,CUST00256,2024-06-27,Delivered,COD
ORD003070,CUST00047,2024-03-05,delivered,Credit Card
ORD002291,CUST00229,2024-10-20,Shipped,Net Banking
ORD003560,CUST00582,2024-09-24,Delivered,UPI
ORD003697,CUST00039,2023-03-10,Returned,COD
ORD000454,CUST00123,2025-11-22,Returned,Debit Card
ORD000305,CUST00562,2025-01-07,Cancelled,Credit Card
ORD001218,CUST00032,2023-11-14,Shipped,UPI
ORD000600,CUST00161,2023-08-26,Cancelled,Net Banking
ORD001851,CUST00184,2025-12-10,Cancelled,COD
ORD004693,CUST00434,2024-06-19,delivered,Cash on Delivery
ORD002211,CUST00572,2024-02-24,DELIVERED,UPI
ORD002143,CUST00112,2023-09-21,Cancelled,Debit Card
ORD003576,CUST00022,2024-02-15,Shipped,Net Banking
ORD002068,CUST00166,2024-09-26,Delivered,Net Banking
ORD003054,CUST00012,2025-11-28,Pending,COD
ORD004538,CUST00284,2023-07-31,Shipped,UPI
ORD003911,CUST00241,2025-11-06,Cancelled,Credit Card
ORD004695,CUST00333,2024-09-10,Pending,UPI
ORD001206,CUST00313,2023-11-10,Shipped,COD
ORD001776,CUST00359,2023-10-16,Cancelled,Credit Card
ORD002752,CUST00466,2023-10-08,Delivered,upi
ORD001874,CUST00224,2025-09-20,Delivered,Credit Card
ORD004283,CUST00141,2024-03-17,delivered,Cash on Delivery
ORD003340,CUST00596,2023-05-19,Returned,Debit Card
ORD001363,CUST00163,2023-04-09,delivered,Cash on Delivery
ORD002440,CUST00075,2023-01-20,Cancelled,Debit Card
ORD000325,CUST00414,2023-10-15,Delivered,upi
ORD004947,CUST00328,2025-09-02,delivered,Cash on Delivery
ORD002790,CUST00431,2023-04-30,delivered,Credit Card
ORD003816,CUST00562,2024-09-10,Pending,UPI
ORD002184,CUST00445,2025-07-22,Returned,upi
ORD001495,CUST00230,2023-07-22,delivered,upi
ORD000091,CUST00484,2023-08-25,DELIVERED,Credit Card
ORD000444,CUST00233,2025-08-21,Cancelled,upi
ORD003417,CUST00580,2025-11-10,Returned,UPI
ORD002819,CUST00600,2023-08-04,DELIVERED,Debit Card
ORD001286,CUST00243,2023-08-04,Delivered,Net Banking
ORD003941,CUST00276,2023-08-16,DELIVERED,Cash on Delivery
ORD003014,CUST00247,2023-08-12,Pending,Net Banking
ORD001330,CUST00038,2023-11-24,DELIVERED,upi
ORD004066,CUST00536,2025-08-27,Delivered,UPI
ORD004219,CUST00351,2024-01-09,DELIVERED,Credit Card
ORD000063,CUST00554,2025-10-26,DELIVERED,upi
ORD004629,CUST00358,2025-04-14,Cancelled,Credit Card
ORD002219,CUST00071,2025-01-02,Returned,Debit Card
ORD004181,CUST00535,2023-02-20,Shipped,UPI
ORD002796,CUST00112,2024-12-23,Cancelled,Net Banking
ORD001957,CUST00180,2024-06-11,Returned,upi
ORD004607,CUST00227,2023-04-11,Delivered,Net Banking
ORD004725,CUST00203,2024-02-19,delivered,Credit Card
ORD003303,CUST00364,2023-03-05,DELIVERED,UPI
ORD000157,CUST00301,2024-02-08,Pending,Net Banking
ORD002458,CUST00128,2024-09-15,Pending,COD
ORD002511,CUST00393,2023-11-25,Pending,Debit Card
ORD002611,CUST00465,2024-03-06,Returned,COD
ORD002556,CUST00396,2023-05-27,DELIVERED,COD
ORD003837,CUST00535,2025-06-10,Shipped,UPI
ORD001441,CUST00511,2023-02-25,Returned,Net Banking
ORD001154,CUST00100,2025-02-05,Returned,Cash on Delivery
ORD002363,CUST00364,2023-05-21,Cancelled,Cash on Delivery
ORD000168,CUST00400,2024-04-11,Pending,Net Banking
ORD003846,CUST00528,2023-08-17,Cancelled,Net Banking
ORD001020,CUST00138,2023-05-29,delivered,COD
ORD004653,CUST00420,2023-09-09,Shipped,upi
ORD003106,CUST00597,2025-09-28,delivered,Net Banking
ORD003430,CUST00189,2024-01-22,Returned,Credit Card
ORD000732,CUST00130,2023-01-09,Cancelled,Net Banking
ORD001517,CUST00184,2024-04-05,delivered,Debit Card
ORD004072,CUST00142,2025-10-30,Returned,Credit Card
ORD000201,CUST00447,2023-02-04,Pending,Cash on Delivery
ORD001853,CUST00402,2025-09-16,Cancelled,upi
ORD000471,CUST00161,2025-01-25,Pending,upi
ORD002937,CUST00100,2023-10-24,Pending,Credit Card
ORD000895,CUST00244,2025-03-18,delivered,Credit Card
ORD001860,CUST00540,2023-02-02,Shipped,Debit Card
ORD004164,CUST00225,2023-12-22,Returned,UPI
ORD004335,CUST00046,2024-05-02,DELIVERED,upi
ORD000343,CUST00560,2025-06-11,Delivered,Net Banking
ORD004575,CUST00022,2023-03-08,Returned,upi
ORD000730,CUST00198,2023-03-22,Cancelled,Credit Card
ORD000493,CUST00551,2023-07-01,Cancelled,UPI
ORD004774,CUST00186,2023-05-24,Pending,Debit Card
ORD000529,CUST00403,2024-02-08,Shipped,Net Banking
ORD004732,CUST00031,2024-02-14,Shipped,Credit Card
ORD003494,CUST00255,2025-07-06,Pending,Net Banking
ORD000125,CUST00078,2024-08-19,delivered,Cash on Delivery
ORD002969,CUST00135,2025-06-27,Pending,Credit Card
ORD003767,CUST00404,2024-12-24,Pending,Cash on Delivery
ORD002738,CUST00577,2025-01-24,Shipped,Net Banking
ORD000511,CUST00355,2024-04-16,Returned,Cash on Delivery
ORD000438,CUST00574,2023-10-15,DELIVERED,Cash on Delivery
ORD000429,CUST00555,2025-01-14,DELIVERED,Cash on Delivery
ORD002627,CUST00502,2025-10-19,Shipped,Credit Card
ORD004027,CUST00078,2025-01-04,Pending,UPI
ORD003318,CUST00358,2025-08-04,Shipped,Credit Card
ORD001701,CUST00428,2023-06-26,Shipped,COD
ORD002772,CUST00070,2023-10-04,Returned,Net Banking
ORD003211,CUST00500,2025-01-07,Cancelled,Net Banking
ORD002127,CUST00298,2024-11-07,Cancelled,Cash on Delivery
ORD002316,CUST00389,2025-08-03,Shipped,upi
ORD003038,CUST00099,2024-05-07,Returned,Cash on Delivery
ORD001443,CUST00062,2024-05-25,Cancelled,Debit Card
ORD000382,CUST00126,2025-06-23,Delivered,Credit Card
ORD001448,CUST00121,2023-07-12,Returned,UPI
ORD002285,CUST00057,2023-09-16,delivered,Cash on Delivery
ORD004363,CUST00084,2023-07-23,DELIVERED,upi
ORD001180,CUST00190,2023-01-25,Returned,UPI
ORD001928,CUST00590,2025-05-23,delivered,COD
ORD000336,CUST00465,2023-12-06,Pending,upi
ORD003024,CUST00215,2023-05-05,delivered,Cash on Delivery
ORD000218,CUST00423,2023-05-03,DELIVERED,Cash on Delivery
ORD004668,CUST00213,2023-04-15,Pending,COD
ORD001405,CUST00543,2023-05-29,Pending,Debit Card
ORD003456,CUST00080,2025-08-14,DELIVERED,Net Banking
ORD004324,CUST00566,2024-09-14,Returned,Cash on Delivery
ORD004594,CUST00418,2023-02-19,Returned,Debit Card
ORD002044,CUST00495,2025-02-08,Delivered,Cash on Delivery
ORD004763,CUST00023,2025-11-03,Cancelled,upi
ORD001054,CUST00426,2025-12-12,Shipped,COD
ORD004752,CUST00493,2023-02-04,Pending,upi
ORD005003,CUST99002,2024-02-14,Delivered,COD
ORD000326,CUST00373,2024-01-29,Cancelled,COD
ORD002591,CUST00117,2025-06-08,Pending,Cash on Delivery
ORD004236,CUST00255,2025-02-04,delivered,Credit Card
ORD002113,CUST00008,2024-09-26,Returned,Net Banking
ORD003344,CUST00010,2023-11-01,DELIVERED,UPI
ORD002871,CUST00390,2023-11-13,Returned,Credit Card
ORD003140,CUST00458,2025-08-15,Delivered,UPI
ORD003057,CUST00165,2024-07-28,Pending,COD
ORD002617,CUST00562,2023-01-30,Delivered,Credit Card
ORD004300,CUST00599,2025-12-18,Pending,Credit Card
ORD004759,CUST00415,2023-01-22,Returned,Cash on Delivery
ORD003600,CUST00022,2024-06-14,Shipped,COD
ORD004612,CUST00550,2023-08-16,Delivered,Debit Card
ORD003125,CUST00026,2025-10-07,Cancelled,COD
ORD004585,CUST00479,2024-02-21,delivered,UPI
ORD001000,CUST00484,2023-10-26,DELIVERED,upi
ORD002403,CUST00037,2024-02-05,Shipped,Net Banking
ORD001514,CUST00357,2023-12-05,Pending,upi
ORD003668,CUST00503,2025-10-24,Returned,Credit Card
ORD003815,CUST00341,2025-03-19,Shipped,Debit Card
ORD000765,CUST00232,2023-07-20,Shipped,Cash on Delivery
ORD004624,CUST00119,2024-06-03,Cancelled,UPI
ORD003725,CUST00193,2024-07-15,delivered,Net Banking
ORD001492,CUST00579,2025-07-03,Pending,Net Banking
ORD000263,CUST00087,2023-08-12,delivered,COD
ORD000311,CUST00140,2024-06-04,Cancelled,Debit Card
ORD001532,CUST00354,2025-10-12,Cancelled,Cash on Delivery
ORD001089,CUST00119,2024-08-04,Cancelled,Net Banking
ORD003701,CUST00072,2024-10-17,delivered,upi
ORD001883,CUST00549,2023-10-24,Delivered,Net Banking
ORD000197,CUST00488,2023-06-29,Delivered,Debit Card
ORD000159,CUST00318,2025-03-18,delivered,upi
ORD000426,CUST00019,2025-06-10,Delivered,COD
ORD004015,CUST00163,2024-04-01,Returned,UPI
ORD000784,CUST00351,2023-05-11,Cancelled,COD
ORD002318,CUST00303,2024-04-28,Cancelled,Net Banking
ORD003566,CUST00335,2023-12-26,Delivered,Debit Card
ORD001476,CUST00413,2023-03-01,Cancelled,Credit Card
ORD002951,CUST00453,2025-01-26,Cancelled,Net Banking
ORD003023,CUST00420,2023-04-04,Pending,Cash on Delivery
ORD003387,CUST00091,2024-12-25,delivered,COD
ORD002642,CUST00031,2024-10-14,Returned,Cash on Delivery
ORD002981,CUST00024,2023-03-22,delivered,Credit Card
ORD004981,CUST00006,2024-09-26,Returned,COD
ORD003703,CUST00331,2024-12-16,Shipped,upi
ORD001171,CUST00321,2025-11-18,Cancelled,Credit Card
ORD004905,CUST00031,2023-12-13,Cancelled,Credit Card
ORD004205,CUST00429,2024-07-14,Pending,Debit Card
ORD003999,CUST00064,2024-06-17,Pending,Net Banking
ORD004782,CUST00090,2024-12-04,Shipped,Net Banking
ORD002648,CUST00528,2023-10-03,Pending,UPI
ORD001014,CUST00225,2023-02-13,Returned,COD
ORD003838,CUST00346,2024-02-01,Pending,Cash on Delivery
ORD004956,CUST00196,2023-09-02,delivered,upi
ORD004056,CUST00508,2023-08-12,Returned,Cash on Delivery
ORD000523,CUST00237,2023-02-14,Delivered,Cash on Delivery
ORD002361,CUST00440,2025-06-01,DELIVERED,Credit Card
ORD003058,CUST00539,2023-01-28,Returned,Debit Card
ORD001025,CUST00218,2023-04-13,Delivered,upi
ORD002046,CUST00112,2023-11-16,Returned,Credit Card
ORD001620,CUST00428,2023-02-13,Shipped,Debit Card
ORD002761,CUST00375,2025-02-15,DELIVERED,UPI
ORD000906,CUST00327,2025-01-23,delivered,COD
ORD002270,CUST00594,2023-12-03,Cancelled,Credit Card
ORD002443,CUST00557,2023-11-24,Pending,upi
ORD000284,CUST00043,2024-03-25,Shipped,UPI
ORD004885,CUST00128,2023-07-08,Pending,UPI
ORD001593,CUST00336,2023-12-15,Delivered,upi
ORD002860,CUST00429,2025-11-28,delivered,UPI
ORD001843,CUST00077,2023-10-02,Pending,Debit Card
ORD000477,CUST00353,2023-09-16,Pending,Credit Card
ORD001281,CUST00328,2025-07-27,Returned,Debit Card
ORD004074,CUST00203,2024-02-09,delivered,Debit Card
ORD000140,CUST00516,2023-11-19,Delivered,Credit Card
ORD004328,CUST00161,2025-08-25,Shipped,COD
ORD004133,CUST00408,2023-01-08,Pending,COD
ORD004873,CUST00568,2024-11-11,delivered,COD
ORD004381,CUST00492,2024-11-20,DELIVERED,UPI
ORD001736,CUST00492,2023-10-17,Shipped,upi
ORD004957,CUST00395,2023-02-22,DELIVERED,Credit Card
ORD002697,CUST00340,2024-12-04,Returned,Net Banking
ORD001185,CUST00310,2025-05-23,delivered,Credit Card
ORD001068,CUST00559,2024-06-09,Shipped,Debit Card
ORD001070,CUST00172,2025-10-23,Shipped,Net Banking
ORD004174,CUST00503,2024-11-19,delivered,upi
ORD003441,CUST00215,2024-01-01,Cancelled,Credit Card
ORD002448,CUST00270,2024-07-27,Cancelled,Debit Card
ORD004301,CUST00214,2024-11-08,Shipped,Debit Card
ORD002102,CUST00309,2024-07-16,Shipped,COD
ORD000119,CUST00250,2023-07-30,Returned,COD
ORD004337,CUST00395,2025-07-19,delivered,Credit Card
ORD003321,CUST00206,2025-07-20,DELIVERED,COD
ORD004869,CUST00574,2023-02-26,Pending,Net Banking
ORD002728,CUST00300,2023-06-25,delivered,COD
ORD004112,CUST00364,2025-05-01,Shipped,Credit Card
ORD003012,CUST00503,2024-11-18,Shipped,Net Banking
ORD004440,CUST00568,2023-11-13,DELIVERED,Net Banking
ORD003582,CUST00235,2024-01-06,Returned,UPI
ORD002401,CUST00596,2025-04-05,DELIVERED,COD
ORD000998,CUST00165,2023-04-12,Shipped,Debit Card
ORD000181,CUST00533,2023-04-13,Shipped,Debit Card
ORD000650,CUST00195,2023-10-17,Pending,COD
ORD001431,CUST00295,2025-11-28,Pending,UPI
ORD002149,CUST00059,2024-07-28,Shipped,Debit Card
ORD000716,CUST00409,2024-11-06,DELIVERED,COD
ORD002298,CUST00385,2024-09-10,Delivered,upi
ORD004854,CUST00234,2023-04-22,Delivered,Net Banking
ORD002536,CUST00053,2023-04-05,Shipped,Credit Card
ORD004876,CUST00545,2025-10-04,Pending,COD
ORD001355,CUST00354,2024-03-03,delivered,upi
ORD003215,CUST00067,2024-05-16,Cancelled,Net Banking
ORD000190,CUST00384,2023-11-10,Delivered,COD
ORD003797,CUST00149,2025-03-28,delivered,Cash on Delivery
ORD003694,CUST00264,2023-05-10,Cancelled,Net Banking
ORD000731,CUST00482,2024-07-04,Pending,upi
ORD000047,CUST00281,2025-08-26,Shipped,COD
ORD000785,CUST00459,2023-05-04,DELIVERED,COD
ORD002892,CUST00227,2025-06-04,Cancelled,UPI
ORD002158,CUST00389,2024-12-05,delivered,upi
ORD002107,CUST00502,2024-11-28,DELIVERED,COD
ORD003986,CUST00147,2024-08-04,Cancelled,Debit Card
ORD003354,CUST00239,2024-03-23,Pending,COD
ORD002883,CUST00558,2025-01-28,Cancelled,Net Banking
ORD001873,CUST00469,2023-06-25,Cancelled,upi
ORD003630,CUST00076,2024-05-23,DELIVERED,upi
ORD003927,CUST00541,2025-09-02,Shipped,Debit Card
ORD003824,CUST00596,2025-05-22,delivered,Credit Card
ORD002621,CUST00073,2025-06-11,Cancelled,upi
ORD003762,CUST00015,2024-03-27,Pending,Net Banking
ORD004243,CUST00356,2024-02-18,Shipped,Credit Card
ORD003690,CUST00416,2023-07-30,Delivered,Net Banking
ORD003771,CUST00213,2023-11-21,DELIVERED,Cash on Delivery
ORD002421,CUST00335,2024-06-08,delivered,upi
ORD000499,CUST00070,2024-11-22,delivered,upi
ORD003622,CUST00234,2024-07-30,Pending,Debit Card
ORD004050,CUST00550,2025-01-16,Delivered,Net Banking
ORD001373,CUST00142,2025-05-23,Cancelled,Cash on Delivery
ORD001877,CUST00016,2025-12-16,Returned,Debit Card
ORD000365,CUST00226,2023-08-20,delivered,Net Banking
ORD000111,CUST00075,2024-08-24,Pending,Cash on Delivery
ORD004409,CUST00491,2025-10-14,Pending,UPI
ORD002101,CUST00093,2024-03-31,Shipped,Debit Card
ORD002499,CUST00266,2025-02-02,DELIVERED,Credit Card
ORD003590,CUST00294,2024-10-14,Cancelled,upi
ORD003121,CUST00489,2024-02-17,Pending,Debit Card
ORD002830,CUST00200,2025-05-25,Cancelled,Cash on Delivery
ORD004828,CUST00038,2023-08-09,Shipped,upi
ORD004940,CUST00308,2025-08-07,Shipped,Net Banking
ORD004091,CUST00547,2025-05-09,Pending,Credit Card
ORD003026,CUST00193,2024-05-09,Pending,Cash on Delivery
ORD000622,CUST00238,2024-08-14,Delivered,COD
ORD002507,CUST00536,2025-01-08,delivered,COD
ORD000132,CUST00201,2023-07-02,Shipped,Credit Card
ORD004035,CUST00298,2025-04-17,Returned,Debit Card
ORD003739,CUST00583,2024-08-31,Cancelled,Cash on Delivery
ORD004519,CUST00147,2024-09-28,Cancelled,UPI
ORD004030,CUST00205,2025-03-29,Pending,Cash on Delivery
ORD000360,CUST00400,2025-02-15,Pending,Cash on Delivery
ORD000268,CUST00298,2024-08-20,Cancelled,Credit Card
ORD000952,CUST00575,2025-03-01,DELIVERED,Net Banking
ORD002230,CUST00355,2025-01-30,Pending,Credit Card
ORD003077,CUST00269,2023-04-05,delivered,Credit Card
ORD003939,CUST00515,2025-01-13,delivered,UPI
ORD000653,CUST00095,2025-05-29,delivered,upi
ORD003633,CUST00280,2024-04-20,delivered,Cash on Delivery
ORD000294,CUST00493,2023-09-30,Cancelled,Cash on Delivery
ORD003197,CUST00275,2024-04-04,Delivered,Credit Card
ORD002637,CUST00474,2023-07-06,Returned,upi
ORD003159,CUST00539,2024-03-12,delivered,Debit Card
ORD003583,CUST00183,2024-02-29,Pending,Cash on Delivery
ORD003391,CUST00461,2024-12-23,Returned,upi
ORD000913,CUST00038,2023-07-02,Cancelled,Debit Card
ORD004851,CUST00279,2025-06-02,Delivered,Cash on Delivery
ORD004755,CUST00238,2023-10-15,DELIVERED,COD
ORD002520,CUST00209,2024-06-15,Shipped,Debit Card
ORD003283,CUST00412,2024-03-08,Cancelled,Net Banking
ORD003530,CUST00299,2024-07-07,DELIVERED,UPI
ORD000894,CUST00573,2025-11-10,Shipped,upi
ORD001646,CUST00142,2025-02-14,Delivered,COD
ORD003100,CUST00008,2024-10-03,Cancelled,Cash on Delivery
ORD003355,CUST00591,2023-09-18,Shipped,UPI
ORD001823,CUST00290,2025-01-27,Delivered,Debit Card
ORD002866,CUST00392,2023-03-23,DELIVERED,Cash on Delivery
ORD002659,CUST00067,2023-08-13,Returned,UPI
ORD000216,CUST00314,2025-08-15,Cancelled,Debit Card
ORD000233,CUST00495,2023-04-13,Cancelled,Credit Card
ORD004226,CUST00200,2023-02-28,Delivered,upi
ORD004107,CUST00406,2023-11-29,Returned,upi
ORD002481,CUST00524,2024-12-14,Shipped,upi
ORD003895,CUST00052,2023-08-06,delivered,COD
ORD001502,CUST00257,2024-01-28,DELIVERED,Cash on Delivery
ORD000223,CUST00523,2023-10-12,delivered,upi
ORD004322,CUST00070,2025-06-09,DELIVERED,Net Banking
ORD000677,CUST00590,2023-06-15,Shipped,Credit Card
ORD001885,CUST00583,2024-11-04,DELIVERED,COD
ORD004341,CUST00600,2023-05-03,Returned,upi
ORD000578,CUST00169,2023-05-08,Cancelled,COD
ORD004185,CUST00400,2025-08-25,Delivered,Debit Card
ORD001595,CUST00098,2024-08-09,delivered,UPI
ORD000541,CUST00276,2024-03-13,Cancelled,Cash on Delivery
ORD003315,CUST00403,2023-09-07,Delivered,Net Banking
ORD003937,CUST00245,2025-04-26,delivered,upi
ORD000148,CUST00455,2024-05-16,Cancelled,COD
ORD004962,CUST00069,2025-04-19,DELIVERED,UPI
ORD001708,CUST00412,2023-06-11,Returned,upi
ORD003789,CUST00462,2023-06-24,Pending,Credit Card
ORD002494,CUST00337,2025-06-19,DELIVERED,Cash on Delivery
ORD001284,CUST00131,2025-08-06,Delivered,Debit Card
ORD003873,CUST00525,2025-06-06,Cancelled,Cash on Delivery
ORD001551,CUST00029,2024-06-09,DELIVERED,upi
ORD000550,CUST00147,2023-09-25,delivered,Debit Card
ORD001481,CUST00385,2023-04-06,Pending,COD
ORD004218,CUST00335,2024-07-02,Pending,UPI
ORD000194,CUST00117,2023-08-11,DELIVERED,Cash on Delivery
ORD003820,CUST00166,2024-01-30,Cancelled,Debit Card
ORD001067,CUST00145,2024-08-11,delivered,Cash on Delivery
ORD004672,CUST00205,2023-08-03,Shipped,upi
ORD002663,CUST00068,2023-04-14,Delivered,COD
ORD002338,CUST00159,2023-11-19,Cancelled,upi
ORD001625,CUST00284,2025-05-27,Delivered,Net Banking
ORD004618,CUST00138,2025-01-11,Cancelled,UPI
ORD002791,CUST00331,2025-12-27,Shipped,Cash on Delivery
ORD001801,CUST00460,2025-09-22,Delivered,Cash on Delivery
ORD000458,CUST00599,2024-03-30,Returned,Net Banking
ORD004131,CUST00361,2025-10-12,DELIVERED,upi
ORD002905,CUST00261,2024-06-27,Returned,Credit Card
ORD002872,CUST00356,2025-09-21,Pending,UPI
ORD000260,CUST00495,2024-07-13,DELIVERED,COD
ORD000213,CUST00115,2025-01-01,delivered,UPI
ORD001297,CUST00357,2025-02-22,Delivered,Credit Card
ORD001706,CUST00360,2023-05-17,DELIVERED,Cash on Delivery
ORD003587,CUST00565,2024-06-18,Shipped,COD
ORD004900,CUST00277,2023-11-06,Delivered,Net Banking
ORD003004,CUST00082,2023-03-29,delivered,Credit Card
ORD002407,CUST00493,2024-01-27,Returned,Debit Card
ORD000253,CUST00585,2023-01-02,delivered,Net Banking
ORD000759,CUST00082,2024-09-04,Cancelled,Net Banking
ORD004023,CUST00280,2024-03-16,DELIVERED,Cash on Delivery
ORD004438,CUST00104,2025-07-18,Pending,upi
ORD000771,CUST00457,2023-09-11,Returned,Cash on Delivery
ORD000818,CUST00594,2025-09-06,DELIVERED,upi
ORD003299,CUST00304,2023-03-21,Returned,upi
ORD004482,CUST00032,2024-08-10,Pending,upi
ORD002223,CUST00403,2025-02-11,delivered,COD
ORD002454,CUST00350,2024-08-05,Pending,Credit Card
ORD003208,CUST00231,2025-12-05,Pending,Net Banking
ORD003328,CUST00152,2025-02-14,Pending,Net Banking
ORD002705,CUST00010,2023-09-17,Cancelled,Credit Card
ORD002297,CUST00140,2023-02-22,delivered,Debit Card
ORD003586,CUST00129,2023-10-26,DELIVERED,Net Banking
ORD001247,CUST00309,2025-01-12,Delivered,Cash on Delivery
ORD001118,CUST00367,2024-06-11,Shipped,COD
ORD002099,CUST00035,2025-10-21,Pending,Net Banking
ORD002023,CUST00339,2024-03-14,Delivered,Debit Card
ORD003275,CUST00292,2023-08-02,Returned,Debit Card
ORD003597,CUST00397,2023-12-05,Cancelled,UPI
ORD002542,CUST00317,2025-04-22,Pending,Credit Card
ORD000395,CUST00265,2025-02-27,Shipped,COD
ORD002824,CUST00008,2024-06-11,Returned,Cash on Delivery
ORD000224,CUST00587,2024-05-19,Returned,COD
ORD002757,CUST00125,2024-05-19,Returned,upi
ORD003733,CUST00277,2023-03-24,Returned,Credit Card
ORD003063,CUST00331,2025-09-09,Pending,Credit Card
ORD002653,CUST00048,2025-03-16,Shipped,upi
ORD003935,CUST00456,2025-06-08,DELIVERED,COD
ORD004441,CUST00552,2025-07-09,Returned,Credit Card
ORD003882,CUST00288,2025-02-21,Shipped,UPI
ORD001814,CUST00583,2025-03-21,Pending,Credit Card
ORD004645,CUST00591,2024-04-29,Shipped,COD
ORD001402,CUST00181,2024-08-08,Shipped,COD
ORD002354,CUST00126,2024-01-28,delivered,Debit Card
ORD004863,CUST00045,2025-08-25,DELIVERED,upi
ORD004613,CUST00129,2023-04-20,Delivered,UPI
ORD004352,CUST00050,2025-11-26,DELIVERED,Debit Card
ORD000574,CUST00057,2025-03-09,Shipped,COD
ORD002464,CUST00253,2024-12-21,Cancelled,Cash on Delivery
ORD004830,CUST00565,2024-01-30,Shipped,Debit Card
ORD000798,CUST00297,2024-06-14,DELIVERED,Cash on Delivery
ORD001204,CUST00386,2024-01-14,Pending,UPI
ORD002516,CUST00001,2025-02-17,Cancelled,Net Banking
ORD002725,CUST00490,2023-07-13,Pending,upi
ORD001038,CUST00309,2023-08-02,DELIVERED,UPI
ORD000254,CUST00102,2023-06-20,DELIVERED,Debit Card
ORD004791,CUST00039,2023-07-18,Delivered,Debit Card
ORD000627,CUST00536,2023-06-27,Cancelled,Credit Card
ORD002942,CUST00582,2025-08-26,Returned,UPI
ORD002963,CUST00017,2025-12-23,Cancelled,upi
ORD001498,CUST00360,2023-04-27,Pending,Net Banking
ORD001607,CUST00027,2025-02-20,Shipped,UPI
ORD003446,CUST00575,2023-05-24,DELIVERED,Cash on Delivery
ORD003320,CUST00254,2025-11-08,Cancelled,COD
ORD002433,CUST00355,2023-01-30,DELIVERED,COD
ORD004060,CUST00511,2025-12-29,Shipped,Debit Card
ORD000807,CUST00395,2023-01-22,Shipped,UPI
ORD004874,CUST00393,2024-12-16,Cancelled,upi
ORD003632,CUST00124,2025-01-17,Shipped,Credit Card
ORD002959,CUST00261,2024-03-26,Cancelled,UPI
ORD001034,CUST00491,2025-07-13,delivered,UPI
ORD001704,CUST00227,2025-10-21,delivered,upi
ORD004225,CUST00094,2025-11-01,Returned,UPI
ORD002886,CUST00165,2025-10-26,delivered,Credit Card
ORD001948,CUST00438,2023-08-19,Delivered,Debit Card
ORD002996,CUST00235,2023-06-26,Delivered,Cash on Delivery
ORD004136,CUST00564,2024-09-09,Delivered,upi
ORD001339,CUST00137,2025-06-20,DELIVERED,Cash on Delivery
ORD003790,CUST00078,2023-01-21,Shipped,upi
ORD004824,CUST00532,2024-02-12,Pending,Cash on Delivery
ORD001031,CUST00418,2025-10-08,delivered,Cash on Delivery
ORD002913,CUST00209,2024-09-28,Pending,Net Banking
ORD001535,CUST00405,2025-09-05,DELIVERED,Cash on Delivery
ORD001221,CUST00187,2024-12-26,Cancelled,Credit Card
ORD001479,CUST00031,2024-09-24,Pending,Debit Card
ORD002040,CUST00307,2023-02-03,Returned,Cash on Delivery
ORD000699,CUST00393,2023-03-22,delivered,upi
ORD001129,CUST00445,2023-02-11,Shipped,Credit Card
ORD003248,CUST00212,2023-01-19,Delivered,Net Banking
ORD003682,CUST00052,2024-10-22,Shipped,Net Banking
ORD001387,CUST00231,2023-04-26,Pending,Debit Card
ORD002302,CUST00508,2023-09-27,Returned,upi
ORD004475,CUST00436,2024-03-14,Delivered,Cash on Delivery
ORD001771,CUST00105,2024-11-29,Shipped,UPI
ORD000470,CUST00428,2024-10-01,Pending,Debit Card
ORD003151,CUST00406,2023-05-14,delivered,Credit Card
ORD004550,CUST00193,2025-08-27,DELIVERED,upi
ORD004049,CUST00506,2023-11-20,Delivered,Debit Card
ORD003386,CUST00106,2024-11-13,Cancelled,COD
ORD002833,CUST00041,2023-05-31,DELIVERED,upi
ORD001716,CUST00112,2025-02-27,Cancelled,Debit Card
ORD004026,CUST00255,2023-07-09,delivered,Net Banking
ORD002901,CUST00281,2025-07-16,DELIVERED,UPI
ORD002129,CUST00520,2025-07-04,DELIVERED,Net Banking
ORD003086,CUST00389,2023-11-04,delivered,Net Banking
ORD000496,CUST00341,2025-08-02,delivered,Credit Card
ORD002095,CUST00084,2025-10-05,Delivered,UPI
ORD004682,CUST00521,2025-12-25,Delivered,upi
ORD001626,CUST00469,2023-03-12,Delivered,Debit Card
ORD003503,CUST00297,2024-04-11,delivered,Cash on Delivery
ORD003618,CUST00394,2025-01-16,Shipped,COD
ORD004021,CUST00130,2023-01-25,Pending,Debit Card
ORD002876,CUST00371,2024-07-31,DELIVERED,COD
ORD002688,CUST00205,2024-06-08,Cancelled,Credit Card
ORD001930,CUST00085,2024-04-12,delivered,Debit Card
ORD000815,CUST00298,2025-06-28,Shipped,Credit Card
ORD003828,CUST00295,2024-11-26,DELIVERED,Credit Card
ORD004564,CUST00455,2025-04-21,Pending,Credit Card
ORD004012,CUST00450,2025-06-23,Shipped,Debit Card
ORD001998,CUST00434,2025-04-28,delivered,UPI
ORD002512,CUST00308,2025-06-26,Delivered,Debit Card
ORD003099,CUST00020,2024-07-13,Cancelled,Debit Card
ORD000713,CUST00421,2024-09-14,Pending,COD
ORD002155,CUST00018,2025-11-04,Delivered,Debit Card
ORD004837,CUST00385,2024-01-16,Delivered,Cash on Delivery
ORD002787,CUST00093,2024-08-24,delivered,Debit Card
ORD000596,CUST00377,2025-01-30,Returned,Credit Card
ORD003108,CUST00436,2025-01-13,Delivered,UPI
ORD001172,CUST00135,2024-07-10,Shipped,Credit Card
ORD001010,CUST00475,2024-06-03,Delivered,Net Banking
ORD002855,CUST00544,2024-03-31,delivered,COD
ORD002055,CUST00429,2025-04-10,Returned,COD
ORD004936,CUST00089,2023-07-24,DELIVERED,Cash on Delivery
ORD002679,CUST00564,2025-06-19,delivered,Cash on Delivery
ORD000628,CUST00076,2025-04-16,Cancelled,UPI
ORD004779,CUST00380,2025-09-25,Shipped,Cash on Delivery
ORD004574,CUST00570,2024-06-01,DELIVERED,Debit Card
ORD003141,CUST00275,2025-08-20,Delivered,Cash on Delivery
ORD004579,CUST00129,2023-05-28,Pending,upi
ORD003903,CUST00440,2023-11-11,Returned,Credit Card
ORD002553,CUST00251,2025-01-27,Delivered,Debit Card
ORD001589,CUST00403,2024-07-16,Pending,COD
ORD004643,CUST00302,2025-04-23,Returned,Debit Card
ORD002085,CUST00432,2023-08-11,Delivered,Debit Card
ORD000962,CUST00485,2025-04-15,Returned,Net Banking
ORD004289,CUST00432,2025-08-05,Returned,COD
ORD001409,CUST00529,2025-05-06,Pending,Cash on Delivery
ORD004234,CUST00014,2025-10-01,DELIVERED,Net Banking
ORD004982,CUST00439,2025-12-11,Delivered,upi
ORD000770,CUST00091,2023-05-19,Delivered,Cash on Delivery
ORD001356,CUST00442,2024-07-24,Delivered,UPI
ORD004150,CUST00424,2024-12-08,delivered,upi
ORD002001,CUST00046,2023-11-08,Cancelled,Cash on Delivery
ORD003874,CUST00171,2024-01-27,DELIVERED,Credit Card
ORD002797,CUST00585,2024-12-15,Pending,COD
ORD001354,CUST00104,2024-12-21,DELIVERED,Cash on Delivery
ORD000490,CUST00292,2025-11-01,Shipped,Cash on Delivery
ORD004175,CUST00437,2024-10-31,Returned,Cash on Delivery
ORD000799,CUST00273,2023-11-24,Shipped,UPI
ORD001740,CUST00334,2025-09-18,Pending,Cash on Delivery
ORD002995,CUST00443,2025-10-31,Cancelled,Cash on Delivery
ORD001608,CUST00069,2024-10-20,delivered,COD
ORD004611,CUST00126,2024-08-03,delivered,Net Banking
ORD004468,CUST00018,2024-05-26,delivered,Net Banking
ORD001710,CUST00123,2025-06-21,DELIVERED,UPI
ORD004009,CUST00071,2023-04-26,DELIVERED,UPI
ORD002171,CUST00039,2023-03-02,Returned,upi
ORD000331,CUST00354,2024-08-26,Cancelled,UPI
ORD000200,CUST00594,2025-03-19,DELIVERED,upi
ORD004510,CUST00481,2024-07-23,Cancelled,Credit Card
ORD003813,CUST00467,2023-07-20,Returned,Cash on Delivery
ORD002434,CUST00534,2024-03-02,Cancelled,COD
ORD004929,CUST00362,2024-02-23,Delivered,Credit Card
ORD001464,CUST00007,2023-01-22,DELIVERED,upi
ORD004216,CUST00122,2024-01-30,DELIVERED,COD
ORD002933,CUST00478,2024-12-16,delivered,COD
ORD001028,CUST00121,2023-12-29,DELIVERED,Net Banking
ORD004632,CUST00189,2023-12-10,Cancelled,Debit Card
ORD001915,CUST00592,2023-05-18,DELIVERED,Credit Card
ORD003950,CUST00390,2025-03-23,delivered,Cash on Delivery
ORD003002,CUST00362,2025-08-30,DELIVERED,COD
ORD004842,CUST00456,2025-05-18,Cancelled,Cash on Delivery
ORD002686,CUST00515,2025-08-23,Cancelled,Net Banking
ORD004114,CUST00120,2025-01-29,Pending,Cash on Delivery
ORD002784,CUST00262,2024-11-12,Returned,Net Banking
ORD004195,CUST00298,2024-09-11,Cancelled,Cash on Delivery
ORD000100,CUST00222,2023-01-24,Cancelled,COD
ORD000219,CUST00441,2025-06-01,Shipped,UPI
ORD000581,CUST00552,2025-05-10,Returned,Debit Card
ORD001276,CUST00577,2023-01-15,Delivered,Debit Card
ORD000737,CUST00568,2023-05-20,Cancelled,upi
ORD003669,CUST00404,2023-02-18,Delivered,upi
ORD003880,CUST00205,2024-11-05,Pending,COD
ORD003620,CUST00094,2024-08-20,Shipped,Net Banking
ORD000315,CUST00475,2025-03-18,Cancelled,upi
ORD002607,CUST00483,2025-05-28,Delivered,Net Banking
ORD004271,CUST00031,2025-05-25,Delivered,Debit Card
ORD001246,CUST00025,2024-10-20,delivered,Credit Card
ORD003496,CUST00079,2024-12-07,delivered,Net Banking
ORD004215,CUST00073,2025-07-31,Returned,Credit Card
ORD003319,CUST00184,2024-03-10,Delivered,UPI
ORD003274,CUST00369,2025-12-16,Pending,upi
ORD000703,CUST00559,2023-09-03,Shipped,Net Banking
ORD001921,CUST00276,2024-12-15,DELIVERED,UPI
ORD001112,CUST00524,2024-06-13,DELIVERED,UPI
ORD000451,CUST00265,2023-06-26,delivered,COD
ORD003878,CUST00169,2023-02-15,DELIVERED,Credit Card
ORD004987,CUST00434,2023-09-27,Cancelled,upi
ORD002754,CUST00115,2024-12-10,DELIVERED,Debit Card
ORD002490,CUST00401,2024-03-31,DELIVERED,COD
ORD001497,CUST00451,2023-10-27,delivered,COD
ORD003891,CUST00590,2023-03-20,delivered,Debit Card
ORD000509,CUST00596,2024-10-05,Shipped,Cash on Delivery
ORD002530,CUST00366,2024-01-16,Cancelled,Cash on Delivery
ORD003006,CUST00190,2023-01-06,Returned,Cash on Delivery
ORD003461,CUST00112,2025-12-06,Cancelled,UPI
ORD002381,CUST00550,2025-02-17,DELIVERED,UPI
ORD001440,CUST00232,2024-09-03,Shipped,Debit Card
ORD004804,CUST00382,2025-08-13,Cancelled,Cash on Delivery
ORD002360,CUST00582,2025-07-16,delivered,Net Banking
ORD001181,CUST00192,2024-06-07,DELIVERED,Credit Card
ORD000073,CUST00547,2025-02-17,Cancelled,Cash on Delivery
ORD004448,CUST00199,2023-07-08,Delivered,Cash on Delivery
ORD000678,CUST00240,2024-11-13,Returned,Debit Card
ORD004320,CUST00277,2025-01-22,delivered,UPI
ORD003982,CUST00561,2024-08-29,Returned,upi
ORD002865,CUST00053,2024-08-20,Shipped,Debit Card
ORD000362,CUST00597,2024-06-08,DELIVERED,upi
ORD004442,CUST00322,2024-01-01,Shipped,Net Banking
ORD004389,CUST00291,2025-04-06,Delivered,COD
ORD000827,CUST00402,2024-11-27,delivered,COD
ORD002210,CUST00149,2024-08-09,delivered,COD
ORD000748,CUST00178,2024-11-08,Delivered,COD
ORD000158,CUST00533,2023-07-21,Pending,Net Banking
ORD004628,CUST00560,2023-10-13,Cancelled,UPI
ORD003061,CUST00088,2025-05-12,Cancelled,Net Banking
ORD004292,CUST00272,2024-04-30,Shipped,UPI
ORD003018,CUST00313,2025-07-23,Returned,Net Banking
ORD004733,CUST00110,2024-06-10,DELIVERED,Credit Card
ORD002145,CUST00032,2023-05-30,Shipped,Net Banking
ORD003305,CUST00234,2023-07-17,DELIVERED,UPI
ORD002383,CUST00513,2025-02-15,Shipped,UPI
ORD003204,CUST00214,2025-11-20,Returned,UPI
ORD001253,CUST00491,2023-07-01,DELIVERED,UPI
ORD000106,CUST00031,2024-05-01,Returned,Net Banking
ORD003210,CUST00031,2023-03-02,Returned,Cash on Delivery
ORD003421,CUST00387,2024-05-28,delivered,upi
ORD003514,CUST00350,2024-08-27,Pending,upi
ORD004478,CUST00411,2025-08-18,Returned,UPI
ORD000743,CUST00004,2024-05-05,delivered,COD
ORD000323,CUST00026,2023-05-15,DELIVERED,Net Banking
ORD000714,CUST00343,2023-08-20,Delivered,Debit Card
ORD003631,CUST00120,2024-10-14,Pending,Debit Card
ORD004425,CUST00100,2024-11-30,delivered,Cash on Delivery
ORD000127,CUST00257,2024-08-14,Delivered,Cash on Delivery
ORD000153,CUST00474,2025-12-16,Shipped,Net Banking
ORD004473,CUST00325,2025-10-02,Returned,Debit Card
ORD000666,CUST00538,2025-10-20,Pending,Credit Card
ORD004703,CUST00494,2024-03-04,Delivered,Net Banking
ORD003365,CUST00017,2023-08-31,DELIVERED,Credit Card
ORD003388,CUST00134,2023-11-14,Returned,Credit Card
ORD004331,CUST00405,2024-09-06,delivered,Net Banking
ORD001273,CUST00054,2023-05-14,Returned,UPI
ORD004075,CUST00417,2025-09-02,Cancelled,COD
ORD001414,CUST00585,2025-09-19,Cancelled,upi
ORD004100,CUST00006,2025-06-16,DELIVERED,Cash on Delivery
ORD004602,CUST00429,2025-11-18,Pending,Credit Card
ORD003719,CUST00159,2025-02-17,Pending,Cash on Delivery
ORD004465,CUST00181,2023-02-24,Delivered,Credit Card
ORD001323,CUST00189,2025-02-15,delivered,COD
ORD001153,CUST00080,2025-11-01,Delivered,upi
ORD000562,CUST00001,2023-11-07,Shipped,upi
ORD001752,CUST00469,2025-08-11,Pending,Net Banking
ORD000805,CUST00561,2025-12-08,delivered,upi
ORD004942,CUST00333,2023-06-15,Shipped,Cash on Delivery
ORD000640,CUST00243,2023-12-17,Pending,upi
ORD001765,CUST00001,2024-04-29,Shipped,Cash on Delivery
ORD002744,CUST00037,2025-09-25,Delivered,Net Banking
ORD000896,CUST00036,2024-05-24,Pending,Net Banking
ORD003545,CUST00346,2023-10-20,Delivered,Net Banking
ORD003242,CUST00314,2025-10-22,Pending,Debit Card
ORD004213,CUST00171,2025-05-21,Delivered,Debit Card
ORD002625,CUST00079,2023-07-17,Pending,Debit Card
ORD003681,CUST00599,2025-10-23,Pending,Credit Card
ORD004248,CUST00329,2023-04-15,delivered,Cash on Delivery
ORD003238,CUST00247,2025-10-29,Cancelled,COD
ORD002245,CUST00307,2023-03-02,Returned,COD
ORD002985,CUST00551,2023-02-18,Shipped,Cash on Delivery
ORD004463,CUST00479,2024-04-25,Returned,Cash on Delivery
ORD004321,CUST00195,2023-07-16,delivered,Debit Card
ORD001012,CUST00374,2024-01-24,Shipped,Credit Card
ORD004834,CUST00537,2023-03-30,Returned,Credit Card
ORD003716,CUST00071,2025-04-18,Returned,Debit Card
ORD003770,CUST00434,2024-03-28,Shipped,Credit Card
ORD003836,CUST00416,2023-04-11,DELIVERED,Debit Card
ORD001956,CUST00048,2025-10-15,Shipped,Debit Card
ORD001983,CUST00072,2024-06-13,Shipped,upi
ORD001738,CUST00485,2024-08-10,DELIVERED,Debit Card
ORD001798,CUST00229,2024-09-13,Delivered,Net Banking
ORD001300,CUST00586,2025-01-19,delivered,Net Banking
ORD004259,CUST00299,2024-11-21,Delivered,upi
ORD000694,CUST00233,2025-02-02,Returned,upi
ORD003595,CUST00568,2023-03-04,Shipped,Credit Card
ORD003378,CUST00316,2023-02-26,Shipped,UPI
ORD001644,CUST00381,2023-06-01,DELIVERED,UPI
ORD003432,CUST00063,2024-10-03,delivered,COD
ORD003726,CUST00240,2025-04-03,Shipped,COD
ORD001864,CUST00366,2025-01-04,Delivered,UPI
ORD002462,CUST00507,2025-02-19,Pending,Net Banking
ORD003084,CUST00349,2023-09-01,Pending,COD
ORD001398,CUST00168,2025-11-28,Pending,COD
ORD004307,CUST00528,2024-07-09,delivered,Cash on Delivery
ORD004496,CUST00589,2023-10-18,Returned,UPI
ORD003322,CUST00314,2023-11-28,Shipped,UPI
ORD000472,CUST00270,2025-05-02,Returned,COD
ORD001924,CUST00514,2025-05-28,Returned,upi
ORD003488,CUST00501,2025-09-08,Cancelled,upi
ORD002549,CUST00205,2024-03-16,delivered,Debit Card
ORD002193,CUST00400,2024-11-26,Returned,Credit Card
ORD000875,CUST00015,2025-03-30,Pending,Credit Card
ORD001121,CUST00334,2025-05-31,DELIVERED,UPI
ORD004201,CUST00503,2024-12-20,Delivered,Credit Card
ORD002890,CUST00383,2025-11-23,delivered,upi
ORD000147,CUST00531,2024-07-13,Delivered,UPI
ORD002836,CUST00013,2025-02-27,Shipped,Cash on Delivery
ORD003360,CUST00424,2023-08-26,Pending,Credit Card
ORD002204,CUST00097,2025-05-08,delivered,Credit Card
ORD001824,CUST00457,2025-07-06,DELIVERED,Net Banking
ORD004387,CUST00385,2024-06-15,Shipped,COD
ORD003830,CUST00257,2025-04-01,Shipped,COD
ORD003060,CUST00153,2024-04-30,delivered,COD
ORD001565,CUST00306,2025-08-14,Cancelled,UPI
ORD004276,CUST00398,2024-09-01,Pending,upi
ORD001952,CUST00258,2024-12-13,Cancelled,UPI
ORD000936,CUST00157,2024-01-17,DELIVERED,upi
ORD004638,CUST00006,2024-01-13,Delivered,Credit Card
ORD004430,CUST00070,2024-08-22,DELIVERED,Net Banking
ORD000559,CUST00151,2024-01-29,Delivered,UPI
ORD000639,CUST00297,2023-03-15,Cancelled,Net Banking
ORD000706,CUST00397,2024-02-09,Shipped,upi
ORD004633,CUST00061,2023-04-19,Delivered,upi
ORD004304,CUST00439,2024-10-22,Delivered,Net Banking
ORD004666,CUST00512,2023-03-20,DELIVERED,Cash on Delivery
ORD000943,CUST00344,2023-06-04,Pending,Credit Card
ORD000090,CUST00370,2024-09-30,Cancelled,COD
ORD001416,CUST00567,2023-10-12,Returned,Debit Card
ORD000544,CUST00042,2023-10-20,DELIVERED,Net Banking
ORD003966,CUST00190,2024-07-08,Shipped,Credit Card
ORD001623,CUST00549,2023-10-19,Pending,Credit Card
ORD003984,CUST00055,2023-02-17,delivered,UPI
ORD003715,CUST00348,2023-08-18,Pending,upi
ORD000445,CUST00341,2025-03-10,delivered,Debit Card
ORD002331,CUST00013,2024-04-03,Cancelled,upi
ORD003955,CUST00494,2024-03-24,DELIVERED,Net Banking
ORD004385,CUST00559,2023-09-13,Delivered,Credit Card
ORD002187,CUST00222,2023-04-05,Pending,Cash on Delivery
ORD001613,CUST00597,2023-12-07,Returned,Credit Card
ORD002268,CUST00156,2025-05-21,Pending,upi
ORD000054,CUST00334,2024-05-30,Shipped,upi
ORD001786,CUST00532,2024-05-08,DELIVERED,Debit Card
ORD002874,CUST00467,2024-03-27,Delivered,Credit Card
ORD000411,CUST00364,2024-11-08,Shipped,Credit Card
ORD003097,CUST00439,2023-08-06,Shipped,UPI
ORD001561,CUST00530,2024-07-02,delivered,Debit Card
ORD004822,CUST00110,2025-09-08,Shipped,upi
ORD001757,CUST00011,2023-06-28,Shipped,UPI
ORD000460,CUST00463,2023-10-20,Returned,UPI
ORD001876,CUST00431,2025-02-12,Delivered,Credit Card
ORD003228,CUST00520,2023-12-14,Cancelled,Cash on Delivery
ORD004530,CUST00463,2023-04-02,DELIVERED,Debit Card
ORD003693,CUST00472,2023-04-26,Shipped,Net Banking
ORD000017,CUST00582,2023-05-23,Pending,COD
ORD003675,CUST00293,2023-06-18,Delivered,Cash on Delivery
ORD001808,CUST00158,2023-03-08,Delivered,UPI
ORD004958,CUST00475,2024-04-26,Returned,Debit Card
ORD003429,CUST00349,2023-12-14,DELIVERED,Cash on Delivery
ORD002266,CUST00187,2025-06-26,delivered,Debit Card
ORD002622,CUST00071,2023-08-26,Shipped,Cash on Delivery
ORD004208,CUST00408,2023-02-08,Delivered,Net Banking
ORD003221,CUST00220,2024-01-29,Pending,UPI
ORD004888,CUST00180,2025-09-21,Returned,Cash on Delivery
ORD004965,CUST00088,2024-08-15,DELIVERED,Net Banking
ORD000750,CUST00519,2025-01-23,Returned,COD
ORD003621,CUST00235,2025-09-24,Shipped,UPI
ORD004740,CUST00574,2023-02-13,Cancelled,upi
ORD003472,CUST00425,2025-06-18,Shipped,upi
ORD001295,CUST00317,2024-08-20,Cancelled,Net Banking
ORD004058,CUST00135,2024-03-30,delivered,COD
ORD001018,CUST00364,2024-06-02,Pending,Cash on Delivery
ORD001512,CUST00562,2024-09-14,Pending,Debit Card
ORD004590,CUST00527,2023-05-03,Cancelled,UPI
ORD001256,CUST00580,2024-10-25,Cancelled,upi
ORD004713,CUST00401,2024-04-15,Pending,Debit Card
ORD000279,CUST00458,2025-11-28,delivered,Net Banking
ORD003517,CUST00598,2024-05-25,delivered,Credit Card
ORD004255,CUST00158,2023-05-28,DELIVERED,Net Banking
ORD004705,CUST00200,2023-05-07,DELIVERED,Cash on Delivery
ORD001457,CUST00523,2023-02-19,Shipped,upi
ORD002180,CUST00163,2024-01-20,delivered,COD
ORD000633,CUST00562,2024-05-15,Pending,UPI
ORD001729,CUST00071,2024-08-31,DELIVERED,Cash on Delivery
ORD002870,CUST00116,2023-12-11,delivered,Debit Card
ORD000297,CUST00564,2025-07-14,DELIVERED,Credit Card
ORD003804,CUST00160,2023-08-18,Delivered,Credit Card
ORD002262,CUST00258,2025-07-12,Shipped,UPI
ORD002631,CUST00050,2023-02-09,Returned,Cash on Delivery
ORD000202,CUST00447,2025-09-19,Shipped,Debit Card
ORD002762,CUST00450,2024-06-30,Pending,Net Banking
ORD004738,CUST00518,2023-05-01,Delivered,upi
ORD001999,CUST00362,2025-01-01,Cancelled,upi
ORD004549,CUST00586,2024-10-04,DELIVERED,upi
ORD000545,CUST00409,2025-04-06,delivered,Net Banking
ORD000059,CUST00096,2023-03-09,Cancelled,Credit Card
ORD001519,CUST00130,2025-04-08,Shipped,Debit Card
ORD000744,CUST00509,2025-05-13,DELIVERED,upi
ORD001653,CUST00127,2024-09-14,Returned,Cash on Delivery
ORD000304,CUST00599,2023-12-29,Returned,upi
ORD001179,CUST00498,2024-08-04,Shipped,Credit Card
ORD002804,CUST00508,2024-10-31,delivered,Cash on Delivery
ORD003447,CUST00399,2023-03-21,Delivered,COD
ORD000280,CUST00206,2024-04-30,Pending,UPI
ORD004145,CUST00315,2025-10-24,delivered,Net Banking
ORD004453,CUST00208,2025-09-07,Pending,upi
ORD004771,CUST00082,2025-02-09,Pending,Cash on Delivery
ORD001361,CUST00469,2025-09-28,delivered,COD
ORD002239,CUST00571,2025-10-09,Shipped,Debit Card
ORD001141,CUST00098,2024-11-23,Delivered,Cash on Delivery
ORD004212,CUST00006,2025-02-09,Delivered,Credit Card
ORD000322,CUST00100,2025-07-20,delivered,UPI
ORD003520,CUST00388,2024-10-07,Shipped,COD
ORD001875,CUST00121,2023-12-09,delivered,Credit Card
ORD001262,CUST00400,2023-01-10,Shipped,Cash on Delivery
ORD002743,CUST00354,2023-03-07,Pending,UPI
ORD000890,CUST00312,2024-12-04,Cancelled,Credit Card
ORD001754,CUST00156,2023-07-08,Shipped,Net Banking
ORD004969,CUST00247,2023-10-20,Delivered,Debit Card
ORD004451,CUST00488,2024-08-22,Returned,COD
ORD002893,CUST00026,2024-09-05,DELIVERED,Credit Card
ORD002157,CUST00161,2023-09-01,Pending,Debit Card
ORD001125,CUST00290,2025-01-07,Delivered,Debit Card
ORD000115,CUST00043,2025-08-10,Delivered,upi
ORD001669,CUST00344,2024-03-08,Returned,UPI
ORD003968,CUST00296,2023-11-01,Pending,Cash on Delivery
ORD002455,CUST00131,2025-08-01,DELIVERED,UPI
ORD001923,CUST00022,2024-06-02,Pending,UPI
ORD001865,CUST00403,2025-05-31,delivered,Debit Card
ORD001308,CUST00433,2023-12-14,Pending,Cash on Delivery
ORD002017,CUST00286,2024-06-30,Shipped,Debit Card
ORD004277,CUST00066,2025-10-29,delivered,UPI
ORD001627,CUST00271,2024-04-24,Delivered,Debit Card
ORD000873,CUST00526,2024-04-17,delivered,upi
ORD001242,CUST00414,2023-09-10,Shipped,Cash on Delivery
ORD002392,CUST00537,2023-01-19,Shipped,Debit Card
ORD003053,CUST00400,2025-09-08,Shipped,Debit Card
ORD002480,CUST00209,2023-02-17,Shipped,Net Banking
ORD004192,CUST00151,2025-03-09,Delivered,UPI
ORD002634,CUST00031,2025-07-05,DELIVERED,UPI
ORD001197,CUST00397,2024-05-30,Shipped,upi
ORD000400,CUST00227,2023-11-22,Returned,Debit Card
ORD001073,CUST00131,2025-12-14,Cancelled,Debit Card
ORD000908,CUST00255,2023-07-03,delivered,Credit Card
ORD001774,CUST00010,2024-07-01,Returned,UPI
ORD001480,CUST00002,2023-12-11,Cancelled,COD
ORD000967,CUST00031,2024-06-29,DELIVERED,upi
ORD001901,CUST00217,2024-07-04,Shipped,Cash on Delivery
ORD000289,CUST00316,2025-02-24,Delivered,Cash on Delivery
ORD004422,CUST00046,2024-02-11,Returned,UPI
ORD002258,CUST00424,2023-08-22,Returned,UPI
ORD002182,CUST00307,2024-06-23,delivered,COD
ORD000881,CUST00316,2025-03-19,Pending,Debit Card
ORD003970,CUST00240,2024-08-14,DELIVERED,UPI
ORD004250,CUST00099,2023-02-10,Shipped,COD
ORD001137,CUST00453,2023-11-16,Cancelled,COD
ORD004279,CUST00456,2023-07-03,Cancelled,Cash on Delivery
ORD001663,CUST00202,2024-12-28,delivered,Net Banking
ORD004640,CUST00133,2023-12-08,DELIVERED,Credit Card
ORD002740,CUST00304,2023-06-11,DELIVERED,Cash on Delivery
ORD002523,CUST00557,2024-12-14,Pending,upi
ORD001977,CUST00535,2023-12-17,Shipped,upi
ORD001731,CUST00569,2023-05-25,Delivered,UPI
ORD001210,CUST00079,2025-03-20,DELIVERED,COD
ORD003642,CUST00371,2024-10-31,Pending,UPI
ORD002271,CUST00247,2025-05-25,Delivered,Credit Card
ORD001205,CUST00401,2023-08-02,Cancelled,COD
ORD004723,CUST00121,2025-10-30,Shipped,Cash on Delivery
ORD004801,CUST00427,2025-07-22,delivered,Credit Card
ORD002818,CUST00288,2024-09-25,Returned,upi
ORD000500,CUST00142,2025-03-06,Returned,Credit Card
ORD000443,CUST00029,2025-06-12,DELIVERED,Credit Card
ORD002834,CUST00085,2025-07-20,Cancelled,Net Banking
ORD001233,CUST00444,2024-12-05,Cancelled,COD
ORD001470,CUST00272,2023-10-18,Shipped,Debit Card
ORD002121,CUST00129,2024-10-18,Cancelled,Credit Card
ORD001169,CUST00043,2023-07-12,Pending,upi
ORD003519,CUST00448,2023-09-20,delivered,Debit Card
ORD003734,CUST00518,2024-09-29,Pending,Cash on Delivery
ORD001486,CUST00331,2023-11-26,Cancelled,COD
ORD004776,CUST00015,2023-10-01,Returned,Net Banking
ORD000979,CUST00501,2025-11-11,Shipped,COD
ORD000195,CUST00181,2025-03-12,delivered,Credit Card
ORD003980,CUST00197,2024-07-26,Delivered,upi
ORD001835,CUST00223,2023-02-14,Returned,upi
ORD000136,CUST00460,2024-01-05,Shipped,Net Banking
ORD004314,CUST00311,2024-03-08,DELIVERED,Debit Card
ORD003253,CUST00360,2023-09-25,Returned,Net Banking
ORD004829,CUST00208,2023-01-27,delivered,UPI
ORD003862,CUST00420,2024-09-24,delivered,UPI
ORD001995,CUST00471,2024-03-23,Delivered,Net Banking
ORD002823,CUST00073,2023-12-19,Cancelled,upi
ORD003654,CUST00226,2025-09-04,DELIVERED,Credit Card
ORD004413,CUST00502,2024-05-19,delivered,Net Banking
ORD003034,CUST00441,2024-12-18,Cancelled,Cash on Delivery
ORD002940,CUST00477,2024-09-02,Shipped,COD
ORD003326,CUST00372,2023-11-15,delivered,COD
ORD000290,CUST00538,2024-01-27,Shipped,Net Banking
ORD000905,CUST00118,2023-09-10,Shipped,Net Banking
ORD002945,CUST00218,2023-10-08,Returned,UPI
ORD001579,CUST00476,2024-05-11,Returned,COD
ORD003898,CUST00020,2025-02-03,delivered,upi
ORD003082,CUST00592,2023-05-03,Cancelled,COD
ORD002984,CUST00266,2025-10-21,Delivered,Debit Card
ORD004926,CUST00293,2023-07-19,Pending,upi
ORD003746,CUST00468,2024-02-21,Shipped,Credit Card
ORD003114,CUST00462,2025-05-04,Delivered,UPI
ORD002990,CUST00132,2025-03-07,DELIVERED,Cash on Delivery
ORD000554,CUST00438,2025-12-09,DELIVERED,Cash on Delivery
ORD003638,CUST00031,2025-01-03,Pending,Credit Card
ORD001806,CUST00451,2024-07-27,DELIVERED,Net Banking
ORD000676,CUST00562,2024-01-02,Returned,Credit Card
ORD004394,CUST00123,2024-05-18,Cancelled,Debit Card
ORD002533,CUST00510,2023-10-03,Delivered,Net Banking
ORD002778,CUST00137,2023-12-16,Returned,Cash on Delivery
ORD000644,CUST00402,2023-04-30,delivered,Cash on Delivery
ORD004070,CUST00398,2024-06-19,Delivered,Net Banking
ORD000701,CUST00487,2023-01-05,Returned,Credit Card
ORD003952,CUST00117,2025-06-01,Returned,COD
ORD000568,CUST00255,2023-12-04,delivered,Credit Card
ORD003624,CUST00195,2024-04-26,delivered,COD
ORD002463,CUST00523,2023-12-16,DELIVERED,COD
ORD002853,CUST00250,2025-09-26,Shipped,Debit Card
ORD004806,CUST00509,2025-09-21,delivered,Cash on Delivery
ORD004099,CUST00356,2024-05-31,Cancelled,Cash on Delivery
ORD001831,CUST00004,2025-12-02,Cancelled,Cash on Delivery
ORD003489,CUST00315,2025-08-13,Cancelled,Debit Card
ORD002974,CUST00559,2025-11-05,Shipped,upi
ORD001126,CUST00284,2024-12-02,delivered,Debit Card
ORD004258,CUST00283,2024-11-27,Shipped,UPI
ORD000788,CUST00269,2025-06-02,Delivered,Net Banking
ORD003220,CUST00005,2024-08-26,DELIVERED,Net Banking
ORD002389,CUST00368,2024-09-10,delivered,Net Banking
ORD004882,CUST00248,2025-11-10,delivered,Cash on Delivery
ORD000215,CUST00187,2024-08-31,Shipped,upi
ORD003749,CUST00340,2024-09-25,Cancelled,Credit Card
ORD001837,CUST00151,2025-05-04,Delivered,Debit Card
ORD002303,CUST00348,2023-06-11,Delivered,Debit Card
ORD003370,CUST00546,2023-04-15,Returned,Credit Card
ORD002410,CUST00403,2024-11-25,Cancelled,Debit Card
ORD002282,CUST00518,2025-05-20,Returned,COD
ORD001981,CUST00588,2023-01-09,Cancelled,Cash on Delivery
ORD003599,CUST00559,2025-12-17,Delivered,COD
ORD000729,CUST00383,2023-04-24,Delivered,Net Banking
ORD002492,CUST00272,2025-09-04,delivered,COD
ORD003688,CUST00502,2025-12-23,Pending,Cash on Delivery
ORD004875,CUST00071,2025-04-03,Pending,Net Banking
ORD001984,CUST00295,2025-02-09,Shipped,Cash on Delivery
ORD001391,CUST00569,2023-04-20,delivered,upi
ORD003908,CUST00004,2025-11-19,Delivered,UPI
ORD003175,CUST00500,2025-07-24,Cancelled,Credit Card
ORD001751,CUST00103,2023-07-02,Cancelled,Debit Card
ORD004126,CUST00056,2023-11-23,DELIVERED,upi
ORD000915,CUST00393,2023-08-10,Shipped,Cash on Delivery
ORD003251,CUST00114,2023-11-28,Shipped,upi
ORD002532,CUST00237,2023-12-21,delivered,upi
ORD001475,CUST00019,2023-12-23,Delivered,Credit Card
ORD001309,CUST00209,2025-09-27,Cancelled,COD
ORD004704,CUST00288,2024-08-31,Shipped,Credit Card
ORD003079,CUST00407,2024-10-19,delivered,Cash on Delivery
ORD002805,CUST00397,2024-09-07,Shipped,upi
ORD000252,CUST00043,2023-04-07,Cancelled,Net Banking
ORD004340,CUST00512,2024-06-29,Delivered,UPI
ORD004263,CUST00396,2025-04-11,Shipped,Credit Card
ORD002657,CUST00297,2025-08-24,Cancelled,UPI
ORD003775,CUST00032,2023-06-08,Delivered,UPI
ORD003133,CUST00502,2025-05-30,DELIVERED,Debit Card
ORD002710,CUST00592,2025-01-10,Returned,Debit Card
ORD002493,CUST00386,2023-07-12,Delivered,Credit Card
ORD004772,CUST00333,2023-09-17,Shipped,UPI
ORD003371,CUST00175,2024-03-22,Returned,Net Banking
ORD000049,CUST00382,2023-08-31,DELIVERED,upi
ORD000408,CUST00163,2023-12-20,Delivered,Credit Card
ORD003805,CUST00108,2024-03-03,Cancelled,Debit Card
ORD004464,CUST00245,2024-05-06,DELIVERED,upi
ORD001375,CUST00490,2024-07-18,Pending,Credit Card
ORD003381,CUST00382,2023-02-07,Cancelled,COD
ORD000255,CUST00275,2024-01-01,Returned,upi
ORD001116,CUST00016,2023-07-19,Cancelled,upi
ORD002471,CUST00123,2023-05-06,Pending,Net Banking
ORD000402,CUST00515,2023-03-09,Delivered,upi
ORD003787,CUST00457,2023-02-11,DELIVERED,UPI
ORD003170,CUST00203,2025-09-20,Cancelled,COD
ORD001785,CUST00374,2025-06-10,delivered,COD
ORD003280,CUST00371,2024-05-01,Cancelled,Credit Card
ORD003803,CUST00471,2023-12-01,Pending,Net Banking
ORD001056,CUST00523,2024-08-06,Shipped,COD
ORD002016,CUST00513,2023-06-29,Returned,UPI
ORD002944,CUST00119,2025-10-21,Returned,Net Banking
ORD001966,CUST00128,2023-12-26,Delivered,upi
ORD004766,CUST00033,2024-05-07,Cancelled,Credit Card
ORD003888,CUST00196,2023-10-03,DELIVERED,upi
ORD000755,CUST00021,2025-06-25,Delivered,Net Banking
ORD001096,CUST00354,2023-02-08,Shipped,COD
ORD002841,CUST00317,2025-02-12,Shipped,Net Banking
ORD002924,CUST00377,2024-06-20,delivered,COD
ORD001254,CUST00495,2024-09-09,delivered,Net Banking
ORD002503,CUST00260,2023-08-06,Shipped,Net Banking
ORD004182,CUST00294,2023-01-27,Pending,Debit Card
ORD003145,CUST00097,2025-09-30,Shipped,COD
ORD001174,CUST00281,2025-12-18,Delivered,Cash on Delivery
ORD001198,CUST00507,2025-11-01,Returned,UPI
ORD000814,CUST00442,2025-01-23,Returned,UPI
ORD002134,CUST00225,2023-12-27,Cancelled,COD
ORD000076,CUST00399,2024-06-14,Returned,upi
ORD004419,CUST00127,2025-03-09,Delivered,Cash on Delivery
ORD004332,CUST00454,2024-11-15,Cancelled,Net Banking
ORD000038,CUST00453,2023-07-29,Returned,Net Banking
ORD000262,CUST00376,2023-07-28,Delivered,UPI
ORD000198,CUST00512,2025-12-03,DELIVERED,Net Banking
ORD004266,CUST00256,2024-08-03,Returned,UPI
ORD003276,CUST00190,2025-12-10,Returned,Debit Card
ORD000275,CUST00598,2023-08-09,delivered,upi
ORD001986,CUST00007,2024-06-30,Cancelled,Net Banking
ORD002090,CUST00230,2025-08-04,Shipped,Cash on Delivery
ORD004517,CUST00563,2023-01-29,delivered,UPI
ORD001320,CUST00037,2023-12-12,Delivered,COD
ORD002374,CUST00531,2024-08-25,Shipped,Debit Card
ORD004896,CUST00259,2024-08-22,Cancelled,COD
ORD001596,CUST00596,2024-07-31,Delivered,upi
ORD000985,CUST00013,2025-12-18,Delivered,UPI
ORD002857,CUST00508,2023-02-07,Returned,UPI
ORD004472,CUST00231,2024-02-22,Delivered,UPI
ORD003724,CUST00244,2024-06-20,delivered,Debit Card
ORD000092,CUST00022,2023-07-24,Shipped,UPI
ORD002502,CUST00448,2025-06-01,Cancelled,Net Banking
ORD004657,CUST00294,2025-03-22,Pending,COD
ORD000800,CUST00158,2025-11-12,Delivered,COD
ORD004920,CUST00309,2024-02-06,Cancelled,Net Banking
ORD002558,CUST00520,2023-10-28,DELIVERED,UPI
ORD002457,CUST00559,2025-06-05,Cancelled,Credit Card
ORD000941,CUST00462,2023-02-07,DELIVERED,Net Banking
ORD001721,CUST00224,2025-07-20,Cancelled,Debit Card
ORD001186,CUST00355,2025-04-21,Returned,COD
ORD003650,CUST00222,2023-07-06,Cancelled,upi
ORD003513,CUST00264,2024-03-22,DELIVERED,UPI
ORD003615,CUST00497,2024-04-15,delivered,Credit Card
ORD002074,CUST00421,2023-12-28,Delivered,upi
ORD004826,CUST00150,2024-11-18,DELIVERED,Debit Card
ORD004730,CUST00415,2024-04-28,DELIVERED,upi
ORD002806,CUST00108,2024-04-26,Pending,upi
ORD001234,CUST00417,2025-07-30,Returned,UPI
ORD002373,CUST00407,2024-12-20,delivered,Credit Card
ORD002279,CUST00145,2025-03-05,DELIVERED,COD
ORD000482,CUST00157,2025-05-23,delivered,UPI
ORD002083,CUST00356,2024-07-30,DELIVERED,Cash on Delivery
ORD003107,CUST00556,2023-03-23,delivered,Cash on Delivery
ORD004161,CUST00057,2025-11-02,Pending,Net Banking
ORD003453,CUST00079,2025-08-12,Delivered,Cash on Delivery
ORD004832,CUST00414,2023-08-28,delivered,Cash on Delivery
ORD003667,CUST00544,2023-07-26,Cancelled,COD
ORD004539,CUST00326,2024-12-19,Delivered,Cash on Delivery
ORD002417,CUST00078,2025-06-03,Returned,UPI
ORD003155,CUST00038,2023-12-01,Delivered,COD
ORD004986,CUST00402,2024-05-04,Shipped,upi
ORD004662,CUST00257,2023-05-07,delivered,Net Banking
ORD001637,CUST00305,2023-12-01,DELIVERED,upi
ORD000053,CUST00559,2024-04-18,Returned,COD
ORD000884,CUST00263,2023-02-06,Delivered,Cash on Delivery
ORD002624,CUST00577,2023-02-10,Pending,Net Banking
ORD003922,CUST00324,2023-06-18,Shipped,COD
ORD002006,CUST00233,2025-05-06,Returned,Credit Card
ORD000587,CUST00413,2025-12-15,Pending,UPI
ORD003027,CUST00579,2025-12-20,delivered,Net Banking
ORD004199,CUST00132,2024-11-26,Delivered,Credit Card
ORD001298,CUST00381,2023-05-16,Cancelled,Cash on Delivery
ORD004998,CUST00370,2024-02-07,delivered,Net Banking
ORD002932,CUST00476,2023-11-20,Returned,COD
ORD002559,CUST00305,2023-11-28,Cancelled,Net Banking
ORD001772,CUST00272,2024-01-29,Pending,COD
ORD000083,CUST00494,2025-11-28,DELIVERED,Credit Card
ORD001870,CUST00252,2024-01-29,Cancelled,COD
ORD002132,CUST00111,2024-05-12,Returned,Credit Card
ORD003551,CUST00487,2025-01-05,Returned,Net Banking
ORD004042,CUST00151,2023-05-09,DELIVERED,upi
ORD004247,CUST00232,2023-06-26,Pending,COD
ORD003943,CUST00407,2025-04-19,Shipped,UPI
ORD004522,CUST00277,2023-10-03,Pending,Credit Card
ORD001552,CUST00437,2023-11-11,Shipped,COD
ORD002377,CUST00596,2025-07-16,Returned,Net Banking
ORD003412,CUST00380,2024-10-10,DELIVERED,Cash on Delivery
ORD004543,CUST00447,2025-05-22,delivered,Debit Card
ORD003229,CUST00410,2025-02-05,Shipped,upi
ORD000463,CUST00499,2025-12-18,Shipped,COD
ORD000011,CUST00479,2023-02-03,Cancelled,Cash on Delivery
ORD000717,CUST00253,2023-07-04,Shipped,upi
ORD003219,CUST00081,2023-10-09,Returned,Debit Card
ORD002272,CUST00488,2025-07-01,delivered,Cash on Delivery
ORD003843,CUST00510,2023-05-20,Pending,Debit Card
ORD003819,CUST00021,2023-06-05,Shipped,Cash on Delivery
ORD002904,CUST00038,2024-06-14,DELIVERED,Debit Card
ORD002649,CUST00165,2025-03-16,Shipped,Credit Card
ORD003683,CUST00442,2024-03-09,Cancelled,Debit Card
ORD003507,CUST00298,2024-01-07,Returned,UPI
ORD002038,CUST00170,2023-02-25,Shipped,upi
ORD000199,CUST00142,2024-06-01,Returned,UPI
ORD003760,CUST00035,2023-02-06,delivered,UPI
ORD004466,CUST00403,2024-12-10,DELIVERED,Cash on Delivery
ORD000988,CUST00088,2025-11-23,delivered,Debit Card
ORD001993,CUST00584,2024-01-26,Returned,upi
ORD003285,CUST00099,2025-12-05,Cancelled,Credit Card
ORD001779,CUST00583,2023-01-15,Cancelled,upi
ORD001272,CUST00280,2025-09-15,Shipped,UPI
ORD000335,CUST00280,2023-08-12,Pending,Cash on Delivery
ORD001852,CUST00157,2023-09-23,DELIVERED,Credit Card
ORD000528,CUST00382,2025-03-07,delivered,Net Banking
ORD004811,CUST00064,2024-07-03,Shipped,Credit Card
ORD000630,CUST00200,2025-03-10,Returned,Debit Card
ORD004128,CUST00019,2025-09-25,Pending,Credit Card
ORD000635,CUST00157,2024-06-05,Returned,Net Banking
ORD003314,CUST00330,2024-08-18,Shipped,Net Banking
ORD002770,CUST00558,2025-06-22,Cancelled,Net Banking
ORD002999,CUST00357,2024-01-04,DELIVERED,UPI
ORD003713,CUST00576,2025-09-29,Cancelled,Cash on Delivery
ORD004651,CUST00593,2025-12-15,Pending,Credit Card
ORD002560,CUST00536,2024-05-12,DELIVERED,Net Banking
ORD004415,CUST00456,2024-05-29,DELIVERED,Credit Card
ORD004597,CUST00534,2024-12-21,Pending,Net Banking
ORD000838,CUST00452,2023-06-06,DELIVERED,COD
ORD003577,CUST00519,2024-01-20,Delivered,Debit Card
ORD002712,CUST00279,2025-05-13,delivered,Debit Card
ORD003923,CUST00044,2025-11-02,Pending,Credit Card
ORD002719,CUST00389,2023-08-07,Returned,UPI
ORD002190,CUST00438,2024-09-11,Cancelled,UPI
ORD004967,CUST00104,2025-10-01,delivered,COD
ORD003992,CUST00064,2023-10-30,Pending,Net Banking
ORD003333,CUST00537,2024-03-01,Shipped,upi
ORD003476,CUST00211,2023-09-01,Returned,Credit Card
ORD004669,CUST00085,2025-02-28,Pending,COD
ORD002958,CUST00410,2024-11-24,Returned,Debit Card
ORD001781,CUST00200,2024-05-14,Shipped,Net Banking
ORD004189,CUST00230,2023-08-01,DELIVERED,Cash on Delivery
ORD000257,CUST00354,2024-09-22,Returned,COD
ORD000821,CUST00514,2023-02-27,Returned,COD
ORD004233,CUST00505,2023-02-28,DELIVERED,Net Banking
ORD000210,CUST00319,2025-06-10,Shipped,Credit Card
ORD002290,CUST00593,2024-07-22,DELIVERED,COD
ORD003497,CUST00496,2024-03-26,Pending,Cash on Delivery
ORD002428,CUST00435,2025-06-09,Returned,Credit Card
ORD001603,CUST00295,2025-12-21,Cancelled,COD
ORD003095,CUST00414,2025-06-02,Delivered,Net Banking
ORD002069,CUST00598,2024-03-05,Pending,Net Banking
ORD001794,CUST00572,2024-09-17,Delivered,Net Banking
ORD002467,CUST00540,2024-12-21,delivered,Credit Card
ORD003031,CUST00445,2024-05-01,Pending,upi
ORD004586,CUST00013,2023-01-02,Delivered,upi
ORD004994,CUST00405,2023-01-26,Delivered,COD
ORD003728,CUST00139,2023-08-20,DELIVERED,Debit Card
ORD003801,CUST00427,2025-06-30,Shipped,Cash on Delivery
ORD003192,CUST00175,2025-02-22,DELIVERED,UPI
ORD001617,CUST00134,2025-10-01,Returned,Credit Card
ORD003048,CUST00141,2025-10-31,Delivered,Debit Card
ORD001680,CUST00020,2024-10-27,Cancelled,Cash on Delivery
ORD002466,CUST00468,2024-03-24,Delivered,Net Banking
ORD003015,CUST00164,2025-12-23,Delivered,upi
ORD004637,CUST00570,2025-05-13,Returned,Net Banking
ORD003397,CUST00417,2024-02-23,Delivered,UPI
ORD001698,CUST00081,2023-07-13,delivered,COD
ORD003925,CUST00289,2025-09-19,Delivered,COD
ORD004202,CUST00208,2023-03-07,Returned,COD
ORD002965,CUST00442,2023-05-31,DELIVERED,UPI
ORD001239,CUST00323,2024-08-02,Returned,COD
ORD002768,CUST00242,2024-07-15,DELIVERED,Credit Card
ORD001016,CUST00540,2024-01-24,Shipped,UPI
ORD001365,CUST00076,2024-09-03,Pending,Cash on Delivery
ORD001582,CUST00485,2024-08-18,Returned,Net Banking
ORD003547,CUST00086,2024-10-07,delivered,Cash on Delivery
ORD000243,CUST00503,2023-05-21,Shipped,Cash on Delivery
ORD004741,CUST00223,2024-07-28,DELIVERED,COD
ORD002332,CUST00122,2024-02-15,Delivered,COD
ORD000145,CUST00039,2023-09-08,delivered,Debit Card
ORD002869,CUST00512,2023-11-30,Delivered,COD
ORD003184,CUST00136,2024-01-31,Pending,upi
ORD002246,CUST00332,2025-08-30,DELIVERED,Net Banking
ORD004386,CUST00255,2024-01-26,Shipped,upi
ORD001683,CUST00394,2025-12-18,Returned,Debit Card
ORD001473,CUST00594,2025-12-25,delivered,Net Banking
ORD002007,CUST00554,2023-03-06,Delivered,UPI
ORD000956,CUST00153,2023-01-29,Cancelled,Net Banking
ORD000102,CUST00207,2023-04-13,Shipped,COD
ORD003277,CUST00599,2025-03-14,Pending,upi
ORD003776,CUST00581,2025-03-28,Returned,upi
ORD001991,CUST00557,2023-12-25,Delivered,Net Banking
ORD000010,CUST00582,2023-12-11,Shipped,Cash on Delivery
ORD001543,CUST00221,2023-08-11,Delivered,COD
ORD000021,CUST00582,not-a-date,delivered,Cash on Delivery
ORD000825,CUST00267,2025-05-09,Delivered,Debit Card
ORD000259,CUST00545,2023-08-05,Shipped,Net Banking
ORD001194,CUST00044,2023-06-08,delivered,Net Banking
ORD000174,CUST00260,2025-09-29,Shipped,COD
ORD001922,CUST00443,2023-03-26,Cancelled,Cash on Delivery
ORD003995,CUST00117,2023-10-17,Pending,Cash on Delivery
ORD002656,CUST00444,2024-09-19,delivered,Debit Card
ORD002947,CUST00375,2024-02-29,delivered,upi
ORD003059,CUST00478,2024-01-18,Shipped,Debit Card
ORD002025,CUST00565,2023-07-21,Pending,COD
ORD002042,CUST00495,2024-04-11,DELIVERED,UPI
ORD004439,CUST00084,2024-01-28,Shipped,Debit Card
ORD000101,CUST00064,2025-11-08,Shipped,Cash on Delivery
ORD001822,CUST00213,2024-12-28,DELIVERED,COD
ORD001076,CUST00043,2023-08-19,Cancelled,Credit Card
ORD004535,CUST00500,2024-05-04,Shipped,COD
ORD000506,CUST00400,2024-11-23,DELIVERED,Net Banking
ORD004140,CUST00099,2023-03-25,Delivered,Net Banking
ORD004676,CUST00456,2023-07-30,delivered,Credit Card
ORD003308,CUST00328,2025-08-27,delivered,Debit Card
ORD002311,CUST00132,2025-03-13,Delivered,upi
ORD002346,CUST00310,2025-12-25,Delivered,upi
ORD003579,CUST00486,2025-09-06,DELIVERED,UPI
ORD002915,CUST00331,2024-07-29,Delivered,Credit Card
ORD001015,CUST00556,2025-07-09,DELIVERED,upi
ORD002721,CUST00133,2023-08-10,delivered,Debit Card
ORD001577,CUST00018,2023-08-13,Delivered,Debit Card
ORD003435,CUST00204,2025-10-26,Delivered,Cash on Delivery
ORD002545,CUST00542,2025-09-25,Shipped,Net Banking
ORD001990,CUST00188,2024-04-08,Delivered,UPI
ORD004084,CUST00440,2024-11-19,DELIVERED,upi
ORD003606,CUST00290,2025-10-31,DELIVERED,upi
ORD004721,CUST00095,2023-07-02,Delivered,Debit Card
ORD002941,CUST00280,2025-04-23,delivered,COD
ORD001618,CUST00282,2023-06-18,Delivered,UPI
ORD004404,CUST00216,2023-11-17,Shipped,upi
ORD000773,CUST00219,2023-07-07,Cancelled,COD
ORD003661,CUST00345,2024-07-08,DELIVERED,COD
ORD004918,CUST00536,2025-08-08,Delivered,COD
ORD003847,CUST00594,2024-04-02,Delivered,Cash on Delivery
ORD001345,CUST00093,2023-06-08,delivered,Cash on Delivery
ORD003324,CUST00542,2023-08-22,delivered,COD
ORD001166,CUST00242,2023-08-06,Returned,Cash on Delivery
ORD000930,CUST00549,2025-05-21,delivered,UPI
ORD004489,CUST00275,2024-07-30,DELIVERED,Net Banking
ORD000816,CUST00043,2025-06-03,DELIVERED,Cash on Delivery
ORD003809,CUST00196,2023-03-08,DELIVERED,Debit Card
ORD003988,CUST00555,2023-11-01,Shipped,Debit Card
ORD002724,CUST00482,2023-12-27,delivered,COD
ORD000264,CUST00459,2023-07-30,Delivered,Credit Card
ORD004745,CUST00234,2025-09-14,Cancelled,Credit Card
ORD002108,CUST00502,2025-06-03,DELIVERED,Cash on Delivery
ORD003498,CUST00510,2023-03-11,Cancelled,Debit Card
ORD000378,CUST00477,2023-03-12,Pending,Credit Card
ORD000793,CUST00008,2025-02-21,Delivered,UPI
ORD001075,CUST00001,2023-10-21,DELIVERED,Net Banking
ORD002188,CUST00310,2024-02-11,delivered,Debit Card
ORD003989,CUST00043,2023-10-16,delivered,Credit Card
ORD002379,CUST00162,2023-02-11,Shipped,Net Banking
ORD002647,CUST00137,2023-03-12,Shipped,Cash on Delivery
ORD001376,CUST00591,2025-10-19,Delivered,Credit Card
ORD003450,CUST00431,2025-10-31,Pending,UPI
ORD002243,CUST00325,2023-09-09,Pending,upi
ORD000636,CUST00418,2023-09-16,Pending,Debit Card
ORD001528,CUST00347,2024-07-06,Shipped,upi
ORD003479,CUST00381,2024-12-21,delivered,COD
ORD002580,CUST00309,2023-09-07,Cancelled,upi
ORD002829,CUST00495,2024-04-20,Delivered,Cash on Delivery
ORD002590,CUST00417,2023-05-17,Returned,Credit Card
ORD002161,CUST00322,2024-05-08,Shipped,Cash on Delivery
ORD002335,CUST00332,2023-02-27,DELIVERED,Net Banking
ORD003607,CUST00309,2025-01-31,Returned,Debit Card
ORD004795,CUST00149,2023-12-05,DELIVERED,COD
ORD002859,CUST00154,2024-04-20,Returned,Cash on Delivery
ORD000781,CUST00169,2025-03-08,Cancelled,COD
ORD004256,CUST00299,2024-01-01,Cancelled,upi
ORD004674,CUST00013,2025-05-06,Shipped,Net Banking
ORD002702,CUST00399,2025-05-24,DELIVERED,Net Banking
ORD000261,CUST00219,2024-03-24,DELIVERED,upi
ORD004902,CUST00116,2024-12-22,Returned,UPI
ORD003282,CUST00035,2024-06-04,Pending,upi
ORD002300,CUST00357,2023-02-17,DELIVERED,upi
ORD003537,CUST00182,2023-02-16,Cancelled,Cash on Delivery
ORD003072,CUST00426,2025-09-10,Delivered,Debit Card
ORD002362,CUST00453,2025-10-27,Cancelled,Cash on Delivery
ORD004462,CUST00257,2025-09-23,Shipped,Credit Card
ORD001290,CUST00290,2023-01-05,delivered,Cash on Delivery
ORD002921,CUST00028,2025-06-06,delivered,COD
ORD004359,CUST00595,2024-04-24,DELIVERED,Debit Card
ORD004631,CUST00573,2025-12-27,DELIVERED,Credit Card
ORD002435,CUST00507,2023-05-31,Shipped,Credit Card
ORD003993,CUST00594,2024-06-12,Returned,Credit Card
ORD002053,CUST00191,2023-03-30,DELIVERED,UPI
ORD003196,CUST00531,2023-10-24,Delivered,UPI
ORD003961,CUST00453,2024-04-08,Pending,Debit Card
ORD003704,CUST00389,2024-06-08,Delivered,UPI
ORD002169,CUST00057,2023-01-05,Returned,UPI
ORD002730,CUST00252,2024-03-28,Shipped,Net Banking
ORD001604,CUST00412,2024-06-08,Returned,Cash on Delivery
ORD002667,CUST00388,2023-07-19,Cancelled,upi
ORD003875,CUST00223,2024-09-11,Pending,Credit Card
ORD000901,CUST00458,2024-07-27,delivered,Net Banking
ORD001092,CUST00502,2025-06-26,Delivered,COD
ORD004616,CUST00356,2024-10-27,DELIVERED,Net Banking
ORD001795,CUST00295,2023-03-02,Cancelled,upi
ORD003179,CUST00564,2025-07-19,Cancelled,Net Banking
ORD004268,CUST00059,2024-02-08,Pending,UPI
ORD003802,CUST00196,2023-10-30,Shipped,Cash on Delivery
ORD003679,CUST00349,2025-11-17,Pending,Net Banking
ORD000721,CUST00473,2025-07-21,Shipped,Cash on Delivery
ORD000087,CUST00507,2023-04-16,Pending,Net Banking
ORD000632,CUST00058,2024-05-06,Returned,Net Banking
ORD000273,CUST00384,2025-06-01,Returned,upi
ORD002909,CUST00138,2023-02-09,DELIVERED,COD
ORD002013,CUST00179,2025-05-08,Returned,UPI
ORD003306,CUST00591,2023-11-15,Delivered,upi
ORD004229,CUST00180,2025-12-23,DELIVERED,upi
ORD003740,CUST00255,2023-07-13,Pending,Net Banking
ORD000002,CUST00479,2025-05-04,Cancelled,Cash on Delivery
ORD004932,CUST00027,2023-06-28,DELIVERED,COD
ORD001432,CUST00052,2023-09-19,delivered,Cash on Delivery
ORD002067,CUST00114,2025-09-17,DELIVERED,Net Banking
ORD004671,CUST00012,2023-03-24,delivered,UPI
ORD001555,CUST00126,2023-03-28,Pending,upi
ORD004739,CUST00177,2025-11-04,Pending,COD
ORD001699,CUST00353,2024-10-05,Returned,Debit Card
ORD004845,CUST00184,2024-08-21,Shipped,COD
ORD003444,CUST00517,2023-06-06,Delivered,UPI
ORD001130,CUST00221,2024-08-22,Cancelled,Credit Card
ORD002538,CUST00066,2024-12-22,Delivered,Net Banking
ORD003649,CUST00480,2024-02-03,Delivered,Net Banking
ORD003929,CUST00250,2024-06-12,delivered,Cash on Delivery
ORD002751,CUST00218,2025-11-05,Delivered,Credit Card
ORD000940,CUST00334,2024-06-12,Returned,Credit Card
ORD004509,CUST00374,2024-11-28,Delivered,Cash on Delivery
ORD002185,CUST00350,2023-02-14,Cancelled,Debit Card
ORD002122,CUST00243,2025-12-18,Pending,Credit Card
ORD002675,CUST00342,2025-10-21,Cancelled,Debit Card
ORD001985,CUST00355,2025-06-05,DELIVERED,COD
ORD002700,CUST00064,2023-01-26,Shipped,upi
ORD004943,CUST00344,2023-11-13,delivered,Cash on Delivery
ORD000441,CUST00433,2025-04-04,Delivered,Debit Card
ORD000766,CUST00220,2025-09-26,Cancelled,Debit Card
ORD001455,CUST00440,2023-06-21,Shipped,Debit Card
ORD001965,CUST00439,2023-03-11,Delivered,Cash on Delivery
ORD002378,CUST00072,2024-06-22,Returned,upi
ORD004040,CUST00301,2025-08-11,Cancelled,Credit Card
ORD001661,CUST00091,2023-04-24,Shipped,COD
ORD003415,CUST00368,2023-02-28,Cancelled,upi
ORD003009,CUST00270,2023-10-27,Returned,Cash on Delivery
ORD004253,CUST00121,2023-03-27,DELIVERED,Credit Card
ORD004403,CUST00443,2024-12-01,Returned,Cash on Delivery
ORD002123,CUST00054,2023-07-04,Cancelled,Cash on Delivery
ORD003684,CUST00057,2023-02-01,Shipped,COD
ORD004620,CUST00376,2023-12-05,delivered,Credit Card
ORD003897,CUST00145,2024-06-19,Delivered,Net Banking
ORD001291,CUST00331,2023-01-26,delivered,Debit Card
ORD000782,CUST00112,2025-10-03,delivered,upi
ORD001219,CUST00027,2025-07-09,Pending,Cash on Delivery
ORD000668,CUST00341,2023-05-11,Cancelled,Net Banking
ORD003798,CUST00563,2024-03-21,Delivered,Net Banking
ORD000552,CUST00170,2025-12-04,Shipped,Debit Card
ORD000575,CUST00406,2024-05-03,Delivered,COD
ORD004104,CUST00356,2023-09-28,Returned,UPI
ORD000399,CUST00034,2023-03-25,delivered,Debit Card
ORD000863,CUST00270,2024-10-17,DELIVERED,Credit Card
ORD004588,CUST00414,2024-07-09,DELIVERED,UPI
ORD002138,CUST00228,2023-10-05,Shipped,UPI
ORD000117,CUST00108,2023-05-21,delivered,Net Banking
ORD002557,CUST00147,2025-09-17,delivered,Net Banking
ORD004376,CUST00188,2025-09-20,Returned,UPI
ORD001280,CUST00304,2025-01-24,Returned,Cash on Delivery
ORD004254,CUST00393,2025-09-06,DELIVERED,upi
ORD003139,CUST00535,2025-11-02,DELIVERED,Credit Card
ORD000274,CUST00287,2023-06-25,Pending,COD
ORD004768,CUST00184,2025-10-18,DELIVERED,COD
ORD000068,CUST00007,2024-12-12,Pending,upi
ORD002350,CUST00056,2024-12-26,Pending,Credit Card
ORD004542,CUST00500,2025-02-22,Pending,Cash on Delivery
ORD004003,CUST00543,2025-03-17,Cancelled,COD
ORD000803,CUST00066,2024-12-15,delivered,COD
ORD003811,CUST00323,2024-10-27,Returned,Cash on Delivery
ORD002114,CUST00308,2025-06-13,Returned,upi
ORD002746,CUST00561,2025-06-20,delivered,upi
ORD003158,CUST00325,2025-06-14,Delivered,upi
ORD001651,CUST00281,2025-10-07,Shipped,UPI
ORD002931,CUST00243,2023-07-14,DELIVERED,upi
ORD002786,CUST00116,2025-03-16,Pending,COD
ORD001214,CUST00064,2025-08-02,DELIVERED,COD
ORD001505,CUST00068,2025-03-24,Pending,Cash on Delivery
ORD004605,CUST00497,2023-07-15,Delivered,Credit Card
ORD003910,CUST00189,2024-10-17,Shipped,Cash on Delivery
ORD004827,CUST00572,2023-08-14,Shipped,Credit Card
ORD002745,CUST00061,2023-07-02,DELIVERED,Credit Card
ORD000182,CUST00275,2024-06-10,Returned,upi
ORD001709,CUST00470,2023-06-04,delivered,COD
ORD001293,CUST00153,2025-07-31,Returned,COD
ORD002917,CUST00084,2023-01-06,Pending,UPI
ORD003945,CUST00345,2024-05-24,delivered,Credit Card
ORD002080,CUST00350,2024-06-27,Delivered,UPI
ORD004456,CUST00299,2024-04-03,Shipped,Debit Card
ORD001158,CUST00200,2023-11-19,Pending,UPI
ORD001755,CUST00040,2025-04-12,Delivered,Net Banking
ORD003670,CUST00207,2024-07-23,delivered,Cash on Delivery
ORD004113,CUST00384,2023-03-11,Cancelled,Cash on Delivery
ORD002358,CUST00411,2025-06-16,Returned,Net Banking
ORD001058,CUST00030,2024-07-09,Delivered,Net Banking
ORD000302,CUST00586,2023-03-23,Shipped,COD
ORD001508,CUST00503,2025-12-13,Shipped,upi
ORD001478,CUST00422,2023-05-22,DELIVERED,UPI
ORD001353,CUST00375,2025-10-11,delivered,COD
ORD001496,CUST00171,2023-03-05,Pending,upi
ORD003613,CUST00187,2023-01-22,Returned,Cash on Delivery
ORD002496,CUST00418,2023-08-09,Shipped,Cash on Delivery
ORD000613,CUST00508,2025-10-22,Pending,upi
ORD003353,CUST00020,2025-08-22,Delivered,Net Banking
ORD001334,CUST00058,2025-05-01,Returned,Debit Card
ORD002323,CUST00174,2025-08-31,Delivered,Cash on Delivery
ORD003010,CUST00544,2025-02-08,Pending,upi
ORD001929,CUST00487,2023-12-14,delivered,upi
ORD001231,CUST00392,2023-08-26,Pending,upi
ORD000340,CUST00107,2025-02-12,Shipped,upi
ORD001083,CUST00382,2025-03-27,delivered,COD
ORD002429,CUST00459,2024-03-02,delivered,upi
ORD002405,CUST00489,2023-03-03,Delivered,Cash on Delivery
ORD000327,CUST00483,2025-09-19,Returned,Debit Card
ORD003390,CUST00577,2024-04-03,Cancelled,UPI
ORD002366,CUST00308,2023-11-08,Shipped,Debit Card
ORD001312,CUST00426,2024-02-07,Delivered,Debit Card
ORD003414,CUST00300,2023-11-24,Delivered,UPI
ORD003901,CUST00247,2023-02-05,Returned,Net Banking
ORD003379,CUST00286,2024-04-08,Delivered,Net Banking
ORD001289,CUST00545,2025-03-10,Returned,upi
ORD003960,CUST00377,2025-02-27,Cancelled,upi
ORD003974,CUST00563,2024-11-09,Pending,COD
ORD002578,CUST00422,2023-11-30,Pending,Net Banking
ORD003470,CUST00052,2023-07-15,Shipped,upi
ORD000914,CUST00435,2024-04-16,Cancelled,COD
ORD003831,CUST00464,2023-11-26,Shipped,upi
ORD003164,CUST00180,2024-11-07,Pending,upi
ORD002151,CUST00322,2023-07-16,DELIVERED,COD
ORD003384,CUST00588,2025-10-05,DELIVERED,Debit Card
ORD000320,CUST00319,2024-01-27,Shipped,UPI
ORD004176,CUST00037,2023-02-04,Returned,Credit Card
ORD002097,CUST00387,2024-10-11,Pending,upi
ORD000975,CUST00046,2024-12-04,Cancelled,Credit Card
ORD001894,CUST00312,2024-10-30,Cancelled,upi
ORD003256,CUST00439,2025-01-12,Pending,UPI
ORD003064,CUST00391,2024-01-22,Returned,Net Banking
ORD002299,CUST00006,2024-03-01,delivered,UPI
ORD000004,CUST00215,2024-05-17,Pending,Credit Card
ORD000673,CUST00416,2025-03-26,Cancelled,COD
ORD001886,CUST00466,2024-06-23,Cancelled,UPI
ORD004971,CUST00371,2025-04-13,DELIVERED,Cash on Delivery
ORD004931,CUST00356,2024-11-23,Shipped,UPI
ORD000291,CUST00088,2024-03-03,DELIVERED,Debit Card
ORD001348,CUST00600,2023-10-07,Delivered,UPI
ORD001996,CUST00093,2024-01-10,DELIVERED,Net Banking
ORD004339,CUST00561,2024-01-18,delivered,COD
ORD001333,CUST00455,2025-10-21,DELIVERED,Credit Card
ORD000778,CUST00180,2025-07-21,Returned,UPI
ORD000211,CUST00045,2024-04-28,Pending,Debit Card
ORD004002,CUST00560,2024-07-27,Cancelled,UPI
ORD003369,CUST00528,2023-09-09,delivered,Net Banking
ORD001081,CUST00235,2024-08-04,Returned,Net Banking
ORD004696,CUST00392,2023-12-15,Shipped,Cash on Delivery
ORD002081,CUST00256,2024-11-20,Delivered,Net Banking
ORD000234,CUST00174,2024-10-31,DELIVERED,COD
ORD004048,CUST00586,2024-05-21,DELIVERED,Debit Card
ORD003008,CUST00598,2024-08-24,Cancelled,upi
ORD001359,CUST00573,2025-06-08,Returned,Debit Card
ORD002815,CUST00424,2023-10-09,Delivered,upi
ORD001313,CUST00142,2023-06-23,Delivered,Debit Card
ORD004572,CUST00446,2023-09-05,Shipped,Net Banking
ORD003894,CUST00489,2024-08-29,Shipped,UPI
ORD000792,CUST00006,2024-07-06,Cancelled,Net Banking
ORD001955,CUST00351,2024-08-29,Pending,UPI
ORD002716,CUST00309,2024-08-30,DELIVERED,Credit Card
ORD000966,CUST00140,2025-07-17,Cancelled,Cash on Delivery
ORD001694,CUST00024,2025-07-22,Returned,Credit Card
ORD000229,CUST00574,2023-06-16,Cancelled,Net Banking
ORD004005,CUST00203,2025-01-27,DELIVERED,upi
ORD000955,CUST00463,2025-01-22,Delivered,COD
ORD000155,CUST00255,2023-05-17,Returned,upi
ORD001390,CUST00438,2025-12-14,Shipped,Net Banking
ORD004917,CUST00340,2024-02-04,DELIVERED,UPI
ORD003608,CUST00459,2023-03-18,Cancelled,UPI
ORD001655,CUST00525,2024-08-03,Delivered,upi
ORD002577,CUST00354,2024-05-20,Pending,Net Banking
ORD000503,CUST00216,2023-08-18,delivered,Cash on Delivery
ORD002459,CUST00146,2023-12-05,Returned,Net Banking
ORD000570,CUST00136,2023-06-03,Shipped,Net Banking
ORD001050,CUST00523,2025-06-17,Pending,Debit Card
ORD001150,CUST00520,2025-12-21,Pending,UPI
ORD004228,CUST00264,2023-04-16,DELIVERED,upi
ORD003152,CUST00353,2025-06-19,delivered,Net Banking
ORD003549,CUST00437,2023-07-28,DELIVERED,UPI
ORD001087,CUST00108,2023-12-31,Returned,Credit Card
ORD004803,CUST00003,2024-06-18,Shipped,upi
ORD000530,CUST00074,2023-08-16,Cancelled,COD
ORD001682,CUST00068,2025-01-18,Returned,Net Banking
ORD003165,CUST00445,2023-12-26,delivered,Cash on Delivery
ORD000389,CUST00595,2024-10-02,Shipped,Credit Card
ORD000900,CUST00453,2025-01-09,Shipped,COD
ORD001970,CUST00495,2024-10-14,Delivered,UPI
ORD003841,CUST00573,2024-08-06,DELIVERED,Cash on Delivery
ORD001264,CUST00478,2025-03-26,Returned,upi
ORD003629,CUST00318,2025-03-31,Delivered,Credit Card
ORD003090,CUST00287,2023-08-09,Cancelled,Cash on Delivery
ORD002131,CUST00493,2025-11-12,delivered,COD
ORD004197,CUST00195,2023-03-08,Pending,UPI
ORD002846,CUST00415,2025-02-01,Shipped,Cash on Delivery
ORD003482,CUST00466,2025-12-23,Shipped,UPI
ORD004841,CUST00249,2025-01-24,delivered,Debit Card
ORD004024,CUST00142,2023-02-24,DELIVERED,Debit Card
ORD001159,CUST00090,2023-02-11,Delivered,upi
ORD000735,CUST00416,2023-10-06,Cancelled,Credit Card
ORD002583,CUST00498,2024-03-11,Pending,Net Banking
ORD002207,CUST00553,2023-03-07,Shipped,Debit Card
ORD002694,CUST00472,2023-07-16,Delivered,Credit Card
ORD003118,CUST00286,2025-03-01,DELIVERED,Credit Card
ORD003933,CUST00511,2023-10-03,Pending,upi
ORD004921,CUST00595,2024-03-18,Shipped,Net Banking
ORD001408,CUST00154,2023-10-08,Cancelled,Cash on Delivery
ORD001562,CUST00552,2025-11-29,Returned,upi
ORD000670,CUST00320,2024-09-08,DELIVERED,upi
ORD004545,CUST00032,2025-05-31,Pending,COD
ORD002914,CUST00403,2025-08-18,delivered,Credit Card
ORD003934,CUST00228,2024-09-26,Delivered,Debit Card
ORD002402,CUST00598,2023-08-22,Delivered,Debit Card
ORD004758,CUST00186,2023-10-10,Delivered,Cash on Delivery
ORD001407,CUST00360,2023-03-16,Shipped,Debit Card
ORD004856,CUST00403,2025-06-03,delivered,UPI
ORD001212,CUST00523,2024-06-16,Shipped,Credit Card
ORD002498,CUST00083,2025-09-24,delivered,UPI
ORD003463,CUST00217,2024-12-03,Cancelled,Net Banking
ORD000423,CUST00090,2024-03-09,Delivered,upi
ORD002748,CUST00079,2024-06-23,delivered,Cash on Delivery
ORD003478,CUST00200,2024-08-28,Shipped,Cash on Delivery
ORD000598,CUST00585,2023-04-16,Returned,upi
ORD001203,CUST00294,2024-04-24,Shipped,upi
ORD004623,CUST00274,2025-02-01,Returned,COD
ORD003395,CUST00523,2023-10-28,Cancelled,Net Banking
ORD003422,CUST00161,2025-03-29,Shipped,upi
ORD001251,CUST00530,2024-01-31,Shipped,Net Banking
ORD001685,CUST00519,2025-07-16,Shipped,UPI
ORD000867,CUST00347,2025-03-14,Delivered,UPI
ORD003185,CUST00004,2023-12-19,delivered,upi
ORD002640,CUST00311,2025-01-12,Cancelled,Net Banking
ORD000938,CUST00423,2025-07-31,Cancelled,COD
ORD004106,CUST00258,2025-03-29,Returned,upi
ORD001963,CUST00137,2025-07-03,Pending,Debit Card
ORD000478,CUST00236,2024-03-19,Shipped,Credit Card
ORD000418,CUST00315,2023-12-08,Cancelled,Net Banking
ORD000662,CUST00065,2024-12-22,Returned,Net Banking
ORD002106,CUST00579,2025-10-11,Returned,Net Banking
ORD000858,CUST00249,2024-01-17,DELIVERED,Cash on Delivery
ORD002451,CUST00024,2025-08-27,Cancelled,Net Banking
ORD001151,CUST00274,2025-12-21,Delivered,Credit Card
ORD003603,CUST00131,2025-10-21,Pending,upi
ORD004045,CUST00340,2024-08-01,delivered,Credit Card
ORD000328,CUST00191,2025-12-11,delivered,Cash on Delivery
ORD002189,CUST00412,2024-08-30,DELIVERED,COD
ORD003714,CUST00565,2024-02-10,Shipped,UPI
ORD001902,CUST00291,2024-10-18,Returned,UPI
ORD000165,CUST00461,2025-05-20,DELIVERED,upi
ORD002775,CUST00550,2025-04-07,Cancelled,COD
ORD002795,CUST00497,2025-12-26,delivered,Net Banking
ORD002695,CUST00567,2023-06-22,Delivered,Net Banking
ORD001191,CUST00463,2025-10-19,DELIVERED,Debit Card
ORD003998,CUST00379,2025-07-04,Shipped,Cash on Delivery
ORD004078,CUST00320,2025-03-04,DELIVERED,Cash on Delivery
ORD003848,CUST00007,2024-04-25,Pending,Net Banking
ORD001919,CUST00274,2023-07-15,Returned,upi
ORD002698,CUST00517,2025-02-23,Shipped,COD
ORD002413,CUST00528,2023-09-30,Delivered,Net Banking
ORD000334,CUST00274,2023-10-05,delivered,COD
ORD000824,CUST00295,2023-01-30,Returned,Net Banking
ORD002616,CUST00054,2023-01-10,Pending,Cash on Delivery
ORD000126,CUST00272,2025-08-08,Shipped,COD
ORD002116,CUST00024,2023-07-07,Returned,Debit Card
ORD003293,CUST00392,2024-06-14,Shipped,Debit Card
ORD003156,CUST00244,2023-02-16,Delivered,COD
ORD002575,CUST00383,2024-04-02,DELIVERED,Debit Card
ORD004903,CUST00168,2025-09-13,Pending,upi
ORD004592,CUST00520,2024-06-23,DELIVERED,upi
ORD004760,CUST00389,2023-08-01,Shipped,Debit Card
ORD002604,CUST00103,2025-02-22,DELIVERED,Cash on Delivery
ORD004603,CUST00396,2023-01-19,Shipped,upi
ORD001117,CUST00501,2025-02-15,DELIVERED,upi
ORD001727,CUST00128,2024-11-10,Shipped,UPI
ORD001434,CUST00132,2023-07-27,Pending,Debit Card
ORD003892,CUST00184,2025-09-17,Cancelled,Debit Card
ORD001149,CUST00218,2024-12-12,Returned,upi
ORD002310,CUST00301,2023-09-20,Pending,upi
ORD002005,CUST00260,2024-06-21,Delivered,COD
ORD003440,CUST00069,2025-07-03,Shipped,COD
ORD000933,CUST00284,2025-03-21,Shipped,Cash on Delivery
ORD002895,CUST00073,2023-07-17,Pending,UPI
ORD004094,CUST00016,2025-04-19,Shipped,Debit Card
ORD003123,CUST00259,2025-08-01,Cancelled,Debit Card
ORD000283,CUST00292,2024-05-29,Returned,Debit Card
ORD001671,CUST00477,2024-05-12,Pending,UPI
ORD002875,CUST00587,2023-10-03,Returned,Cash on Delivery
ORD004090,CUST00089,2023-04-28,delivered,Debit Card
ORD004224,CUST00467,2023-03-20,Returned,Net Banking
ORD002852,CUST00529,2025-03-21,Returned,Cash on Delivery
ORD000661,CUST00419,2023-10-26,Delivered,Credit Card
ORD001306,CUST00487,2025-04-10,delivered,upi
ORD000645,CUST00049,2025-02-22,DELIVERED,Debit Card
ORD002227,CUST00066,2025-05-24,Delivered,upi
ORD003217,CUST00061,2023-01-16,delivered,Credit Card
ORD000819,CUST00218,2024-10-07,DELIVERED,COD
ORD001749,CUST00394,2023-10-07,Cancelled,UPI
ORD001549,CUST00528,2023-05-10,Cancelled,Credit Card
ORD002537,CUST00126,2025-06-28,DELIVERED,Net Banking
ORD004553,CUST00045,2023-02-25,Cancelled,Debit Card
ORD003025,CUST00314,2023-01-19,delivered,upi
ORD003475,CUST00474,2025-01-05,delivered,UPI
ORD004260,CUST00392,2025-02-21,delivered,Net Banking
ORD004096,CUST00583,2025-01-29,delivered,upi
ORD001393,CUST00047,2024-08-01,Pending,upi
ORD004859,CUST00318,2024-07-09,DELIVERED,Credit Card
ORD000419,CUST00119,2025-09-18,Pending,Credit Card
ORD004446,CUST00188,2025-03-10,Delivered,upi
ORD001792,CUST00227,2023-01-28,delivered,Cash on Delivery
ORD004177,CUST00453,2023-07-16,DELIVERED,Debit Card
ORD004011,CUST00125,2023-11-06,Pending,Cash on Delivery
ORD003073,CUST00333,2025-08-22,Returned,Net Banking
ORD002281,CUST00049,2025-02-16,DELIVERED,UPI
ORD001953,CUST00128,2024-07-09,Pending,Cash on Delivery
ORD001225,CUST00204,2023-05-05,Cancelled,COD
ORD001385,CUST00264,2023-12-02,Pending,Debit Card
ORD000675,CUST00571,2024-05-26,DELIVERED,Net Banking
ORD004477,CUST00091,2025-08-11,DELIVERED,Net Banking
ORD003781,CUST00079,2024-09-23,DELIVERED,UPI
ORD000447,CUST00441,2025-08-19,Delivered,Debit Card
ORD003808,CUST00043,2023-07-22,Pending,Net Banking
ORD000883,CUST00447,2025-03-20,Cancelled,Cash on Delivery
ORD001039,CUST00401,2023-07-18,Cancelled,Net Banking
ORD004639,CUST00467,2023-05-18,Returned,COD
ORD001041,CUST00492,2024-04-28,Pending,Net Banking
ORD003474,CUST00264,2025-07-01,Cancelled,upi
ORD001049,CUST00028,2025-12-15,delivered,COD
ORD001580,CUST00204,2025-12-13,Returned,Net Banking
ORD004232,CUST00301,2023-09-25,Delivered,Debit Card
ORD001982,CUST00196,2025-06-01,Pending,Cash on Delivery
ORD002391,CUST00229,2025-12-01,delivered,UPI
ORD004570,CUST00527,2024-09-03,Cancelled,COD
ORD004797,CUST00253,2023-09-13,Delivered,Credit Card
ORD001316,CUST00124,2024-04-27,Delivered,Net Banking
ORD001177,CUST00133,2023-03-23,Pending,UPI
ORD003876,CUST00518,2025-07-01,DELIVERED,Cash on Delivery
ORD004649,CUST00493,2024-07-03,Pending,Credit Card
ORD000862,CUST00485,2023-08-24,DELIVERED,Cash on Delivery
ORD004757,CUST00093,2024-08-15,Returned,Debit Card
ORD001506,CUST00058,2023-09-17,Pending,Debit Card
ORD001819,CUST00309,2025-10-21,delivered,upi
ORD004970,CUST00355,2024-05-09,Delivered,Credit Card
ORD002170,CUST00508,2025-05-16,Pending,Credit Card
ORD002983,CUST00328,2023-03-04,Cancelled,upi
ORD002057,CUST00343,2023-09-10,Returned,COD
ORD000965,CUST00207,2023-01-01,Delivered,COD
ORD000829,CUST00035,2024-12-29,Cancelled,COD
ORD000046,CUST00556,2024-04-18,Shipped,Debit Card
ORD004707,CUST00192,2025-02-17,Delivered,Debit Card
ORD003043,CUST00328,2023-11-04,Delivered,COD
ORD000902,CUST00077,2025-07-02,Pending,Net Banking
ORD001321,CUST00501,2025-04-16,DELIVERED,COD
ORD002347,CUST00102,2023-01-13,Shipped,COD
ORD001705,CUST00459,2025-09-12,Cancelled,upi
ORD000056,CUST00183,2024-02-06,Pending,COD
ORD003823,CUST00094,2025-08-31,DELIVERED,COD
ORD001974,CUST00298,2024-08-09,Shipped,upi
ORD001043,CUST00315,2024-03-28,Cancelled,UPI
ORD004306,CUST00057,2023-06-25,Pending,Cash on Delivery
ORD000871,CUST00563,2023-03-31,delivered,upi
ORD001810,CUST00111,2024-02-24,delivered,Credit Card
ORD002680,CUST00067,2024-08-21,delivered,UPI
ORD000508,CUST00578,2024-11-18,Cancelled,Credit Card
ORD001446,CUST00577,2024-10-31,Returned,Credit Card
ORD000467,CUST00293,2024-11-20,delivered,upi
ORD003849,CUST00475,2023-09-30,Shipped,UPI
ORD002061,CUST00323,2023-03-01,Pending,Debit Card
ORD003552,CUST00551,2024-06-13,Delivered,Net Banking
ORD001800,CUST00274,2024-04-08,delivered,COD
ORD002832,CUST00557,2023-10-10,Pending,Credit Card
ORD002807,CUST00396,2024-05-28,Shipped,Net Banking
ORD002891,CUST00216,2024-03-18,Pending,Debit Card
ORD000484,CUST00052,2025-04-18,Shipped,Net Banking
ORD002699,CUST00272,2023-10-30,Shipped,Cash on Delivery
ORD002280,CUST00438,2025-10-29,Returned,Debit Card
ORD002623,CUST00308,2023-11-17,Cancelled,Credit Card
ORD001152,CUST00471,2024-03-01,delivered,Net Banking
ORD003153,CUST00140,2024-02-24,Delivered,upi
ORD004997,CUST00074,2024-11-13,DELIVERED,upi
ORD002344,CUST00162,2024-05-16,Cancelled,Net Banking
ORD000084,CUST00513,2024-04-25,delivered,upi
ORD004805,CUST00477,2023-12-31,Shipped,Credit Card
ORD002994,CUST00223,2023-05-10,Returned,upi
ORD003176,CUST00433,2024-07-11,delivered,COD
ORD003260,CUST00218,2023-03-08,DELIVERED,Debit Card
ORD001787,CUST00544,2023-11-03,Delivered,Cash on Delivery
ORD000226,CUST00182,2025-01-13,Returned,Cash on Delivery
ORD004244,CUST00048,2024-05-15,Returned,Credit Card
ORD000342,CUST00304,2023-08-24,delivered,Debit Card
ORD001425,CUST00347,2024-10-20,delivered,Net Banking
ORD004288,CUST00130,2025-07-28,Returned,upi
ORD000928,CUST00542,2024-03-06,delivered,UPI
ORD002665,CUST00122,2023-07-28,DELIVERED,Net Banking
ORD003207,CUST00051,2025-04-17,DELIVERED,UPI
ORD000069,CUST00058,2023-03-03,Shipped,Net Banking
ORD003439,CUST00400,2024-01-02,Returned,COD
ORD001248,CUST00579,2025-09-07,delivered,upi
ORD004436,CUST00298,2025-11-23,Shipped,Debit Card
ORD003795,CUST00229,2023-07-28,Delivered,UPI
ORD003102,CUST00210,2025-03-26,Returned,upi
ORD003007,CUST00060,2023-11-23,Delivered,upi
ORD002446,CUST00357,2023-05-03,delivered,COD
ORD003601,CUST00590,2023-08-17,delivered,upi
ORD001422,CUST00306,2024-01-08,Delivered,Credit Card
ORD000609,CUST00013,2025-05-14,delivered,Cash on Delivery
ORD004838,CUST00344,2025-04-05,Delivered,Debit Card
ORD000754,CUST00140,2025-05-24,delivered,Net Banking
ORD003161,CUST00556,2025-11-08,Cancelled,Cash on Delivery
ORD003163,CUST00124,2025-10-07,Delivered,Cash on Delivery
ORD003712,CUST00111,2025-11-10,Delivered,Cash on Delivery
ORD004571,CUST00428,2024-07-01,Delivered,Debit Card
ORD000828,CUST00152,2023-09-08,Cancelled,upi
ORD002842,CUST00085,2025-08-10,Cancelled,COD
ORD001547,CUST00495,2023-02-02,Delivered,Cash on Delivery
ORD004287,CUST00216,2023-10-10,Cancelled,upi
ORD001392,CUST00411,2025-09-10,delivered,upi
ORD000270,CUST00016,2025-02-12,DELIVERED,upi
ORD002104,CUST00442,2024-09-28,Cancelled,UPI
ORD004952,CUST00117,2024-09-08,Returned,Credit Card
ORD005000,CUST00293,2024-05-13,DELIVERED,Debit Card
ORD004784,CUST00101,2023-10-20,Shipped,COD
ORD002450,CUST00040,2023-08-31,Pending,Net Banking
ORD002639,CUST00336,2023-05-22,DELIVERED,Net Banking
ORD000925,CUST00019,2024-05-20,Delivered,Cash on Delivery
ORD003944,CUST00330,2023-10-08,Shipped,upi
ORD001111,CUST00001,2025-05-08,DELIVERED,COD
ORD003572,CUST00450,2024-02-22,delivered,UPI
ORD000769,CUST00039,2024-01-08,DELIVERED,Cash on Delivery
ORD002691,CUST00531,2025-11-03,DELIVERED,Debit Card
ORD002201,CUST00440,2023-09-01,DELIVERED,Net Banking
ORD002160,CUST00479,2023-03-01,Returned,UPI
ORD002156,CUST00335,2023-12-12,delivered,UPI
ORD004315,CUST00293,2023-08-13,Cancelled,UPI
ORD003173,CUST00308,2025-11-10,DELIVERED,COD
ORD003426,CUST00235,2024-04-11,Returned,upi
ORD001071,CUST00095,2023-04-12,Delivered,Credit Card
ORD001035,CUST00380,2025-06-09,Shipped,upi
ORD000934,CUST00028,2025-02-19,Delivered,UPI
ORD002776,CUST00397,2024-08-21,Delivered,Cash on Delivery
ORD002923,CUST00298,2024-01-05,delivered,COD
ORD000193,CUST00469,2025-03-24,Cancelled,Cash on Delivery
ORD004391,CUST00246,2024-07-26,Cancelled,Net Banking
ORD002585,CUST00147,2024-03-04,Pending,Debit Card
ORD001301,CUST00518,2024-01-14,Shipped,Credit Card
ORD003213,CUST00548,2024-12-07,Returned,upi
ORD003244,CUST00342,2025-06-23,Returned,UPI
ORD002957,CUST00463,2024-07-17,Pending,Debit Card
ORD002971,CUST00466,2024-06-18,Cancelled,UPI
ORD004515,CUST00016,2023-08-08,Shipped,Cash on Delivery
ORD001377,CUST00582,2023-03-13,Pending,Cash on Delivery
ORD000537,CUST00472,2024-05-16,DELIVERED,Debit Card
ORD003225,CUST00085,2023-04-30,Shipped,COD
ORD001093,CUST00248,2025-08-22,Cancelled,COD
ORD003858,CUST00163,2025-11-07,delivered,Net Banking
ORD000452,CUST00416,2025-12-27,Shipped,Cash on Delivery
ORD001799,CUST00571,2025-02-06,Pending,UPI
ORD004399,CUST00306,2023-06-23,Shipped,Credit Card
ORD000067,CUST00529,2023-05-17,Shipped,Credit Card
ORD001635,CUST00384,2024-03-26,Shipped,Credit Card
ORD002510,CUST00495,2024-02-04,delivered,Credit Card
ORD004513,CUST00130,2024-05-10,Returned,Cash on Delivery
ORD002550,CUST00481,2025-04-06,Shipped,Debit Card
ORD003967,CUST00470,2024-09-15,Returned,COD
ORD001598,CUST00066,2025-07-11,DELIVERED,Credit Card
ORD000658,CUST00139,2024-02-19,DELIVERED,Debit Card
ORD003818,CUST00353,2023-04-23,Cancelled,upi
ORD004769,CUST00552,2023-06-11,delivered,UPI
ORD004904,CUST00492,2023-08-02,Pending,upi
ORD003480,CUST00137,2024-11-29,Shipped,Cash on Delivery
ORD002529,CUST00597,2024-11-24,Pending,Net Banking
ORD003814,CUST00179,2023-03-07,Shipped,Cash on Delivery
ORD002208,CUST00033,2023-02-07,Shipped,upi
ORD004748,CUST00274,2024-08-23,delivered,Net Banking
ORD000987,CUST00501,2023-12-11,delivered,UPI
ORD002336,CUST00025,2023-08-30,Pending,Net Banking
ORD001282,CUST00185,2025-11-25,Cancelled,Debit Card
ORD000691,CUST00547,2024-04-07,Shipped,Cash on Delivery
ORD003200,CUST00492,2025-10-24,Returned,UPI
ORD000466,CUST00494,2023-07-25,Returned,Debit Card
ORD003750,CUST00152,2024-01-13,Returned,Cash on Delivery
ORD004351,CUST00424,2023-03-14,Cancelled,COD
ORD003337,CUST00346,2023-02-03,Returned,Net Banking
ORD002484,CUST00523,2023-09-05,Shipped,COD
ORD001338,CUST00387,2024-09-03,Delivered,Credit Card
ORD003111,CUST00288,2025-09-12,delivered,COD
ORD003759,CUST00472,2025-11-27,Shipped,Debit Card
ORD003485,CUST00588,2024-01-08,Pending,Net Banking
ORD001504,CUST00143,2024-11-08,Delivered,COD
ORD004342,CUST00210,2023-12-19,DELIVERED,Net Banking
ORD002687,CUST00122,2023-07-03,delivered,Debit Card
ORD001897,CUST00081,2025-10-30,DELIVERED,Net Banking
ORD003092,CUST00095,2025-10-01,Cancelled,COD
ORD003532,CUST00164,2025-04-27,Cancelled,upi
ORD002248,CUST00496,2024-10-11,Returned,UPI
ORD004016,CUST00161,2024-05-24,Shipped,UPI
ORD002793,CUST00256,2025-01-09,Pending,Debit Card
ORD001163,CUST00487,2024-05-23,delivered,upi
ORD003889,CUST00488,2023-11-01,DELIVERED,Net Banking
ORD001935,CUST00600,2023-02-08,DELIVERED,Net Banking
ORD003216,CUST00108,2023-12-03,Pending,COD
ORD002598,CUST00440,2025-11-18,delivered,Debit Card
ORD001725,CUST00359,2023-07-20,delivered,COD
ORD000776,CUST00286,2025-03-07,Shipped,COD
ORD003772,CUST00367,2023-10-29,DELIVERED,Net Banking
ORD004978,CUST00404,2024-05-27,Returned,Net Banking
ORD000758,CUST00449,2023-02-10,Cancelled,upi
ORD001098,CUST00102,2023-05-09,Cancelled,Cash on Delivery
ORD001583,CUST00381,2025-04-16,Pending,COD
ORD000601,CUST00531,2023-04-29,delivered,Cash on Delivery
ORD000736,CUST00123,2025-02-04,Cancelled,COD
ORD000339,CUST00357,2024-01-25,DELIVERED,COD
ORD000023,CUST00597,2024-06-03,Cancelled,Cash on Delivery
ORD001559,CUST00578,2023-08-09,Delivered,Credit Card
ORD001168,CUST00179,2025-07-31,Delivered,Credit Card
ORD004206,CUST00452,2024-04-11,Shipped,Cash on Delivery
ORD003879,CUST00296,2023-12-14,Delivered,UPI
ORD001918,CUST00414,2024-03-31,Delivered,Cash on Delivery
ORD001879,CUST00430,2024-03-01,delivered,upi
ORD001688,CUST00308,2025-02-14,DELIVERED,Debit Card
ORD002525,CUST00338,2024-07-18,delivered,UPI
ORD003286,CUST00579,2025-04-23,Pending,Debit Card
ORD001631,CUST00523,2024-09-24,delivered,Net Banking
ORD000687,CUST00549,2025-09-19,delivered,Debit Card
ORD004278,CUST00223,2023-03-09,Pending,Debit Card
ORD003784,CUST00154,2023-05-29,Returned,Net Banking
ORD002059,CUST00484,2023-05-13,Shipped,Cash on Delivery
ORD003912,CUST00178,2025-02-09,Pending,Net Banking
ORD002715,CUST00204,2023-09-06,DELIVERED,Cash on Delivery
ORD004844,CUST00019,2023-01-22,delivered,UPI
ORD001017,CUST00217,2024-01-06,Cancelled,Cash on Delivery
ORD002726,CUST00581,2023-08-27,Delivered,Cash on Delivery
ORD004434,CUST00531,2025-12-28,Shipped,Cash on Delivery
ORD000548,CUST00497,2024-04-29,delivered,Debit Card
ORD004013,CUST00384,2023-05-14,DELIVERED,Debit Card
ORD000547,CUST00467,2023-07-23,Delivered,COD
ORD002251,CUST00134,2025-05-25,delivered,Credit Card
ORD003171,CUST00048,2025-06-20,Returned,Debit Card
ORD002111,CUST00513,2025-07-29,Cancelled,Cash on Delivery
ORD004514,CUST00160,2023-07-16,Delivered,Cash on Delivery
ORD003511,CUST00444,2025-07-21,delivered,UPI
ORD000346,CUST00495,2025-12-06,DELIVERED,Cash on Delivery
ORD001807,CUST00312,2025-12-05,DELIVERED,UPI
ORD003575,CUST00017,2024-07-14,Returned,Net Banking
ORD000375,CUST00187,2024-06-08,DELIVERED,Cash on Delivery
ORD003877,CUST00012,2025-03-01,Cancelled,upi
ORD003865,CUST00530,2024-09-23,Pending,Cash on Delivery
ORD000354,CUST00451,2024-04-09,delivered,COD
ORD003501,CUST00398,2025-08-03,Pending,Credit Card
ORD004299,CUST00064,2024-02-18,Pending,COD
ORD001261,CUST00411,2023-11-22,delivered,COD
ORD002644,CUST00209,2024-11-05,DELIVERED,upi
ORD003131,CUST00057,2025-07-10,DELIVERED,Debit Card
ORD001734,CUST00472,2023-05-03,Pending,COD
ORD001712,CUST00581,2025-05-06,Returned,UPI
ORD001961,CUST00339,2025-06-13,delivered,Net Banking
ORD004444,CUST00454,2025-02-15,Delivered,COD
ORD000904,CUST00591,2024-11-14,delivered,COD
ORD004170,CUST00009,2023-02-09,Shipped,COD
ORD003685,CUST00269,2024-08-06,DELIVERED,Net Banking
ORD002544,CUST00405,2024-10-29,DELIVERED,UPI
ORD002777,CUST00054,2025-08-10,Pending,UPI
ORD002470,CUST00115,2025-08-19,Shipped,Credit Card
ORD004142,CUST00077,2023-06-12,Shipped,Credit Card
ORD003342,CUST00343,2025-01-13,Shipped,Credit Card
ORD003742,CUST00448,2025-09-27,Shipped,Net Banking
ORD002816,CUST00253,2023-07-05,Cancelled,UPI
ORD000878,CUST00281,2025-12-19,Cancelled,Cash on Delivery
ORD001803,CUST00112,2023-03-16,DELIVERED,UPI
ORD003290,CUST00328,2023-10-12,delivered,Cash on Delivery
ORD004173,CUST00253,2024-03-07,Delivered,Credit Card
ORD002799,CUST00330,2023-02-04,Pending,COD
ORD003416,CUST00262,2023-04-13,Shipped,COD
ORD003962,CUST00248,2025-05-09,delivered,UPI
ORD000599,CUST00427,2023-10-06,Returned,Net Banking
ORD004954,CUST00257,2024-07-30,Delivered,Credit Card
ORD002968,CUST00162,2025-12-04,DELIVERED,Debit Card
ORD002308,CUST00470,2024-03-07,DELIVERED,Credit Card
ORD000427,CUST00512,2023-03-04,Returned,upi
ORD001419,CUST00456,2024-04-19,delivered,Cash on Delivery
ORD002314,CUST00505,2023-08-18,delivered,Debit Card
ORD000865,CUST00266,2025-03-12,DELIVERED,upi
ORD004388,CUST00229,2025-12-17,Pending,upi
ORD004231,CUST00498,2025-11-03,delivered,UPI
ORD004291,CUST00359,2023-02-09,Cancelled,COD
ORD002472,CUST00222,2023-02-05,Cancelled,Net Banking
ORD004972,CUST00132,2023-03-14,Shipped,Credit Card
ORD003281,CUST00414,2023-10-25,Cancelled,Debit Card
ORD001072,CUST00453,2023-10-22,Shipped,Net Banking
ORD002736,CUST00208,2024-05-25,Returned,upi
ORD002756,CUST00528,2024-03-05,Returned,Cash on Delivery
ORD001349,CUST00511,2025-10-06,Cancelled,Net Banking
ORD003030,CUST00114,2024-07-29,Returned,Debit Card
ORD002174,CUST00469,2025-04-04,delivered,Credit Card
ORD000366,CUST00060,2023-04-22,Delivered,upi
ORD004120,CUST00555,2023-04-05,DELIVERED,Cash on Delivery
ORD003180,CUST00263,2025-06-10,Shipped,Cash on Delivery
ORD002128,CUST00066,2025-12-23,Shipped,upi
ORD000239,CUST00163,2025-05-12,Delivered,Cash on Delivery
ORD004103,CUST00362,2024-11-12,Delivered,Credit Card
ORD001674,CUST00109,2023-02-05,DELIVERED,upi
ORD001844,CUST00270,2025-08-01,Returned,Net Banking
ORD004377,CUST00249,2025-04-13,Delivered,UPI
ORD000715,CUST00332,2025-05-31,Delivered,UPI
ORD000797,CUST00581,2025-11-07,Returned,Net Banking
ORD000204,CUST00599,2024-05-10,DELIVERED,COD
ORD001466,CUST00147,2024-10-29,Pending,upi
ORD001913,CUST00202,2024-10-15,Returned,COD
ORD003080,CUST00321,2024-04-08,Cancelled,Credit Card
ORD000614,CUST00265,2025-06-07,Returned,COD
ORD003407,CUST00122,2025-09-13,Cancelled,Credit Card
ORD002277,CUST00530,2023-08-11,Shipped,COD
ORD002948,CUST00180,2023-08-31,delivered,COD
ORD003227,CUST00239,2024-08-08,Delivered,Debit Card
ORD000531,CUST00395,2024-07-09,Shipped,UPI
ORD001265,CUST00159,2024-10-31,Shipped,Credit Card
ORD004062,CUST00166,2023-09-26,delivered,Net Banking
ORD002112,CUST00127,2024-06-14,Cancelled,UPI
ORD003540,CUST00558,2025-08-22,delivered,COD
ORD004722,CUST00530,2024-02-02,Shipped,Cash on Delivery
ORD000841,CUST00046,2024-07-08,delivered,Credit Card
ORD001611,CUST00372,2023-05-23,Pending,COD
ORD004619,CUST00194,2025-01-14,Pending,Debit Card
ORD004480,CUST00417,2023-10-30,Returned,COD
ORD001777,CUST00390,2023-12-01,delivered,Debit Card
ORD003359,CUST00090,2025-05-09,DELIVERED,Debit Card
ORD002989,CUST00282,2025-12-18,Returned,Debit Card
ORD001379,CUST00588,2025-06-15,Returned,upi
ORD000457,CUST00583,2024-12-31,delivered,Net Banking
ORD002526,CUST00091,2025-08-31,Delivered,Debit Card
ORD004285,CUST00244,2024-07-03,Delivered,Cash on Delivery
ORD001960,CUST00469,2024-08-07,Returned,Net Banking
ORD000872,CUST00363,2024-04-04,Returned,COD
ORD003209,CUST00182,2025-11-29,Returned,UPI
ORD002319,CUST00182,2023-07-02,Cancelled,COD
ORD004555,CUST00519,2025-10-28,Pending,COD
ORD003056,CUST00489,2024-06-13,delivered,Debit Card
ORD003619,CUST00397,2023-01-27,DELIVERED,Credit Card
ORD002177,CUST00523,2025-07-17,Cancelled,Net Banking
ORD003183,CUST00214,2025-03-18,Delivered,Net Banking
ORD000949,CUST00170,2024-10-03,Cancelled,Debit Card
ORD002414,CUST00548,2023-07-15,delivered,Credit Card
ORD000667,CUST00546,2025-01-24,DELIVERED,UPI
ORD004344,CUST00355,2024-10-16,Cancelled,Credit Card
ORD004884,CUST00060,2023-07-13,Shipped,UPI
ORD002345,CUST00244,2025-10-19,Pending,UPI
ORD000725,CUST00595,2024-01-21,Cancelled,Net Banking
ORD002986,CUST00347,2025-06-10,Delivered,Debit Card
ORD001077,CUST00585,2025-09-04,DELIVERED,Debit Card
ORD002096,CUST00112,2025-05-28,Pending,Net Banking
ORD003766,CUST00039,2024-03-03,Cancelled,upi
ORD003162,CUST00290,2023-12-31,delivered,COD
ORD000801,CUST00324,2023-01-28,Delivered,COD
ORD002907,CUST00080,2025-02-24,Delivered,Credit Card
ORD004521,CUST00487,2024-03-08,DELIVERED,Cash on Delivery
ORD004246,CUST00174,2025-07-13,Cancelled,Net Banking
ORD000971,CUST00104,2024-09-06,delivered,UPI
ORD002779,CUST00169,2024-01-17,Pending,Credit Card
ORD001722,CUST00332,2025-06-07,Returned,Credit Card
ORD002003,CUST00083,2025-10-27,Delivered,Credit Card
ORD004044,CUST00249,2023-03-03,Delivered,Credit Card
ORD002250,CUST00554,2025-03-22,Cancelled,Net Banking
ORD001404,CUST00444,2025-07-03,DELIVERED,Cash on Delivery
ORD003687,CUST00586,2025-12-14,Shipped,UPI
ORD004855,CUST00147,2024-05-27,Returned,Debit Card
ORD003542,CUST00106,2025-10-17,DELIVERED,COD
ORD000576,CUST00168,2025-03-18,Shipped,COD
ORD002949,CUST00563,2023-11-04,Shipped,COD
ORD004031,CUST00497,2024-09-16,Shipped,Credit Card
ORD000077,CUST00145,2023-05-17,delivered,COD
ORD002614,CUST00515,2025-03-30,DELIVERED,upi
ORD004111,CUST00404,2024-07-19,Returned,upi
ORD004685,CUST00527,2024-03-06,delivered,upi
ORD000295,CUST00547,2025-01-23,Shipped,Cash on Delivery
ORD003074,CUST00199,2024-02-28,Cancelled,COD
ORD001909,CUST00524,2025-04-27,Shipped,COD
ORD000044,CUST00370,2024-10-19,Cancelled,Debit Card
ORD003312,CUST00391,2023-08-24,Delivered,Net Banking
ORD002296,CUST00287,2024-01-30,Pending,UPI
ORD001424,CUST00535,2025-05-10,Returned,Cash on Delivery
ORD002289,CUST00532,2025-10-09,Cancelled,Credit Card
ORD001746,CUST00058,2024-10-04,Delivered,COD
ORD004211,CUST00187,2025-12-28,Returned,Net Banking
ORD002620,CUST00161,2025-04-06,Returned,upi
ORD001213,CUST00265,2023-03-26,delivered,Credit Card
ORD003665,CUST00119,2023-12-30,delivered,UPI
ORD000178,CUST00455,2025-05-27,delivered,upi
ORD004334,CUST00320,2024-05-23,Cancelled,Net Banking
ORD000950,CUST00050,2023-07-07,Delivered,Credit Card
ORD001989,CUST00045,2025-06-03,Delivered,Credit Card
ORD000611,CUST00404,2024-04-30,delivered,COD
ORD002166,CUST00277,2023-08-24,Returned,Cash on Delivery
ORD002764,CUST00577,2023-05-21,delivered,COD
ORD000364,CUST00183,2024-12-13,delivered,Cash on Delivery
ORD001269,CUST00021,2023-10-16,Shipped,UPI
ORD004486,CUST00522,2025-05-16,Pending,Net Banking
ORD002133,CUST00208,2025-07-02,Cancelled,Cash on Delivery
ORD003645,CUST00207,2024-12-26,Returned,Net Banking
ORD003671,CUST00455,2025-12-02,Returned,Credit Card
ORD004560,CUST00293,2025-04-03,Delivered,COD
ORD000450,CUST00207,2023-08-04,Cancelled,Credit Card
ORD004677,CUST00198,2024-01-27,Delivered,Debit Card
ORD000173,CUST00086,2025-11-10,Returned,COD
ORD003710,CUST00134,2023-03-30,DELIVERED,upi
ORD001511,CUST00235,2024-08-19,Pending,Cash on Delivery
ORD003561,CUST00227,2024-05-24,Shipped,upi
ORD003947,CUST00177,2023-01-24,DELIVERED,Debit Card
ORD002961,CUST00578,2023-07-03,Pending,Net Banking
ORD000475,CUST00106,2025-01-22,Cancelled,Debit Card
ORD003149,CUST00510,2023-11-14,Delivered,upi
ORD002811,CUST00492,2025-07-01,Delivered,Cash on Delivery
ORD003730,CUST00421,2024-07-22,Cancelled,Cash on Delivery
ORD004675,CUST00043,2025-04-13,Shipped,upi
ORD004540,CUST00215,2025-07-11,Cancelled,upi
ORD003235,CUST00472,2023-06-15,Returned,COD
ORD000978,CUST00566,2025-08-03,Returned,UPI
ORD002749,CUST00122,2024-12-16,Pending,Cash on Delivery
ORD000380,CUST00032,2024-10-06,Shipped,upi
ORD000398,CUST00600,2025-02-11,Shipped,Credit Card
ORD003644,CUST00002,2024-09-30,DELIVERED,UPI
ORD000740,CUST00044,2024-03-12,delivered,Debit Card
ORD001190,CUST00154,2023-11-27,Returned,Credit Card
ORD001972,CUST00390,2024-11-16,DELIVERED,Debit Card
ORD000108,CUST00055,2025-03-19,Delivered,COD
ORD001719,CUST00462,2023-02-20,Delivered,UPI
ORD001696,CUST00071,2023-01-23,Cancelled,Cash on Delivery
ORD000702,CUST00536,2024-05-02,Pending,UPI
ORD001827,CUST00576,2023-06-14,Shipped,Credit Card
ORD005002,CUST99001,2025-07-22,DELIVERED,Credit Card
ORD001882,CUST00560,2025-07-04,Returned,Debit Card
ORD004548,CUST00388,2024-03-09,Returned,Cash on Delivery
ORD000001,CUST00423,2025-07-20,Returned,Debit Card
ORD003958,CUST00502,2025-10-25,DELIVERED,Net Banking
ORD004461,CUST00389,2024-10-16,DELIVERED,Cash on Delivery
ORD003869,CUST00420,2024-09-24,delivered,UPI
ORD002717,CUST00068,2024-08-30,Pending,Credit Card
ORD004711,CUST00555,2023-08-26,Delivered,Net Banking
ORD002222,CUST00423,2025-02-25,Shipped,COD
ORD001703,CUST00056,2025-04-23,Returned,COD
ORD003239,CUST00413,2025-02-26,Shipped,Credit Card
ORD000808,CUST00087,2025-12-17,Shipped,Cash on Delivery
ORD003769,CUST00384,2024-03-26,delivered,upi
ORD004198,CUST00188,2023-06-01,DELIVERED,upi
ORD003005,CUST00422,2023-05-07,Shipped,UPI
ORD001241,CUST00222,2023-03-02,Delivered,COD
ORD004353,CUST00516,2025-08-10,Returned,COD
ORD001614,CUST00589,2025-07-28,DELIVERED,UPI
ORD000024,CUST00095,2024-10-09,DELIVERED,UPI
ORD001217,CUST00221,2023-10-26,Delivered,upi
ORD000359,CUST00154,2023-04-08,DELIVERED,Net Banking
ORD002750,CUST00183,2023-02-27,Returned,Cash on Delivery
ORD002292,CUST00110,2023-10-24,Returned,Debit Card
ORD000589,CUST00086,2023-11-08,Pending,Cash on Delivery
ORD003392,CUST00522,2023-05-02,Pending,Debit Card
ORD002619,CUST00426,2025-06-26,delivered,Cash on Delivery
ORD002125,CUST00430,2023-03-12,Delivered,upi
ORD004083,CUST00539,2024-12-11,delivered,Credit Card
ORD000333,CUST00221,2025-02-02,Shipped,Net Banking
ORD001624,CUST00326,2024-01-09,Cancelled,UPI
ORD000348,CUST00102,2024-06-01,delivered,Debit Card
ORD001937,CUST00582,2024-09-20,Returned,Credit Card
ORD003201,CUST00582,2024-06-17,Returned,Debit Card
ORD004135,CUST00044,2023-05-25,Pending,UPI
ORD004069,CUST00263,2023-11-13,delivered,Net Banking
ORD001324,CUST00530,2025-07-23,Cancelled,Credit Card
ORD000370,CUST00527,2024-04-22,DELIVERED,Cash on Delivery
ORD001804,CUST00099,2023-06-13,Cancelled,Cash on Delivery
ORD004547,CUST00477,2024-10-02,Cancelled,Credit Card
ORD001558,CUST00313,2023-06-09,Pending,Cash on Delivery
ORD004034,CUST00410,2025-02-25,Returned,Cash on Delivery
ORD003483,CUST00004,2024-01-25,Returned,UPI
ORD004061,CUST00429,2023-11-21,Delivered,Net Banking
ORD004687,CUST00453,2024-11-12,Returned,Debit Card
ORD002075,CUST00055,2023-10-14,delivered,Net Banking
ORD004562,CUST00359,2024-11-26,Shipped,Net Banking
ORD004799,CUST00229,2024-06-29,delivered,Credit Card
ORD003350,CUST00170,2024-11-08,Cancelled,Cash on Delivery
ORD001662,CUST00090,2025-11-05,Delivered,Debit Card
ORD001445,CUST00116,2024-09-16,Cancelled,UPI
ORD004085,CUST00100,2025-05-26,delivered,Net Banking
ORD002430,CUST00116,2024-03-06,Pending,upi
ORD000036,CUST00387,2024-09-12,Cancelled,UPI
ORD001436,CUST00332,2024-08-02,Delivered,Debit Card
ORD002359,CUST00115,2023-09-12,Pending,Credit Card
ORD002541,CUST00281,2023-05-10,Returned,Credit Card
ORD000652,CUST00178,2024-02-21,delivered,Net Banking
ORD000692,CUST00394,2024-11-12,delivered,Debit Card
ORD001605,CUST00325,2024-03-21,Delivered,Credit Card
ORD004980,CUST00502,2023-02-04,Shipped,Credit Card
ORD003678,CUST00024,2024-02-18,delivered,Net Banking
ORD001307,CUST00452,2023-05-21,DELIVERED,upi
ORD000888,CUST00256,2024-07-04,Delivered,UPI
ORD003502,CUST00479,2025-07-06,Shipped,COD
ORD001485,CUST00251,2023-03-05,Delivered,UPI
ORD000690,CUST00300,2024-04-12,Delivered,Cash on Delivery
ORD002312,CUST00077,2024-10-08,DELIVERED,upi
ORD004109,CUST00224,2024-01-13,Shipped,Credit Card
ORD001630,CUST00534,2025-12-27,delivered,UPI
ORD002388,CUST00067,2024-02-10,Returned,Credit Card
ORD003116,CUST00502,2025-06-24,Returned,UPI
ORD002943,CUST00422,2023-12-04,Cancelled,Net Banking
ORD003195,CUST00053,2023-11-22,Pending,upi
ORD002735,CUST00015,2024-03-04,Cancelled,upi
ORD001958,CUST00588,2024-03-08,DELIVERED,Cash on Delivery
ORD003368,CUST00581,2023-09-30,delivered,UPI
ORD001314,CUST00290,2023-06-30,Pending,Debit Card
ORD003431,CUST00181,2025-12-19,Pending,Net Banking
ORD000787,CUST00582,2024-01-22,Pending,COD
ORD004652,CUST00124,2024-11-22,Delivered,UPI
ORD004950,CUST00506,2024-02-10,delivered,Debit Card
ORD003598,CUST00563,2023-01-05,delivered,Credit Card
ORD002093,CUST00097,2024-08-11,DELIVERED,Net Banking
ORD001127,CUST00271,2023-09-24,Delivered,upi
ORD002348,CUST00545,2024-06-03,Cancelled,upi
ORD001188,CUST00431,2024-05-17,Shipped,UPI
ORD002988,CUST00129,2023-02-25,delivered,upi
ORD001394,CUST00272,2025-07-28,Shipped,COD
ORD002276,CUST00305,2023-12-03,Delivered,Cash on Delivery
ORD002419,CUST00530,2025-08-04,delivered,upi
ORD003316,CUST00282,2025-01-25,Delivered,UPI
ORD000391,CUST00044,2025-08-08,Delivered,upi
ORD001452,CUST00411,2023-06-18,Returned,upi
ORD001762,CUST00293,2024-11-08,Pending,COD
ORD004196,CUST00320,2025-01-29,Shipped,COD
ORD000961,CUST00170,2024-08-02,Pending,Credit Card
ORD004481,CUST00387,2023-11-11,Cancelled,Net Banking
ORD002794,CUST00036,2025-07-27,Shipped,upi
ORD003458,CUST00209,2024-12-19,Pending,Cash on Delivery
ORD002615,CUST00218,2023-02-03,Returned,Net Banking
ORD004132,CUST00272,2023-10-27,Delivered,Net Banking
ORD004264,CUST00171,2024-12-02,Cancelled,Net Banking
ORD002018,CUST00459,2023-03-31,Shipped,Credit Card
ORD001979,CUST00035,2023-05-14,Pending,UPI
ORD001240,CUST00400,2025-09-22,Pending,UPI
ORD000031,CUST00274,2024-11-23,DELIVERED,Net Banking
ORD002325,CUST00435,2024-12-16,Delivered,upi
ORD003403,CUST00141,2024-11-04,DELIVERED,Net Banking
ORD001317,CUST00236,2023-10-22,DELIVERED,COD
ORD001042,CUST00199,2023-08-17,Returned,Debit Card
ORD000968,CUST00021,2025-06-28,DELIVERED,Net Banking
ORD002056,CUST00573,2025-06-01,DELIVERED,Net Banking
ORD002641,CUST00499,2024-12-10,Delivered,UPI
ORD002592,CUST00343,2025-05-14,Pending,Cash on Delivery
ORD000538,CUST00033,2024-02-26,delivered,upi
ORD002766,CUST00116,2024-08-17,Shipped,Debit Card
ORD001534,CUST00184,2024-05-18,Cancelled,Credit Card
ORD003425,CUST00095,2025-01-20,Cancelled,Debit Card
ORD001910,CUST00459,2023-05-30,Shipped,Net Banking
ORD001069,CUST00510,2024-01-09,Cancelled,Cash on Delivery
ORD004057,CUST00064,2024-10-19,Returned,upi
ORD004073,CUST00201,2024-06-27,Returned,COD
ORD002760,CUST00413,2024-06-25,DELIVERED,Cash on Delivery
ORD002579,CUST00122,2024-03-01,Delivered,UPI
ORD002120,CUST00568,2025-03-10,DELIVERED,Net Banking
ORD002851,CUST00096,2025-05-24,Pending,upi
ORD000974,CUST00507,2025-11-25,Cancelled,upi
ORD004584,CUST00574,2025-08-22,Cancelled,Credit Card
ORD002858,CUST00331,2025-05-21,Returned,Net Banking
ORD002868,CUST00039,2025-03-01,Cancelled,upi
ORD003132,CUST00561,2024-12-21,Delivered,upi
ORD003636,CUST00243,2025-11-06,DELIVERED,Net Banking
ORD003817,CUST00427,2024-08-23,Shipped,upi
ORD000386,CUST00319,2024-10-08,delivered,Cash on Delivery
ORD004578,CUST00317,2024-12-19,DELIVERED,Net Banking
ORD003610,CUST00401,2024-12-13,Pending,Debit Card
ORD004660,CUST00499,2025-02-20,Returned,Credit Card
ORD003129,CUST00022,2023-11-16,Shipped,Cash on Delivery
ORD004881,CUST00449,2024-04-24,Shipped,UPI
ORD001450,CUST00277,2024-09-06,Cancelled,Debit Card
ORD004499,CUST00390,2024-12-17,Cancelled,Debit Card
ORD003994,CUST00343,2023-05-04,delivered,upi
ORD002304,CUST00115,2025-08-10,delivered,Credit Card
ORD000783,CUST00085,2025-02-08,Pending,upi
ORD004566,CUST00371,2024-08-17,DELIVERED,upi
ORD004526,CUST00188,2023-10-11,Shipped,upi
ORD004273,CUST00443,2023-09-03,Pending,COD
ORD004852,CUST00048,2025-08-30,delivered,UPI
ORD002385,CUST00418,2024-08-19,delivered,Credit Card
ORD004727,CUST00241,2025-09-15,Delivered,Net Banking
ORD002696,CUST00269,2023-07-16,DELIVERED,Debit Card
ORD000109,CUST00510,2023-03-07,Shipped,Net Banking
ORD002662,CUST00329,2024-06-25,Shipped,UPI
ORD003493,CUST00160,2024-02-29,Pending,COD
ORD002809,CUST00265,2025-11-24,Pending,Debit Card
ORD004853,CUST00287,2023-05-15,Returned,upi
ORD002482,CUST00133,2024-01-11,DELIVERED,Credit Card
ORD002706,CUST00317,2025-11-22,Shipped,upi
ORD000422,CUST00445,2023-12-03,Pending,COD
ORD004866,CUST00259,2025-06-06,Shipped,Cash on Delivery
ORD001032,CUST00059,2024-12-06,Pending,Debit Card
ORD001633,CUST00419,2023-02-06,Pending,Cash on Delivery
ORD002084,CUST00578,2023-04-21,delivered,COD
ORD000620,CUST00132,2024-06-25,DELIVERED,upi
ORD004596,CUST00542,2025-12-29,Shipped,Cash on Delivery
ORD001940,CUST00218,2023-08-16,delivered,UPI
ORD001123,CUST00292,2024-08-30,Returned,Credit Card
ORD001735,CUST00593,2023-07-22,Returned,upi
ORD000525,CUST00579,2025-06-21,Returned,Net Banking
ORD001642,CUST00288,2024-01-07,Shipped,Net Banking
ORD000951,CUST00415,2025-07-16,Pending,Credit Card
ORD001526,CUST00481,2023-07-27,Returned,Net Banking
ORD001973,CUST00040,2023-09-28,Cancelled,UPI
ORD004238,CUST00138,2025-11-30,Delivered,Cash on Delivery
ORD000939,CUST00369,2023-03-11,Returned,Cash on Delivery
ORD000312,CUST00181,2024-02-01,delivered,Net Banking
ORD003206,CUST00300,2025-12-24,Returned,Cash on Delivery
ORD001621,CUST00056,2025-04-21,Delivered,UPI
ORD000741,CUST00215,2024-03-15,Cancelled,Net Banking
ORD000543,CUST00541,2023-12-05,Shipped,Net Banking
ORD004365,CUST00584,2023-03-26,Delivered,COD
ORD004333,CUST00084,2025-05-31,Cancelled,upi
ORD001836,CUST00010,2024-12-04,Cancelled,Debit Card
ORD004356,CUST00012,2024-05-03,Returned,Cash on Delivery
ORD003521,CUST00569,2023-09-12,Cancelled,UPI
ORD004910,CUST00473,2024-10-24,Cancelled,Credit Card
ORD000747,CUST00277,2024-02-09,Shipped,upi
ORD001573,CUST00306,2023-01-04,DELIVERED,Credit Card
ORD002741,CUST00141,2025-05-20,Pending,Cash on Delivery
ORD000269,CUST00116,2024-10-21,Pending,UPI
ORD002322,CUST00251,2023-05-15,Shipped,Debit Card
ORD001139,CUST00065,2025-07-01,Shipped,Net Banking
ORD001523,CUST00336,2025-04-10,Delivered,UPI
ORD004064,CUST00539,2023-07-16,Shipped,Net Banking
ORD003278,CUST00539,2024-01-26,delivered,Debit Card
ORD003294,CUST00072,2024-01-28,Delivered,COD
ORD003709,CUST00181,2024-11-12,DELIVERED,Net Banking
ORD000812,CUST00398,2023-08-19,Returned,COD
ORD002878,CUST00003,2025-08-23,delivered,Debit Card
ORD002838,CUST00392,2023-07-06,DELIVERED,Debit Card
ORD000995,CUST00264,2023-10-29,delivered,upi
ORD003917,CUST00310,2023-03-16,Shipped,Cash on Delivery
ORD002321,CUST00398,2023-05-17,Delivered,UPI
ORD003729,CUST00272,2023-12-20,Cancelled,Debit Card
ORD002612,CUST00399,2025-10-07,Cancelled,UPI
ORD002966,CUST00395,2024-08-14,Returned,COD
ORD004257,CUST00357,2025-03-07,Pending,Net Banking
ORD004506,CUST00077,2023-08-03,Returned,Debit Card
ORD001820,CUST00157,2025-12-15,Delivered,UPI
ORD002489,CUST00423,2023-02-06,Returned,COD
ORD000663,CUST00176,2024-10-17,delivered,UPI
ORD004025,CUST00013,2024-12-10,Returned,Net Banking
ORD001107,CUST00379,2024-09-22,DELIVERED,Net Banking
ORD001104,CUST00240,2023-10-24,delivered,Net Banking
ORD000518,CUST00049,2025-06-28,Cancelled,COD
ORD002571,CUST00312,2024-09-19,Delivered,COD
ORD000945,CUST00104,2023-08-28,Cancelled,COD
ORD004305,CUST00539,2023-05-19,Cancelled,UPI
ORD004417,CUST00486,2025-03-10,Delivered,upi
ORD000110,CUST00392,2024-09-06,delivered,UPI
ORD002202,CUST00069,2023-12-23,Cancelled,Cash on Delivery
ORD003735,CUST00075,2024-12-15,Pending,Debit Card
ORD000542,CUST00553,2024-10-02,Cancelled,Credit Card
ORD002780,CUST00484,2023-02-10,Returned,Credit Card
ORD002861,CUST00295,2023-03-06,Shipped,UPI
ORD003068,CUST00090,2025-07-25,delivered,Debit Card
ORD003997,CUST00154,2023-09-18,Pending,Credit Card
ORD002418,CUST00306,2024-05-22,Cancelled,UPI
ORD004284,CUST00526,2025-05-17,Shipped,Debit Card
ORD003310,CUST00184,2025-08-18,Pending,Net Banking
ORD001006,CUST00276,2024-12-25,Returned,Debit Card
ORD000794,CUST00090,2023-10-06,DELIVERED,Credit Card
ORD003860,CUST00513,2025-10-18,Pending,Cash on Delivery
ORD003666,CUST00424,2023-11-01,DELIVERED,Credit Card
ORD003364,CUST00555,2023-07-29,Shipped,UPI
ORD001659,CUST00148,2023-08-29,DELIVERED,UPI
ORD004426,CUST00264,2023-06-16,Delivered,upi
ORD004582,CUST00154,2023-03-25,delivered,upi
ORD001346,CUST00308,2024-08-07,Returned,upi
ORD004777,CUST00062,2024-02-08,Cancelled,Cash on Delivery
ORD001383,CUST00391,2023-02-27,Shipped,Credit Card
ORD000927,CUST00418,2025-04-20,Delivered,upi
ORD000465,CUST00334,2024-03-31,Returned,upi
ORD004165,CUST00170,2024-03-03,Shipped,COD
ORD001410,CUST00077,2025-01-10,Pending,Credit Card
ORD001358,CUST00235,2023-12-16,Delivered,Net Banking
ORD003071,CUST00211,2023-04-02,Returned,Credit Card
ORD000631,CUST00076,2025-12-17,Returned,Net Banking
ORD004644,CUST00414,2023-10-17,Delivered,Credit Card
ORD000276,CUST00096,2024-03-10,Returned,Net Banking
ORD001465,CUST00391,2023-03-22,delivered,Cash on Delivery
ORD001003,CUST00566,2024-10-25,delivered,upi
ORD000688,CUST00082,2025-04-10,DELIVERED,Credit Card
ORD000027,CUST00354,2023-03-26,Cancelled,Net Banking
ORD003867,CUST00095,2025-10-23,Cancelled,UPI
ORD004188,CUST00375,2024-01-18,Cancelled,COD
ORD002881,CUST00140,2024-09-27,delivered,UPI
ORD003652,CUST00550,2024-01-03,Pending,UPI
ORD001428,CUST00192,2025-08-15,Shipped,Cash on Delivery
ORD000643,CUST00010,2025-01-08,Returned,Credit Card
ORD000711,CUST00456,2023-05-19,Returned,Credit Card
ORD004796,CUST00255,2025-09-01,delivered,UPI
ORD003584,CUST00290,2025-02-04,Pending,Credit Card
ORD002221,CUST00519,2024-03-08,Returned,Debit Card
ORD004991,CUST00332,2024-01-01,Delivered,Credit Card
ORD003554,CUST00447,2025-04-14,DELIVERED,COD
ORD002341,CUST00336,2024-02-06,Shipped,COD
ORD004293,CUST00133,2023-01-19,Shipped,Net Banking
ORD004927,CUST00066,2023-12-06,Pending,upi
ORD001522,CUST00092,2025-09-24,Shipped,Cash on Delivery
ORD000319,CUST00314,2024-06-30,Shipped,upi
ORD002732,CUST00063,2024-01-10,DELIVERED,Cash on Delivery
ORD004151,CUST00033,2025-03-20,Delivered,Credit Card
ORD003722,CUST00059,2023-03-10,Pending,UPI
ORD003311,CUST00223,2025-05-08,Cancelled,Cash on Delivery
ORD004831,CUST00110,2025-11-07,DELIVERED,upi
ORD002670,CUST00356,2023-11-01,Shipped,Credit Card
ORD002235,CUST00328,2023-08-22,Delivered,Debit Card
ORD000183,CUST00324,2023-09-15,Pending,Net Banking
ORD000695,CUST00139,2024-05-31,delivered,COD
ORD003890,CUST00542,2025-09-24,Returned,upi
ORD004492,CUST00334,2025-12-12,Pending,Credit Card
ORD004883,CUST00531,2025-09-16,Cancelled,Credit Card
ORD003883,CUST00008,2025-11-04,Shipped,Cash on Delivery
ORD003212,CUST00020,2023-05-09,Shipped,upi
ORD000012,CUST00389,2025-05-10,Pending,Net Banking
ORD003477,CUST00041,2023-04-13,Delivered,UPI
ORD001782,CUST00463,2024-08-21,Cancelled,Net Banking
ORD002982,CUST00444,2024-02-13,Returned,COD
ORD003866,CUST00102,2025-04-25,delivered,Credit Card
ORD000003,CUST00134,2024-10-02,DELIVERED,upi
ORD004241,CUST00360,2023-08-19,Shipped,COD
ORD004573,CUST00520,2023-01-16,Pending,UPI
ORD004622,CUST00435,2023-12-16,Delivered,UPI
ORD001085,CUST00413,2025-09-18,DELIVERED,Net Banking
ORD004761,CUST00245,2023-07-04,Cancelled,Credit Card
ORD003800,CUST00270,2025-01-11,Cancelled,Cash on Delivery
ORD001458,CUST00440,2025-01-14,delivered,Debit Card
ORD001245,CUST00287,2025-12-17,Delivered,upi
ORD004598,CUST00421,2024-07-03,delivered,upi
ORD000681,CUST00348,2024-10-20,Returned,upi
ORD003840,CUST00573,2025-08-27,delivered,COD
ORD004371,CUST00600,2024-04-27,Returned,Credit Card
ORD001357,CUST00467,2023-05-09,Delivered,COD
ORD002733,CUST00253,2025-12-25,Returned,COD
ORD001854,CUST00429,2023-01-05,Delivered,Credit Card
ORD002902,CUST00123,2023-10-21,DELIVERED,Credit Card
ORD001764,CUST00088,2024-09-02,Delivered,Net Banking
ORD002506,CUST00340,2023-09-03,Pending,upi
ORD003708,CUST00517,2025-12-04,Shipped,COD
ORD003842,CUST00313,2025-05-08,delivered,Net Banking
ORD004095,CUST00302,2024-04-23,Cancelled,COD
ORD003674,CUST00599,2023-09-30,delivered,Cash on Delivery
ORD000196,CUST00157,2023-02-26,Returned,COD
ORD001426,CUST00487,2025-01-15,Returned,Net Banking
ORD003402,CUST00188,2025-06-28,Delivered,COD
ORD001588,CUST00579,2023-01-05,Shipped,Cash on Delivery
ORD000483,CUST00301,2024-06-18,Shipped,Debit Card
ORD000656,CUST00582,2024-11-07,Returned,Debit Card
ORD000357,CUST00558,2023-08-06,Delivered,Credit Card
ORD002216,CUST00447,2024-05-17,Returned,Net Banking
ORD004609,CUST00042,2025-10-12,Cancelled,Net Banking
ORD002021,CUST00329,2024-01-24,DELIVERED,UPI
ORD000648,CUST00511,2024-12-05,delivered,Cash on Delivery
ORD001893,CUST00149,2023-03-24,Returned,Debit Card
ORD000522,CUST00429,2024-10-10,Shipped,COD
ORD004527,CUST00337,2024-12-04,Shipped,UPI
ORD004512,CUST00054,2024-08-02,Returned,Cash on Delivery
ORD004312,CUST00302,2025-03-04,Delivered,COD
ORD002339,CUST00123,2025-05-06,DELIVERED,upi
ORD004847,CUST00091,2023-12-23,Pending,Cash on Delivery
ORD003029,CUST00228,2024-12-01,Cancelled,upi
ORD000641,CUST00020,2025-06-17,Delivered,Net Banking
ORD003756,CUST00382,2024-03-27,DELIVERED,Cash on Delivery
ORD004470,CUST00523,2023-01-31,delivered,UPI
ORD003065,CUST00277,2023-01-31,Cancelled,Net Banking
ORD002386,CUST00438,2023-08-23,Cancelled,Debit Card
ORD003401,CUST00161,2024-03-18,Cancelled,UPI
ORD004946,CUST00523,2023-10-23,Cancelled,Net Banking
ORD003143,CUST00442,2024-08-15,delivered,Net Banking
ORD002212,CUST00306,2023-04-25,Pending,upi
ORD000022,CUST00071,2024-08-15,Delivered,Cash on Delivery
ORD003234,CUST00351,2025-12-13,Cancelled,upi
ORD000990,CUST00053,2023-12-10,Shipped,COD
ORD001775,CUST00344,2023-10-07,DELIVERED,Debit Card
ORD001817,CUST00262,2023-12-17,Delivered,Debit Card
ORD003372,CUST00543,2025-11-18,DELIVERED,COD
ORD003596,CUST00464,2023-04-23,delivered,COD
ORD003144,CUST00263,2023-06-01,Delivered,Debit Card
ORD004935,CUST00139,2024-07-29,Cancelled,COD
ORD000464,CUST00509,2023-11-14,Pending,upi
ORD004724,CUST00315,2025-10-13,Pending,upi
ORD004325,CUST00551,2023-08-14,Delivered,Debit Card
ORD001146,CUST00402,2025-12-23,DELIVERED,upi
ORD003558,CUST00550,2024-10-02,Delivered,Net Banking
ORD000752,CUST00271,2023-11-13,DELIVERED,Debit Card
ORD003016,CUST00483,2023-10-20,Shipped,Cash on Delivery
ORD002393,CUST00165,2025-06-11,Pending,COD
ORD000757,CUST00003,2025-02-12,delivered,UPI
ORD004396,CUST00359,2024-01-31,Cancelled,upi
ORD004627,CUST00111,2024-05-01,Cancelled,Credit Card
ORD001193,CUST00121,2024-04-13,DELIVERED,Net Banking
ORD000135,CUST00557,2025-04-24,DELIVERED,UPI
ORD004699,CUST00030,2024-12-30,Cancelled,COD
ORD003863,CUST00170,2025-12-15,Pending,Net Banking
ORD003754,CUST00169,2024-08-29,Cancelled,upi
ORD003243,CUST00516,2024-02-13,Returned,UPI
ORD000795,CUST00274,2023-03-12,Delivered,COD
ORD001639,CUST00183,2024-06-14,Returned,Cash on Delivery
ORD002987,CUST00031,2023-11-07,Returned,COD
ORD000885,CUST00265,2025-07-09,Cancelled,Credit Card
ORD000080,CUST00038,2024-10-24,Cancelled,Net Banking
ORD001903,CUST00046,2024-04-14,Pending,Debit Card
ORD004366,CUST00540,2025-07-26,Pending,Debit Card
ORD000293,CUST00174,2023-08-23,delivered,COD
ORD004534,CUST00398,2023-06-19,DELIVERED,upi
ORD003833,CUST00585,2023-06-09,delivered,Debit Card
ORD003913,CUST00041,2024-08-07,Delivered,Credit Card
ORD004280,CUST00193,2025-06-21,Returned,UPI
ORD000318,CUST00181,2025-03-26,Delivered,upi
ORD002030,CUST00049,2024-07-24,DELIVERED,Net Banking
ORD001101,CUST00151,2023-04-21,Cancelled,UPI
ORD003806,CUST00504,2023-04-30,Delivered,Debit Card
ORD000756,CUST00356,2023-10-08,Returned,UPI
ORD001091,CUST00269,2024-11-21,Pending,Debit Card
ORD003189,CUST00196,2025-12-04,DELIVERED,UPI
ORD000057,CUST00032,2025-12-15,delivered,upi
ORD002252,CUST00032,2024-03-26,Pending,upi
ORD004734,CUST00404,2024-03-13,Returned,Credit Card
ORD001693,CUST00290,2024-10-14,delivered,Net Banking
ORD002437,CUST00429,2025-08-04,DELIVERED,COD
ORD003853,CUST00334,2025-05-16,Returned,Credit Card
ORD000767,CUST00341,2023-04-20,Pending,Net Banking
ORD000734,CUST00185,2023-07-25,Pending,UPI
ORD002395,CUST00243,2024-10-18,DELIVERED,UPI
ORD000850,CUST00559,2023-06-14,DELIVERED,Net Banking
ORD000033,CUST00218,2024-03-26,DELIVERED,COD
ORD004928,CUST00599,2025-09-25,DELIVERED,Net Banking
ORD003829,CUST00147,2024-04-08,Shipped,COD
ORD004437,CUST00407,2023-12-28,Delivered,Cash on Delivery
ORD003087,CUST00515,2024-03-18,Shipped,Net Banking
ORD001536,CUST00323,2023-08-30,Returned,Credit Card
ORD002847,CUST00379,2023-03-06,Cancelled,UPI
ORD004544,CUST00054,2023-12-19,DELIVERED,upi
ORD002267,CUST00286,2025-08-28,DELIVERED,COD
ORD004667,CUST00418,2024-01-03,Returned,Net Banking
ORD002650,CUST00277,2023-03-02,Delivered,Net Banking
ORD002263,CUST00461,2025-09-15,Pending,Credit Card
ORD001099,CUST00505,2025-03-07,Pending,upi
ORD003166,CUST00125,2024-03-21,Cancelled,UPI
ORD004708,CUST00574,2025-05-15,Cancelled,Cash on Delivery
ORD001524,CUST00402,2025-09-09,Pending,Debit Card
ORD002225,CUST00346,2023-12-15,Pending,UPI
ORD000646,CUST00522,2025-10-27,Pending,Debit Card
ORD003138,CUST00580,2025-02-02,Returned,Net Banking
ORD000235,CUST00466,2024-06-15,Pending,upi
ORD000674,CUST00320,2024-01-05,Pending,UPI
ORD001733,CUST00038,2023-02-13,Pending,upi
ORD000437,CUST00398,2023-08-04,DELIVERED,upi
ORD004608,CUST00582,2025-08-31,Pending,UPI
ORD003427,CUST00537,2023-03-21,Pending,Debit Card
ORD001745,CUST00560,2023-06-06,Returned,Cash on Delivery
ORD002008,CUST00318,2025-02-27,Shipped,upi
ORD004953,CUST00443,2023-04-23,Shipped,Net Banking
ORD003109,CUST00189,2023-12-28,Shipped,Cash on Delivery
ORD000308,CUST00270,2025-11-26,Delivered,UPI
ORD003454,CUST00035,2023-09-21,Returned,Cash on Delivery
ORD000424,CUST00386,2024-01-19,Shipped,Debit Card
ORD001975,CUST00292,2025-05-14,Shipped,Credit Card
ORD002660,CUST00265,2024-08-08,DELIVERED,Net Banking
ORD000719,CUST00304,2024-03-23,delivered,COD
ORD000722,CUST00432,2025-11-17,Shipped,COD
ORD000245,CUST00175,2023-08-16,delivered,Credit Card
ORD004097,CUST00398,2025-02-05,Shipped,Credit Card
ORD000845,CUST00252,2024-02-05,Cancelled,Cash on Delivery
ORD001866,CUST00371,2025-03-26,Pending,Credit Card
ORD000534,CUST00270,2025-09-19,Delivered,Net Banking
ORD001649,CUST00476,2023-05-19,Delivered,Credit Card
ORD000861,CUST00462,2024-07-14,delivered,upi
ORD001954,CUST00123,2023-11-24,Cancelled,upi
ORD004129,CUST00162,2024-06-24,delivered,UPI
ORD000603,CUST00259,2024-04-01,delivered,COD
ORD003437,CUST00218,2023-08-28,Returned,COD
ORD002159,CUST00241,2025-11-10,DELIVERED,UPI
ORD000989,CUST00035,2023-05-20,DELIVERED,Net Banking
ORD000114,CUST00535,2024-12-17,Shipped,COD
ORD002903,CUST00507,2023-03-09,Pending,UPI
ORD004787,CUST00038,2024-11-13,Pending,UPI
ORD004357,CUST00211,2025-01-31,DELIVERED,COD
ORD000651,CUST00477,2025-10-23,DELIVERED,upi
ORD004599,CUST00037,2025-11-13,Cancelled,upi
ORD003167,CUST00286,2024-12-09,DELIVERED,COD
ORD003609,CUST00522,2024-12-21,Shipped,UPI
ORD002048,CUST00536,2023-02-18,Pending,Cash on Delivery
ORD001898,CUST00085,2023-05-14,delivered,Debit Card
ORD002439,CUST00449,2025-04-21,Returned,COD
ORD002573,CUST00510,2024-03-01,Delivered,Cash on Delivery
ORD004345,CUST00121,2025-10-03,Shipped,UPI
ORD000237,CUST00458,2025-06-10,DELIVERED,COD
ORD003738,CUST00503,2024-02-21,DELIVERED,UPI
ORD003146,CUST00172,2023-04-29,Cancelled,COD
ORD004153,CUST00227,2023-02-05,DELIVERED,Net Banking
ORD000786,CUST00582,2023-08-19,Shipped,upi
ORD001288,CUST00528,2024-07-26,Returned,Net Banking
ORD004754,CUST00444,2025-02-28,Delivered,Cash on Delivery
ORD001055,CUST00477,2024-01-07,Returned,upi
ORD002918,CUST00288,2025-05-30,Delivered,Cash on Delivery
ORD001841,CUST00181,2023-03-18,delivered,COD
ORD002442,CUST00399,2024-12-18,DELIVERED,upi
ORD003335,CUST00017,2023-02-07,delivered,Net Banking
ORD004968,CUST00242,2024-03-20,Delivered,COD
ORD001713,CUST00521,2024-12-30,Delivered,Debit Card
ORD002367,CUST00340,2023-05-05,Shipped,Credit Card
ORD000820,CUST00531,2025-07-14,delivered,Net Banking
ORD001943,CUST00250,2023-11-08,Returned,COD
ORD000594,CUST00537,2025-01-22,Pending,Debit Card
ORD002474,CUST00035,2025-11-29,Delivered,Debit Card
ORD002150,CUST00356,2024-10-24,delivered,COD
ORD004488,CUST00553,2025-08-12,Delivered,Debit Card
ORD004004,CUST00589,2024-05-18,Delivered,Net Banking
ORD000025,CUST00106,2025-10-11,DELIVERED,Net Banking
ORD002711,CUST00487,2024-04-11,Delivered,UPI
ORD003773,CUST00388,2025-07-01,Cancelled,upi
ORD001518,CUST00264,2023-07-05,Shipped,Credit Card
ORD001371,CUST00525,2023-07-11,Delivered,Credit Card
ORD000236,CUST00547,2023-09-26,delivered,upi
ORD000723,CUST00339,2024-09-26,DELIVERED,Credit Card
ORD004400,CUST00219,2024-11-26,Cancelled,Cash on Delivery
ORD002423,CUST00373,2024-02-04,delivered,upi
ORD004697,CUST00045,2025-11-28,Delivered,upi
ORD003240,CUST00171,2023-02-07,Shipped,UPI
ORD002118,CUST00316,2023-02-22,DELIVERED,COD
ORD003906,CUST00280,2024-12-26,Pending,UPI
ORD000124,CUST00298,2025-09-11,Cancelled,UPI
ORD004286,CUST00062,2025-06-21,DELIVERED,Cash on Delivery
ORD000214,CUST00230,2024-08-18,Delivered,UPI
ORD004580,CUST00107,2023-08-10,Cancelled,Cash on Delivery
ORD001947,CUST00022,2024-12-21,Returned,Cash on Delivery
ORD004416,CUST00536,2023-01-19,Delivered,Cash on Delivery
ORD001767,CUST00591,2025-07-15,delivered,Debit Card
ORD003899,CUST00600,2024-08-20,Delivered,Credit Card
ORD003334,CUST00514,2023-12-25,Returned,Net Banking
ORD000514,CUST00140,2024-10-05,Shipped,Net Banking
ORD002473,CUST00498,2023-09-16,Pending,upi
ORD002581,CUST00114,2025-07-10,Returned,UPI
ORD000567,CUST00360,2025-06-17,DELIVERED,UPI
ORD001711,CUST00584,2024-10-15,Shipped,Credit Card
ORD001950,CUST00321,2025-06-20,Cancelled,UPI
ORD004944,CUST00524,2024-06-01,DELIVERED,COD
ORD004719,CUST00407,2023-09-17,Returned,Credit Card
ORD003336,CUST00126,2025-09-29,delivered,UPI
ORD001386,CUST00538,2023-07-19,delivered,Net Banking
ORD000846,CUST00367,2023-03-14,DELIVERED,Net Banking
ORD000277,CUST00335,2025-03-24,Pending,UPI
ORD001959,CUST00053,2024-09-03,Delivered,Cash on Delivery
ORD000590,CUST00379,2023-07-10,Shipped,Cash on Delivery
ORD000848,CUST00511,2025-07-27,delivered,UPI
ORD001546,CUST00491,2025-07-26,Delivered,COD
ORD001825,CUST00205,2024-05-01,DELIVERED,Debit Card
ORD000043,CUST00093,2023-05-20,Delivered,upi
ORD000558,CUST00241,2025-07-10,Delivered,COD
ORD001027,CUST00084,2024-09-15,Delivered,Net Banking
ORD001756,CUST00248,2023-08-25,Shipped,Cash on Delivery
ORD001707,CUST00486,2023-05-20,delivered,UPI
ORD003637,CUST00005,2025-05-26,Cancelled,UPI
ORD000188,CUST00049,2023-12-02,Pending,Debit Card
ORD004485,CUST00329,2025-03-31,Shipped,Net Banking
ORD003313,CUST00283,2024-05-07,DELIVERED,Credit Card
ORD002274,CUST00361,2025-08-14,delivered,COD
ORD004006,CUST00429,2024-02-11,Shipped,UPI
ORD001847,CUST00585,2023-02-25,Pending,Debit Card
ORD000605,CUST00315,2025-04-19,Pending,UPI
ORD001650,CUST00062,2024-02-05,Returned,Debit Card
ORD002906,CUST00597,2024-08-30,Returned,Credit Card
ORD001616,CUST00537,2024-08-14,Shipped,UPI
ORD002602,CUST00220,2025-03-31,Delivered,Net Banking
ORD004355,CUST00176,2024-02-12,Shipped,UPI
ORD000708,CUST00462,2024-07-25,Shipped,COD
ORD002305,CUST00013,2023-07-24,Delivered,COD
ORD000664,CUST00259,2023-09-05,Cancelled,Credit Card
ORD000205,CUST00143,2024-02-28,Shipped,Credit Card
ORD004878,CUST00355,2025-09-07,delivered,Net Banking
ORD003515,CUST00449,2023-10-03,Pending,upi
ORD001881,CUST00297,2025-11-20,Cancelled,Debit Card
ORD001329,CUST00407,2023-04-02,DELIVERED,Debit Card
ORD003172,CUST00178,2024-06-23,DELIVERED,Debit Card
ORD003529,CUST00204,2025-11-03,Pending,Debit Card
ORD000299,CUST00197,2025-10-23,Returned,upi
ORD001215,CUST00322,2024-05-14,Shipped,COD
ORD001812,CUST00316,2024-05-11,DELIVERED,Credit Card
ORD003563,CUST00317,2024-07-17,Delivered,UPI
ORD003182,CUST00068,2023-06-23,Pending,Net Banking
ORD002802,CUST00533,2023-04-12,delivered,Debit Card
ORD004650,CUST00458,2024-02-02,Returned,COD
ORD001258,CUST00354,2025-06-29,Cancelled,upi
ORD001303,CUST00115,2023-09-06,Cancelled,COD
ORD003916,CUST00421,2023-09-20,DELIVERED,Net Banking
ORD000401,CUST00540,2025-08-16,DELIVERED,Cash on Delivery
ORD000887,CUST00401,2024-08-02,Cancelled,upi
ORD003122,CUST00272,2024-08-26,Shipped,Cash on Delivery
ORD002765,CUST00571,2025-08-23,Returned,upi
ORD003896,CUST00412,2025-11-08,Shipped,Net Banking
ORD002178,CUST00204,2024-04-03,Delivered,Credit Card
ORD001969,CUST00391,2023-06-13,Shipped,upi
ORD001080,CUST00209,2023-09-18,Pending,COD
ORD002767,CUST00094,2024-06-28,Cancelled,Cash on Delivery
ORD002980,CUST00363,2023-02-06,Returned,Debit Card
ORD004490,CUST00359,2023-10-08,Cancelled,COD
ORD001900,CUST00233,2024-03-27,Shipped,UPI
ORD003419,CUST00147,2025-08-16,delivered,Debit Card
ORD000251,CUST00212,2024-09-19,DELIVERED,Credit Card
ORD003214,CUST00328,2024-01-10,Pending,COD
ORD004303,CUST00096,2024-11-22,Pending,Net Banking
ORD000112,CUST00421,2023-10-22,Cancelled,COD
ORD000417,CUST00441,2024-12-13,Returned,Credit Card
ORD003626,CUST00194,2024-03-15,Cancelled,Cash on Delivery
ORD000265,CUST00578,2024-12-09,DELIVERED,upi
ORD004742,CUST00562,2025-12-07,Pending,upi
ORD000151,CUST00082,2025-12-15,DELIVERED,Debit Card
ORD000579,CUST00586,2024-08-20,Cancelled,COD
ORD001920,CUST00249,2024-12-19,DELIVERED,Cash on Delivery
ORD001895,CUST00175,2023-03-19,Cancelled,Credit Card
ORD001732,CUST00459,2023-01-18,delivered,Cash on Delivery
ORD001148,CUST00261,2024-10-06,Shipped,Credit Card
ORD004432,CUST00295,2025-03-10,DELIVERED,Credit Card
ORD004407,CUST00035,2025-05-12,Pending,COD
ORD001199,CUST00428,2023-01-28,Pending,Net Banking
ORD004127,CUST00356,2023-05-26,Delivered,Cash on Delivery
ORD000629,CUST00062,2025-10-18,DELIVERED,COD
ORD000078,CUST00322,2025-11-19,Pending,Cash on Delivery
ORD001571,CUST00497,2023-06-11,Cancelled,COD
ORD000931,CUST00589,2023-05-13,Shipped,Net Banking
ORD000659,CUST00394,2024-02-03,delivered,Net Banking
ORD003737,CUST00409,2023-10-15,Shipped,UPI
ORD004162,CUST00041,2023-07-19,DELIVERED,upi
ORD004621,CUST00284,2024-03-24,Cancelled,Net Banking
ORD001542,CUST00555,2025-12-03,Pending,Credit Card
ORD002773,CUST00483,2023-11-05,Delivered,UPI
ORD002936,CUST00397,2025-04-03,Shipped,Credit Card
ORD001484,CUST00504,2024-01-19,Cancelled,UPI
ORD004184,CUST00108,2024-07-26,Returned,Cash on Delivery
ORD004870,CUST00600,2023-12-01,Delivered,Credit Card
ORD002076,CUST00122,2025-06-19,Cancelled,UPI
ORD003411,CUST00397,2023-10-30,Returned,Net Banking
ORD004728,CUST00575,2025-07-11,delivered,Net Banking
ORD001525,CUST00150,2023-05-10,delivered,Net Banking
ORD003949,CUST00297,2024-09-21,Pending,Credit Card
ORD000960,CUST00299,2025-09-14,Pending,Credit Card
ORD003468,CUST00085,2023-02-27,Delivered,UPI
ORD004398,CUST00086,2023-08-15,DELIVERED,Credit Card
ORD001350,CUST00095,2023-08-19,delivered,upi
ORD004681,CUST00311,2025-06-15,Pending,upi
ORD003366,CUST00194,2025-08-04,DELIVERED,Debit Card
ORD000313,CUST00560,2024-12-17,DELIVERED,upi
ORD002237,CUST00312,2024-02-21,delivered,Credit Card
ORD002678,CUST00572,2024-05-24,Returned,Debit Card
ORD003317,CUST00003,2024-09-23,Shipped,Credit Card
ORD001315,CUST00327,2024-05-01,Returned,Net Banking
ORD001381,CUST00070,2025-03-04,Shipped,upi
ORD002261,CUST00266,2024-05-29,Delivered,UPI
ORD001011,CUST00593,2023-12-17,delivered,COD
ORD003956,CUST00087,2023-09-03,Shipped,UPI
ORD003854,CUST00216,2025-09-21,Delivered,COD
ORD000501,CUST00508,2024-05-08,Pending,Net Banking
ORD001739,CUST00092,2024-03-03,Delivered,Credit Card
ORD002398,CUST00595,2025-02-18,Cancelled,Cash on Delivery
ORD002071,CUST00448,2024-03-04,Cancelled,Cash on Delivery
ORD003400,CUST00540,2025-08-10,Returned,Debit Card
ORD000637,CUST00211,2024-11-08,Shipped,COD
ORD002720,CUST00089,2025-11-10,Shipped,Credit Card
ORD001723,CUST00302,2024-08-30,Shipped,Net Banking
ORD002043,CUST00401,2024-03-09,DELIVERED,Net Banking
ORD001132,CUST00221,2024-12-07,Delivered,Debit Card
ORD002879,CUST00231,2025-11-22,Pending,upi
ORD003850,CUST00342,2023-12-13,Cancelled,Cash on Delivery
ORD001335,CUST00231,2025-11-19,Returned,Debit Card
ORD004915,CUST00532,2024-01-21,Cancelled,Debit Card
ORD000383,CUST00317,2025-09-09,Pending,COD
ORD000372,CUST00174,2023-04-10,DELIVERED,Cash on Delivery
ORD002253,CUST00207,2025-08-11,delivered,Debit Card
ORD001270,CUST00520,2023-10-26,Cancelled,Cash on Delivery
ORD000954,CUST00507,2024-12-23,Pending,COD
ORD001352,CUST00518,2024-09-08,Returned,Debit Card
ORD002517,CUST00435,2024-08-10,DELIVERED,COD
ORD000947,CUST00201,2023-02-12,delivered,UPI
ORD003259,CUST00337,2024-09-23,Delivered,Cash on Delivery
ORD001656,CUST00370,2025-02-24,Returned,Debit Card
ORD001192,CUST00287,2023-03-10,Delivered,Credit Card
ORD004052,CUST00349,2023-10-10,delivered,UPI
ORD004138,CUST00471,2023-07-03,DELIVERED,upi
ORD002707,CUST00552,2023-08-25,Pending,Net Banking
ORD001951,CUST00442,2023-03-08,Cancelled,Credit Card
ORD004690,CUST00453,2025-02-20,Delivered,COD
ORD000292,CUST00192,2023-06-23,Pending,Credit Card
ORD001509,CUST00216,2025-02-07,delivered,Net Banking
ORD004087,CUST00375,2023-08-30,Pending,Net Banking
ORD000604,CUST00508,2025-02-23,Cancelled,Net Banking
ORD000192,CUST00007,2023-08-28,Shipped,Debit Card
ORD000937,CUST00206,2024-11-21,Delivered,Cash on Delivery
ORD003557,CUST00448,2024-08-12,Shipped,Debit Card
ORD003518,CUST00114,2023-02-02,Delivered,Credit Card
ORD000306,CUST00010,2024-11-06,Delivered,Debit Card
ORD002461,CUST00230,2025-10-28,delivered,upi
ORD003263,CUST00436,2023-07-17,Returned,Net Banking
ORD004966,CUST00527,2023-08-26,DELIVERED,upi
ORD002970,CUST00167,2023-01-31,Returned,upi
ORD000042,CUST00304,2024-10-30,Cancelled,upi
ORD003101,CUST00221,2025-02-04,Returned,Net Banking
ORD000903,CUST00323,2024-02-14,Pending,COD
ORD003349,CUST00300,2024-12-04,Shipped,Debit Card
ORD002062,CUST00579,2024-02-22,delivered,Debit Card
ORD001200,CUST00052,2024-08-16,Pending,upi
ORD003593,CUST00165,2025-06-14,Shipped,Cash on Delivery
ORD001182,CUST00539,2023-12-09,Delivered,Cash on Delivery
ORD000561,CUST00531,2023-07-12,Pending,Credit Card
ORD002708,CUST00596,2023-11-11,Cancelled,UPI
ORD000910,CUST00119,2025-05-18,Cancelled,UPI
ORD002205,CUST00325,2023-02-26,DELIVERED,UPI
ORD002540,CUST00390,2023-11-02,Returned,UPI
ORD000461,CUST00233,2024-08-29,Shipped,Debit Card
ORD000868,CUST00086,2024-05-04,Returned,Cash on Delivery
ORD001156,CUST00036,2025-02-22,DELIVERED,Cash on Delivery
ORD000642,CUST00173,2024-02-29,Delivered,Net Banking
ORD003261,CUST00323,2023-02-12,Shipped,upi
ORD002792,CUST00070,2025-06-18,Shipped,UPI
ORD002658,CUST00059,2024-05-30,Delivered,COD
ORD000191,CUST00365,2023-02-08,DELIVERED,COD
ORD001491,CUST00453,2024-05-29,Cancelled,upi
ORD000810,CUST00564,2025-10-06,Shipped,COD
ORD000892,CUST00423,2025-07-14,Shipped,Debit Card
ORD003351,CUST00116,2023-12-22,Returned,Debit Card
ORD001968,CUST00137,2023-12-26,DELIVERED,Cash on Delivery
ORD000019,CUST00150,2025-01-19,Shipped,COD
ORD000298,CUST00293,2024-10-03,DELIVERED,COD
ORD003273,CUST00272,2025-01-27,Returned,Cash on Delivery
ORD000595,CUST00530,2024-12-07,Delivered,UPI
ORD001222,CUST00544,2024-01-16,Returned,Credit Card
ORD004450,CUST00261,2023-01-04,Delivered,UPI
ORD000473,CUST00396,2025-05-31,Shipped,Cash on Delivery
ORD000225,CUST00040,2023-04-12,Returned,UPI
ORD001319,CUST00316,2025-03-18,delivered,Net Banking
ORD004731,CUST00443,2025-10-19,Pending,Net Banking
ORD003509,CUST00484,2025-04-11,DELIVERED,Net Banking
ORD003343,CUST00189,2025-06-28,delivered,Net Banking
ORD004523,CUST00110,2025-08-07,Cancelled,upi
ORD001008,CUST00125,2024-03-07,Returned,Net Banking
ORD000485,CUST00033,2023-07-08,Delivered,COD
ORD003857,CUST00371,2025-03-18,Pending,Credit Card
ORD001790,CUST00330,2025-07-23,Cancelled,Net Banking
ORD003731,CUST00332,2025-06-15,Returned,upi
ORD004392,CUST00261,2024-04-26,Shipped,UPI
ORD001813,CUST00283,2024-10-04,delivered,COD
ORD004818,CUST00422,2024-08-15,Delivered,UPI
ORD004503,CUST00141,2024-04-06,Returned,Net Banking
ORD001934,CUST00225,2024-01-20,Shipped,UPI
ORD004712,CUST00248,2024-09-03,Cancelled,Debit Card
ORD002897,CUST00456,2023-03-01,DELIVERED,COD
ORD001868,CUST00428,2024-12-04,Returned,upi
ORD004923,CUST00409,2025-11-16,DELIVERED,upi
ORD002259,CUST00312,2024-04-29,delivered,Credit Card
ORD001567,CUST00509,2023-10-04,Returned,Net Banking
ORD002468,CUST00181,2024-08-18,Pending,upi
ORD003297,CUST00257,2025-06-25,DELIVERED,Debit Card
ORD000156,CUST00429,2024-10-25,Pending,Cash on Delivery
ORD004230,CUST00282,2025-06-10,Delivered,Debit Card
ORD001601,CUST00232,2024-10-09,Shipped,Cash on Delivery
ORD000498,CUST00538,2023-11-01,Delivered,UPI
ORD000665,CUST00115,2024-02-06,DELIVERED,Cash on Delivery
ORD000763,CUST00312,2024-05-26,Delivered,upi
ORD001619,CUST00063,2025-07-26,DELIVERED,Cash on Delivery
ORD000874,CUST00525,2024-06-18,Delivered,Cash on Delivery
ORD000553,CUST00376,2023-11-22,Shipped,UPI
ORD004445,CUST00119,2025-05-30,Shipped,Credit Card
ORD003528,CUST00324,2024-12-23,Pending,UPI
ORD001053,CUST00293,2023-12-07,Delivered,upi
ORD004576,CUST00549,2023-02-12,delivered,Net Banking
ORD003634,CUST00438,2024-01-26,delivered,Cash on Delivery
ORD000061,CUST00554,2023-03-24,Returned,upi
ORD000129,CUST00419,2023-09-09,DELIVERED,Credit Card
ORD002973,CUST00582,2025-11-18,Returned,Credit Card
ORD001907,CUST00120,2023-11-06,Cancelled,Debit Card
ORD001442,CUST00141,2023-03-31,Cancelled,UPI
ORD001501,CUST00034,2023-07-18,Shipped,COD
ORD003127,CUST00248,2024-09-22,Shipped,Credit Card
ORD002979,CUST00200,2023-10-26,Pending,Debit Card
ORD002241,CUST00008,2023-06-13,Returned,upi
ORD003115,CUST00422,2025-07-05,Delivered,Credit Card
ORD000746,CUST00364,2023-12-24,Shipped,UPI
ORD003041,CUST00373,2023-12-04,Delivered,UPI
ORD000435,CUST00289,2025-12-28,Returned,Cash on Delivery
ORD002293,CUST00424,2023-01-17,Shipped,COD
ORD002960,CUST00417,2023-09-06,Shipped,Credit Card
ORD001833,CUST00524,2023-06-16,delivered,UPI
ORD000166,CUST00021,2023-01-18,delivered,Credit Card
ORD002785,CUST00551,2025-06-01,Shipped,COD
ORD001388,CUST00343,2024-08-16,delivered,Credit Card
ORD001988,CUST00138,2024-10-26,delivered,COD
ORD004159,CUST00132,2024-06-27,delivered,COD
ORD003940,CUST00077,2025-02-10,Shipped,COD
ORD000495,CUST00314,2024-07-09,Delivered,Debit Card
ORD003921,CUST00377,2023-06-07,Returned,COD
ORD001971,CUST00377,2023-06-27,Delivered,Cash on Delivery
ORD004105,CUST00289,2023-03-28,Cancelled,Credit Card
ORD001574,CUST00530,2024-05-12,Shipped,COD
ORD003905,CUST00330,2023-11-11,Cancelled,COD
ORD002409,CUST00424,2024-03-31,Cancelled,COD
ORD004778,CUST00557,2023-03-17,Delivered,COD
ORD004326,CUST00598,2024-11-18,Cancelled,COD
ORD000532,CUST00140,2024-07-15,Returned,upi
ORD000634,CUST00445,2023-06-05,delivered,upi
ORD001926,CUST00283,2025-11-13,Pending,upi
ORD002522,CUST00026,2025-10-06,Shipped,Debit Card
ORD003548,CUST00278,2024-05-04,DELIVERED,COD
ORD003793,CUST00026,2024-10-07,Delivered,Net Banking
ORD002264,CUST00041,2025-09-03,Delivered,Credit Card
ORD000113,CUST00216,2024-04-18,DELIVERED,Cash on Delivery
ORD001748,CUST00050,2024-05-02,delivered,COD
ORD003455,CUST00508,2023-06-17,Cancelled,Net Banking
ORD004124,CUST00292,2024-05-13,Delivered,COD
ORD003459,CUST00343,2023-09-02,delivered,Cash on Delivery
ORD004204,CUST00456,2024-05-30,Delivered,UPI
ORD000929,CUST00580,2023-02-08,Pending,upi
ORD000231,CUST00413,2025-07-06,Returned,Credit Card
ORD002453,CUST00319,2025-05-14,delivered,COD
ORD004200,CUST00275,2023-06-18,Cancelled,upi
ORD000564,CUST00538,2025-06-19,Cancelled,Debit Card
ORD003985,CUST00207,2024-03-10,Pending,Credit Card
ORD004346,CUST00511,2025-06-18,Cancelled,Debit Card
ORD002141,CUST00402,2024-03-18,Shipped,UPI
ORD001818,CUST00313,2023-05-09,Cancelled,Net Banking
ORD002769,CUST00246,2024-05-16,Delivered,UPI
ORD002165,CUST00184,2025-11-12,Shipped,Debit Card
ORD003028,CUST00463,2025-06-03,Cancelled,upi
ORD004245,CUST00336,2025-12-06,Pending,upi
ORD003855,CUST00478,2023-02-17,delivered,COD
ORD003492,CUST00433,2025-11-22,delivered,Cash on Delivery
ORD004767,CUST00597,2024-12-04,Pending,COD
ORD000679,CUST00369,2023-03-28,Returned,Net Banking
ORD002172,CUST00247,2025-08-10,Returned,upi
ORD001384,CUST00455,2023-12-01,Shipped,Net Banking
ORD004746,CUST00561,2024-01-08,Returned,Debit Card
ORD004330,CUST00070,2025-08-17,DELIVERED,Credit Card
ORD001793,CUST00093,2023-01-08,Returned,Debit Card
ORD000844,CUST00106,2023-07-07,Pending,Credit Card
ORD000316,CUST00339,2024-05-01,Pending,UPI
ORD000494,CUST00243,2025-08-17,DELIVERED,Credit Card
ORD002576,CUST00556,2024-05-14,Returned,Cash on Delivery
ORD000039,CUST00544,2025-01-27,Returned,upi
ORD001494,CUST00336,2025-06-26,Returned,UPI
ORD003338,CUST00041,2024-07-12,Returned,UPI
ORD004469,CUST00111,2024-11-10,DELIVERED,UPI
ORD003464,CUST00444,2024-04-01,delivered,upi
ORD002606,CUST00563,2024-06-02,delivered,UPI
ORD001167,CUST00018,2023-09-08,Shipped,Cash on Delivery
ORD002655,CUST00056,2023-02-16,Returned,Credit Card
ORD004454,CUST00075,2025-11-17,Returned,upi
ORD000404,CUST00115,2025-01-23,Pending,UPI
ORD001059,CUST00344,2023-08-10,Cancelled,COD
ORD002079,CUST00476,2025-04-19,delivered,UPI
ORD002877,CUST00512,2023-08-31,Shipped,Net Banking
ORD002527,CUST00256,2023-04-15,Cancelled,Net Banking
ORD002801,CUST00066,2023-08-18,Delivered,upi
ORD001454,CUST00095,2023-01-10,Cancelled,Cash on Delivery
ORD000638,CUST00483,2025-04-12,Shipped,Debit Card
ORD001590,CUST00397,2023-06-21,Delivered,Debit Card
ORD004101,CUST00557,2025-08-07,delivered,upi
ORD004614,CUST00196,2025-01-26,Pending,Net Banking
ORD000187,CUST00197,2024-07-31,Returned,Cash on Delivery
ORD001700,CUST00146,2025-04-22,Returned,Net Banking
ORD002273,CUST00051,2024-05-27,Pending,Cash on Delivery
ORD004563,CUST00387,2023-12-07,delivered,Debit Card
ORD001912,CUST00492,2024-12-28,Cancelled,COD
ORD004191,CUST00559,2023-03-10,Pending,UPI
ORD004960,CUST00430,2023-01-30,Cancelled,Credit Card
ORD002034,CUST00121,2025-08-24,Returned,Debit Card
ORD004455,CUST00291,2023-07-09,Delivered,Net Banking
ORD003346,CUST00456,2023-05-20,delivered,Credit Card
ORD000986,CUST00090,2024-07-29,Shipped,COD
ORD000479,CUST00219,2023-09-08,Shipped,UPI
ORD003689,CUST00406,2025-05-20,Returned,COD
ORD001220,CUST00207,2024-01-03,Pending,UPI
ORD000860,CUST00330,2023-05-13,Cancelled,Debit Card
ORD000055,CUST00392,2023-11-26,Shipped,Net Banking
ORD000133,CUST00303,2025-08-25,DELIVERED,Debit Card
ORD004172,CUST00289,2025-01-14,Shipped,Net Banking
ORD004029,CUST00561,2023-07-21,Shipped,Cash on Delivery
ORD002925,CUST00385,2023-08-26,Returned,Net Banking
ORD000203,CUST00073,2023-10-27,Cancelled,Debit Card
ORD002476,CUST00154,2025-05-07,Pending,Cash on Delivery
ORD002552,CUST00549,2025-08-30,Returned,UPI
ORD004798,CUST00082,2023-11-04,Returned,Net Banking
ORD002256,CUST00395,2023-09-13,Pending,upi
ORD003555,CUST00054,2023-03-02,DELIVERED,UPI
ORD004908,CUST00461,2023-06-21,Shipped,Net Banking
ORD000431,CUST00299,2025-05-17,DELIVERED,UPI
ORD004933,CUST00034,2025-01-13,Cancelled,Debit Card
ORD004427,CUST00203,2024-01-10,delivered,Net Banking
ORD003021,CUST00279,2024-03-13,DELIVERED,Credit Card
ORD000830,CUST00305,2025-02-27,Shipped,Net Banking
ORD003544,CUST00287,2023-11-06,Delivered,UPI
ORD000217,CUST00433,2023-11-04,delivered,Cash on Delivery
ORD001578,CUST00327,2023-10-10,DELIVERED,COD
ORD004484,CUST00263,2024-08-26,Pending,COD
ORD004336,CUST00421,2023-06-21,Delivered,Net Banking
ORD000412,CUST00581,2023-10-04,Returned,Debit Card
ORD000583,CUST00028,2025-11-20,Cancelled,Credit Card
ORD002035,CUST00335,2023-11-13,Shipped,Cash on Delivery
ORD000982,CUST00458,2025-04-16,Delivered,Cash on Delivery
ORD004701,CUST00010,2023-12-05,Delivered,Cash on Delivery
ORD001737,CUST00064,2024-04-06,Shipped,Net Banking
ORD002163,CUST00260,2025-09-12,delivered,UPI
ORD003743,CUST00600,2025-02-13,Shipped,Net Banking
ORD003957,CUST00587,2023-02-22,Pending,upi
ORD000209,CUST00554,2023-08-08,delivered,Cash on Delivery
ORD001645,CUST00098,2024-04-25,Pending,Cash on Delivery
ORD000486,CUST00044,2023-08-14,Returned,Debit Card
ORD003076,CUST00290,2025-07-17,Pending,UPI
ORD001013,CUST00083,2024-04-27,Delivered,upi
ORD003763,CUST00010,2025-02-23,Delivered,Cash on Delivery
ORD004497,CUST00049,2023-05-03,Pending,Cash on Delivery
ORD001143,CUST00409,2024-05-25,Pending,COD
ORD002690,CUST00141,2025-05-02,Returned,upi
ORD000804,CUST00252,2024-04-15,Pending,Cash on Delivery
ORD001274,CUST00361,2023-04-10,Cancelled,UPI
ORD001520,CUST00079,2025-09-20,Shipped,Debit Card
ORD004862,CUST00532,2023-09-03,delivered,UPI
ORD000374,CUST00184,2023-04-09,DELIVERED,Credit Card
ORD003983,CUST00523,2025-12-01,Returned,Net Banking
ORD000180,CUST00457,2025-06-15,delivered,Debit Card
ORD000413,CUST00487,2024-12-12,delivered,Credit Card
ORD000403,CUST00023,2025-04-14,Shipped,Credit Card
ORD001423,CUST00093,2023-03-31,Delivered,upi
ORD004014,CUST00336,2024-09-04,Cancelled,UPI
ORD001064,CUST00120,2024-01-18,Shipped,Credit Card
ORD002899,CUST00439,2024-01-11,Returned,Net Banking
ORD001660,CUST00514,2024-08-06,Shipped,Net Banking
ORD000096,CUST00066,2023-07-28,Pending,Cash on Delivery
ORD002199,CUST00526,2023-04-09,delivered,UPI
ORD004022,CUST00419,2025-12-18,DELIVERED,upi
ORD002912,CUST00496,2024-05-08,Delivered,UPI
ORD003252,CUST00545,2025-01-12,Returned,Credit Card
ORD004309,CUST00430,2023-12-28,Shipped,COD
ORD002164,CUST00485,2023-08-01,Pending,COD
ORD000266,CUST00438,2025-08-26,Shipped,COD
ORD004121,CUST00169,2023-11-10,Delivered,Debit Card
ORD002060,CUST00029,2024-04-04,Cancelled,Net Banking
ORD002050,CUST00173,2024-02-12,DELIVERED,Cash on Delivery
ORD001178,CUST00220,2024-08-09,DELIVERED,Credit Card
ORD002404,CUST00581,2024-11-06,Delivered,COD
ORD003469,CUST00001,2023-07-02,Shipped,UPI
ORD001382,CUST00360,2025-10-26,DELIVERED,UPI
ORD003531,CUST00476,2023-10-02,Returned,Cash on Delivery
ORD004720,CUST00534,2023-09-20,Returned,Credit Card
ORD004595,CUST00034,2025-02-03,Delivered,Cash on Delivery
ORD004654,CUST00257,2023-01-10,Shipped,Credit Card
ORD002739,CUST00253,2023-12-10,Pending,COD
ORD003301,CUST00459,2024-08-24,Cancelled,UPI
ORD003249,CUST00304,2025-06-28,Pending,UPI
ORD003423,CUST00369,2025-03-18,delivered,Debit Card
ORD000602,CUST00363,2025-02-03,DELIVERED,COD
ORD004788,CUST00593,2024-07-24,Cancelled,upi
ORD004995,CUST00056,2023-09-11,delivered,Cash on Delivery
ORD003187,CUST00382,2025-05-01,Returned,Net Banking
ORD003924,CUST00273,2023-04-27,Delivered,Cash on Delivery
ORD000802,CUST00467,2023-01-21,Shipped,upi
ORD002020,CUST00139,2025-04-12,Pending,UPI
ORD002509,CUST00165,2023-08-16,Pending,Debit Card
ORD002910,CUST00221,2024-01-17,Pending,Net Banking
ORD004825,CUST00448,2024-09-17,Returned,Credit Card
ORD004000,CUST00493,2023-06-08,Shipped,Cash on Delivery
ORD000507,CUST00142,2023-12-02,delivered,COD
ORD003044,CUST00523,2023-09-03,Cancelled,Cash on Delivery
ORD002633,CUST00138,2024-09-12,Shipped,Credit Card
ORD001160,CUST00524,2024-08-15,Cancelled,upi
ORD001133,CUST00276,2023-01-18,Shipped,Debit Card
ORD002831,CUST00221,2023-09-25,Shipped,upi
ORD003991,CUST00093,2024-02-23,DELIVERED,COD
ORD001638,CUST00032,2023-09-08,Pending,Net Banking
ORD000071,CUST00119,2023-01-29,Cancelled,upi
ORD004974,CUST00560,2024-06-09,Shipped,COD
ORD003203,CUST00369,2025-01-13,delivered,Net Banking
ORD003538,CUST00154,2024-11-02,Delivered,Cash on Delivery
ORD001462,CUST00154,2023-07-24,Delivered,UPI
ORD004362,CUST00493,2024-02-05,DELIVERED,COD
ORD004583,CUST00013,2023-09-19,delivered,UPI
ORD004528,CUST00487,2024-10-13,Delivered,COD
ORD004179,CUST00425,2024-02-10,DELIVERED,Credit Card
ORD001773,CUST00054,2025-07-27,DELIVERED,upi
ORD003871,CUST00187,2023-06-02,delivered,Cash on Delivery
ORD004810,CUST00600,2025-12-09,delivered,Cash on Delivery
ORD004610,CUST00048,2025-04-27,Cancelled,Debit Card
ORD000618,CUST00227,2024-05-12,Delivered,UPI
ORD003451,CUST00169,2023-09-14,Cancelled,Debit Card
ORD004800,CUST00276,2024-08-30,Shipped,upi
ORD003264,CUST00235,2024-09-23,delivered,Cash on Delivery
ORD003973,CUST00495,2025-04-21,Shipped,Cash on Delivery
ORD003660,CUST00538,2023-01-01,Returned,upi
ORD004793,CUST00475,2023-07-06,Returned,UPI
ORD003585,CUST00198,2024-10-29,Shipped,Net Banking
ORD001260,CUST00573,2024-06-18,DELIVERED,Credit Card
ORD004152,CUST00489,2023-10-01,Delivered,UPI
ORD001114,CUST00478,2023-11-22,Returned,COD
ORD003605,CUST00199,2023-11-18,Returned,Debit Card
ORD000964,CUST00352,2025-08-22,Cancelled,upi
ORD000515,CUST00090,2025-06-01,DELIVERED,Credit Card
ORD000597,CUST00404,2023-02-16,Delivered,upi
ORD004581,CUST00269,2025-12-29,Returned,upi
ORD001980,CUST00531,2023-11-13,Delivered,Cash on Delivery
ORD002317,CUST00160,2024-09-27,Shipped,upi
ORD002051,CUST00174,2023-12-03,DELIVERED,UPI
ORD004919,CUST00284,2025-07-26,Pending,Credit Card
ORD002091,CUST00571,2025-03-04,delivered,Cash on Delivery
ORD000446,CUST00092,2023-06-22,Returned,Debit Card
ORD001691,CUST00376,2025-09-12,Returned,upi
ORD000150,CUST00209,2024-03-30,Returned,Credit Card
ORD000062,CUST00148,2023-04-14,Returned,upi
ORD004789,CUST00224,2025-10-19,Delivered,UPI
ORD000851,CUST00541,2025-05-23,Delivered,Net Banking
ORD002618,CUST00310,2024-10-25,Shipped,Debit Card
ORD000247,CUST00016,2024-11-25,Shipped,Credit Card
ORD002369,CUST00237,2023-08-28,delivered,Net Banking
ORD003136,CUST00450,2023-11-17,Returned,upi
ORD002714,CUST00198,2024-09-29,Shipped,Credit Card
ORD000330,CUST00030,2024-03-06,DELIVERED,UPI
ORD001914,CUST00393,2025-05-18,Delivered,Cash on Delivery
ORD001939,CUST00138,2025-10-19,Pending,UPI
ORD001202,CUST00325,2023-12-28,Delivered,Net Banking
ORD002555,CUST00424,2023-04-12,DELIVERED,COD
ORD003856,CUST00048,2023-12-02,Cancelled,Net Banking
ORD002092,CUST00208,2025-06-22,delivered,Debit Card
ORD002997,CUST00165,2023-06-16,Shipped,UPI
ORD004561,CUST00140,2025-04-27,Returned,UPI
ORD001675,CUST00591,2024-02-24,Cancelled,upi
ORD004123,CUST00008,2025-06-08,DELIVERED,Cash on Delivery
ORD003707,CUST00004,2025-09-16,Pending,UPI
ORD004240,CUST00565,2023-06-08,Returned,COD
ORD001131,CUST00060,2024-03-28,delivered,Net Banking
ORD000533,CUST00333,2023-03-17,Cancelled,Debit Card
ORD004979,CUST00430,2023-12-01,Shipped,UPI
ORD001640,CUST00572,2024-06-10,Cancelled,Debit Card
ORD002863,CUST00029,2023-09-27,delivered,Debit Card
ORD001439,CUST00054,2024-02-16,Shipped,UPI
ORD001587,CUST00189,2025-12-28,Delivered,Credit Card
ORD002882,CUST00578,2024-10-04,Returned,Debit Card
ORD003884,CUST00540,2023-02-09,Delivered,UPI
ORD001606,CUST00401,2025-09-25,Delivered,Net Banking
ORD003570,CUST00014,2023-06-06,Returned,Cash on Delivery
ORD004678,CUST00018,2025-01-26,Cancelled,upi
ORD001856,CUST00536,2025-12-04,Shipped,Credit Card
ORD001615,CUST00258,2025-01-11,Cancelled,upi
ORD003680,CUST00089,2024-05-27,Returned,Credit Card
ORD002737,CUST00279,2024-07-08,Delivered,UPI
ORD001880,CUST00470,2024-11-28,Pending,Credit Card
ORD000517,CUST00584,2025-05-10,Returned,UPI
ORD004820,CUST00069,2023-06-04,Cancelled,upi
ORD000416,CUST00401,2024-03-11,Shipped,UPI
ORD001302,CUST00104,2023-06-13,Returned,upi
ORD000669,CUST00490,2023-04-09,Returned,Debit Card
ORD004975,CUST00173,2023-09-05,Shipped,Credit Card
ORD002191,CUST00234,2025-01-24,delivered,Credit Card
ORD003972,CUST00253,2025-08-06,Pending,COD
ORD002012,CUST00111,2025-11-25,delivered,upi
ORD000341,CUST00175,2023-02-28,delivered,COD
ORD003976,CUST00071,2023-11-01,Returned,upi
ORD002287,CUST00110,2024-11-17,Returned,upi
ORD001433,CUST00078,2023-12-16,Shipped,UPI
ORD004756,CUST00098,2024-05-16,DELIVERED,Debit Card
ORD001063,CUST00337,2023-09-28,Cancelled,Cash on Delivery
ORD004635,CUST00592,2025-11-17,Delivered,Debit Card
ORD002015,CUST00215,2025-12-25,Returned,Net Banking
ORD001267,CUST00544,2025-01-25,Shipped,Net Banking
ORD002998,CUST00013,2024-08-03,Delivered,Credit Card
ORD000840,CUST00516,2023-03-15,Delivered,Debit Card
ORD002564,CUST00069,2023-09-24,DELIVERED,Credit Card
ORD002946,CUST00473,2024-08-22,Pending,upi
ORD002045,CUST00354,2024-08-20,Returned,UPI
ORD001499,CUST00315,2024-04-13,delivered,COD
ORD000029,CUST00419,2024-05-22,Pending,upi
ORD004587,CUST00395,2023-10-11,Returned,Debit Card
ORD001364,CUST00392,2023-10-15,Returned,Cash on Delivery
ORD000361,CUST00298,2023-01-26,Delivered,Debit Card
ORD003655,CUST00512,2025-01-09,delivered,Debit Card
ORD000439,CUST00185,2025-08-31,Returned,upi
ORD000104,CUST00567,2024-01-19,Returned,COD
ORD001569,CUST00438,2023-08-22,delivered,upi
ORD001229,CUST00144,2023-01-31,DELIVERED,COD
ORD002597,CUST00371,2024-12-16,Cancelled,Debit Card
ORD004945,CUST00333,2025-04-01,delivered,Net Banking
ORD004378,CUST00600,2025-07-03,Pending,COD
ORD004055,CUST00291,2025-06-29,Pending,upi
ORD003700,CUST00276,2023-08-18,Pending,COD
ORD000728,CUST00021,2024-08-18,delivered,COD
ORD004751,CUST00335,2023-10-03,Cancelled,Debit Card
ORD003651,CUST00245,2024-11-29,Shipped,UPI
ORD000189,CUST00261,2023-06-24,Cancelled,Cash on Delivery
ORD002972,CUST00493,2023-04-18,Shipped,Credit Card
ORD001564,CUST00112,2023-06-08,Cancelled,Debit Card
ORD001279,CUST00278,2024-08-06,Pending,Net Banking
ORD004750,CUST00465,2023-11-21,Cancelled,Credit Card
ORD002993,CUST00264,2023-10-27,Returned,Debit Card
ORD000920,CUST00478,2025-01-17,Pending,Debit Card
ORD004222,CUST00317,2024-04-27,Cancelled,upi
ORD004149,CUST00457,2025-04-12,Delivered,upi
ORD001759,CUST00316,2024-02-20,Cancelled,COD
ORD003691,CUST00339,2025-04-17,Shipped,Cash on Delivery
ORD002039,CUST00122,2025-10-06,DELIVERED,COD
ORD000048,CUST00512,2023-12-29,Shipped,upi
ORD001533,CUST00551,2023-11-17,DELIVERED,COD
ORD002930,CUST00121,2025-04-21,DELIVERED,Credit Card
ORD002181,CUST00586,2023-10-01,Returned,Debit Card
ORD004223,CUST00369,2023-02-08,DELIVERED,UPI
ORD004242,CUST00127,2023-03-18,Returned,COD
ORD000121,CUST00515,2025-07-06,delivered,Credit Card
ORD004251,CUST00092,2025-03-11,Returned,Cash on Delivery
ORD004546,CUST00370,2025-07-10,Pending,Net Banking
ORD004941,CUST00364,2023-02-12,Shipped,upi
ORD003959,CUST00522,2025-07-18,delivered,upi
ORD001750,CUST00039,2025-10-21,Pending,upi
ORD002569,CUST00479,2024-11-29,Cancelled,COD
ORD003011,CUST00116,2024-12-29,Cancelled,upi
ORD004839,CUST00446,2025-11-28,DELIVERED,COD
ORD000521,CUST00035,2023-07-12,delivered,upi
ORD000822,CUST00094,2025-03-08,Pending,upi
ORD000720,CUST00354,2023-07-22,Returned,Cash on Delivery
ORD003055,CUST00082,2025-07-19,Shipped,Net Banking
ORD002964,CUST00498,2023-06-26,delivered,Credit Card
ORD000368,CUST00482,2025-08-18,Delivered,Credit Card
ORD000122,CUST00581,2023-05-21,Cancelled,Debit Card
ORD004414,CUST00123,2023-08-13,Cancelled,Net Banking
ORD001878,CUST00473,2023-05-19,Shipped,COD
ORD000588,CUST00246,2023-04-11,Cancelled,Credit Card
ORD002140,CUST00563,2025-08-14,Cancelled,UPI
ORD000993,CUST00069,2023-06-22,DELIVERED,Debit Card
ORD002301,CUST00482,2025-08-01,delivered,COD
ORD003377,CUST00024,2025-02-20,DELIVERED,COD
ORD000350,CUST00320,2024-07-21,Pending,Cash on Delivery
ORD003534,CUST00500,2023-04-09,Shipped,Credit Card
ORD003413,CUST00399,2024-10-25,Pending,Net Banking
ORD004934,CUST00224,2024-06-24,Shipped,Debit Card
ORD001747,CUST00306,2023-11-23,delivered,COD
ORD003757,CUST00546,2023-10-17,Returned,Cash on Delivery
ORD000227,CUST00332,2024-03-14,DELIVERED,Debit Card
ORD003325,CUST00031,2023-02-05,Pending,Cash on Delivery
ORD000709,CUST00244,2025-06-05,Shipped,UPI
ORD004405,CUST00054,2025-09-29,delivered,upi
ORD001904,CUST00027,2025-05-25,Returned,upi
ORD003332,CUST00355,2023-12-05,Cancelled,Debit Card
ORD000130,CUST00424,2023-03-21,Returned,Debit Card
ORD000469,CUST00058,2023-12-27,DELIVERED,Net Banking
ORD001629,CUST00479,2024-08-29,delivered,Debit Card
ORD004019,CUST00351,2023-06-01,Shipped,Cash on Delivery
ORD001175,CUST00183,2025-09-22,delivered,upi
ORD004559,CUST00194,2024-06-08,DELIVERED,Credit Card
ORD003404,CUST00480,2025-11-01,DELIVERED,Net Banking
ORD001418,CUST00386,2025-03-19,delivered,Cash on Delivery
ORD001341,CUST00368,2025-06-15,Shipped,COD
ORD002587,CUST00404,2023-04-25,Cancelled,Cash on Delivery
ORD000724,CUST00115,2024-03-26,Cancelled,Credit Card
ORD002574,CUST00338,2023-11-21,delivered,upi
ORD000285,CUST00396,2025-05-25,Cancelled,UPI
ORD001715,CUST00069,2023-01-12,Cancelled,Cash on Delivery
ORD004520,CUST00358,2023-09-24,Shipped,Cash on Delivery
ORD003900,CUST00005,2025-12-22,Pending,UPI
ORD002249,CUST00313,2023-07-02,Returned,Debit Card
ORD000440,CUST00124,2025-09-01,Delivered,COD
ORD001360,CUST00548,2025-07-10,Shipped,COD
ORD002873,CUST00130,2024-08-15,Shipped,upi
ORD004541,CUST00329,2023-01-08,Returned,Debit Card
ORD000572,CUST00342,2024-11-13,delivered,UPI
ORD003826,CUST00514,2023-03-04,Delivered,Credit Card
ORD004459,CUST00126,2025-09-22,Delivered,Net Banking
ORD003782,CUST00306,2023-05-11,DELIVERED,Net Banking
ORD003717,CUST00508,2025-03-22,DELIVERED,UPI
ORD004812,CUST00106,2024-10-19,Returned,UPI
ORD001207,CUST00207,2025-09-24,Delivered,Credit Card
ORD003777,CUST00149,2025-04-25,Delivered,Net Banking
ORD000072,CUST00146,2024-07-06,delivered,Debit Card
ORD001862,CUST00501,2025-07-11,Cancelled,COD
ORD001411,CUST00158,2023-01-15,delivered,Net Banking
ORD004178,CUST00010,2025-10-06,Delivered,Debit Card
ORD000655,CUST00090,2023-08-18,Shipped,Credit Card
ORD001277,CUST00278,2025-10-30,Pending,Cash on Delivery
ORD001686,CUST00531,2025-08-15,Shipped,Debit Card
ORD004368,CUST00438,2023-09-06,DELIVERED,Credit Card
ORD002610,CUST00451,2023-04-24,DELIVERED,upi
ORD001469,CUST00359,2024-01-20,Pending,Credit Card
ORD000932,CUST00494,2025-06-15,DELIVERED,UPI
ORD001916,CUST00049,2024-01-12,Pending,Net Banking
ORD003839,CUST00580,2024-09-17,DELIVERED,Net Banking
ORD001331,CUST00436,2025-12-24,delivered,UPI
ORD002822,CUST00320,2023-10-14,Cancelled,COD
ORD003753,CUST00065,2024-01-27,Delivered,COD
ORD002036,CUST00322,2023-12-25,Cancelled,upi
ORD004428,CUST00149,2023-08-17,Pending,COD
ORD002052,CUST00238,2025-08-23,Returned,Cash on Delivery
ORD001420,CUST00142,2024-04-19,Returned,Cash on Delivery
ORD004063,CUST00230,2023-07-27,Shipped,Cash on Delivery
ORD000138,CUST00598,2025-07-22,Pending,UPI
ORD000577,CUST00561,2025-12-30,Cancelled,Net Banking
ORD004764,CUST00470,2025-06-25,Shipped,Credit Card
ORD003640,CUST00173,2024-07-08,Returned,Cash on Delivery
ORD004479,CUST00183,2025-08-13,Delivered,Debit Card
ORD001184,CUST00248,2023-06-17,DELIVERED,Debit Card
ORD003861,CUST00403,2024-03-18,DELIVERED,UPI
ORD002444,CUST00332,2025-11-11,Returned,Debit Card
ORD001830,CUST00290,2023-04-17,Cancelled,COD
ORD002103,CUST00479,2023-06-29,delivered,Credit Card
ORD003792,CUST00381,2024-02-14,delivered,Debit Card
ORD003635,CUST00372,2025-06-29,Shipped,upi
ORD000565,CUST00394,2025-02-16,DELIVERED,upi
ORD003292,CUST00469,2024-02-25,Pending,COD
ORD002077,CUST00526,2023-12-21,Delivered,upi
ORD002821,CUST00013,2024-10-30,Cancelled,COD
ORD000376,CUST00243,2024-05-18,Delivered,upi
ORD002209,CUST00366,2023-02-22,Cancelled,upi
ORD003154,CUST00180,2025-01-15,Delivered,upi
ORD002894,CUST00500,2025-05-11,DELIVERED,COD
ORD000571,CUST00545,2024-07-23,delivered,Net Banking
ORD000066,CUST00360,2024-05-05,Returned,Cash on Delivery
ORD002954,CUST00148,2023-03-23,Cancelled,Cash on Delivery
ORD002638,CUST00492,2024-05-07,Returned,Credit Card
ORD001094,CUST00595,2024-12-27,Returned,COD
ORD000566,CUST00194,2025-02-23,Pending,UPI
ORD002255,CUST00090,2023-11-24,Cancelled,upi
ORD000240,CUST00442,2023-10-01,Cancelled,COD
ORD000392,CUST00033,2024-06-24,Returned,UPI
ORD000220,CUST00258,2023-06-01,Returned,Debit Card
ORD002934,CUST00133,2024-08-26,Returned,Debit Card
ORD003341,CUST00497,2023-12-22,Cancelled,Debit Card
ORD001809,CUST00396,2023-04-27,Cancelled,Debit Card
ORD001770,CUST00476,2024-08-03,delivered,Cash on Delivery
ORD001657,CUST00546,2025-08-22,delivered,UPI
ORD001120,CUST00392,2024-04-10,Cancelled,Net Banking
ORD004536,CUST00233,2023-03-09,delivered,Debit Card
ORD004408,CUST00113,2023-04-24,Returned,Debit Card
ORD004081,CUST00454,2023-10-10,delivered,COD
ORD001026,CUST00597,2025-05-18,Delivered,Debit Card
ORD002447,CUST00519,2024-06-20,Delivered,Credit Card
ORD002488,CUST00343,2025-04-14,Delivered,upi
ORD004360,CUST00042,2023-10-26,DELIVERED,Net Banking
ORD004168,CUST00453,2023-11-26,DELIVERED,UPI
ORD004939,CUST00522,2024-04-17,Returned,UPI
ORD001829,CUST00241,2023-11-12,DELIVERED,COD
ORD003604,CUST00240,2024-11-19,delivered,Credit Card
ORD001684,CUST00356,2024-08-27,DELIVERED,UPI
ORD001692,CUST00531,2023-06-01,Delivered,Credit Card
ORD001138,CUST00545,2023-09-04,Pending,Net Banking
ORD000980,CUST00302,2025-12-17,delivered,COD
ORD003124,CUST00521,2024-05-23,Cancelled,COD
ORD001327,CUST00292,2025-01-12,delivered,Cash on Delivery
ORD000834,CUST00311,2025-01-03,DELIVERED,Cash on Delivery
ORD001487,CUST00015,2025-07-31,Delivered,COD
ORD003543,CUST00516,2024-12-12,Returned,Debit Card
ORD004558,CUST00311,2024-11-11,Cancelled,Net Banking
ORD002723,CUST00322,2024-04-28,Pending,UPI
ORD004976,CUST00397,2025-03-19,Shipped,Net Banking
ORD002605,CUST00161,2025-04-17,Returned,Debit Card
ORD000775,CUST00572,2024-07-11,delivered,UPI
ORD003330,CUST00172,2023-08-13,delivered,UPI
ORD004600,CUST00393,2023-12-25,delivered,Cash on Delivery
ORD001266,CUST00435,2023-10-17,delivered,Credit Card
ORD002349,CUST00317,2023-10-18,Cancelled,Debit Card
ORD003110,CUST00145,2025-02-16,Cancelled,Debit Card
ORD000580,CUST00447,2025-12-03,DELIVERED,COD
ORD002054,CUST00526,2024-08-25,delivered,upi
ORD004406,CUST00024,2025-01-30,Shipped,UPI
ORD003904,CUST00104,2023-07-26,Cancelled,Debit Card
ORD002844,CUST00467,2025-11-04,Pending,UPI
ORD001513,CUST00473,2023-10-13,Delivered,Credit Card
ORD002646,CUST00562,2025-01-02,Delivered,Debit Card
ORD004718,CUST00148,2024-04-14,delivered,Net Banking
ORD004909,CUST00394,2024-12-19,Returned,upi
ORD002713,CUST00457,2025-08-10,Pending,UPI
ORD004646,CUST00464,2023-12-25,DELIVERED,Credit Card
ORD001304,CUST00088,2023-12-09,delivered,Debit Card
ORD003744,CUST00380,2024-08-10,delivered,Cash on Delivery
ORD002144,CUST00230,2023-12-26,delivered,Debit Card
ORD000394,CUST00270,2023-05-29,Pending,Debit Card
ORD003527,CUST00108,2024-06-08,Delivered,Net Banking
ORD004372,CUST00267,2025-08-10,Delivered,COD
ORD001001,CUST00334,2025-12-12,delivered,Net Banking
ORD002962,CUST00285,2023-09-03,Pending,Net Banking
ORD000397,CUST00406,2023-08-20,delivered,Cash on Delivery
ORD000487,CUST00009,2023-01-07,delivered,Net Banking
ORD001780,CUST00321,2024-05-25,Shipped,COD
ORD001021,CUST00531,2023-07-13,Delivered,UPI
ORD000898,CUST00530,2024-10-23,DELIVERED,COD
ORD002803,CUST00284,2024-01-27,delivered,UPI
ORD001136,CUST00506,2024-08-27,DELIVERED,Credit Card
ORD002110,CUST00196,2025-11-13,Pending,upi
ORD002415,CUST00460,2024-10-31,Cancelled,Debit Card
ORD002445,CUST00077,2023-02-20,delivered,Cash on Delivery
ORD003445,CUST00148,2023-08-22,Pending,COD
ORD000208,CUST00029,2024-06-28,Pending,Debit Card
ORD000167,CUST00489,2024-01-31,DELIVERED,UPI
ORD003536,CUST00324,2023-10-29,Returned,Cash on Delivery
ORD001592,CUST00590,2025-05-06,Returned,Credit Card
ORD001057,CUST00373,2023-01-11,Cancelled,UPI
ORD001967,CUST00230,2025-02-14,delivered,COD
ORD001742,CUST00583,2023-06-16,Shipped,Debit Card
ORD002244,CUST00082,2023-09-16,Shipped,COD
ORD003964,CUST00348,2025-02-27,Returned,Cash on Delivery
ORD002226,CUST00446,2023-12-27,Returned,Debit Card
ORD003473,CUST00144,2024-11-07,Returned,UPI
ORD001380,CUST00571,2025-03-22,Cancelled,Net Banking
ORD003003,CUST00587,2025-10-29,Delivered,Net Banking
ORD004065,CUST00098,2025-09-29,Delivered,upi
ORD004898,CUST00326,2023-02-05,Returned,Credit Card
ORD000037,CUST00091,2025-02-18,Returned,Cash on Delivery
ORD001591,CUST00561,2023-08-05,Cancelled,COD
ORD004871,CUST00187,2025-02-01,Returned,Credit Card
ORD002531,CUST00520,2025-12-07,delivered,Cash on Delivery
ORD002935,CUST00328,2024-05-21,delivered,COD
ORD003032,CUST00558,2023-12-21,Pending,Credit Card
ORD001884,CUST00363,2025-12-26,Cancelled,Cash on Delivery
ORD002977,CUST00253,2023-01-25,Pending,Net Banking
ORD002365,CUST00580,2024-12-16,Delivered,upi
ORD003168,CUST00470,2023-09-12,Cancelled,upi
ORD004891,CUST00519,2024-12-22,Returned,Debit Card
ORD004137,CUST00509,2023-08-24,Delivered,Credit Card
ORD002384,CUST00109,2024-04-14,Returned,UPI
ORD003040,CUST00095,2025-10-25,Shipped,Credit Card
ORD001871,CUST00325,2024-07-01,Cancelled,upi
ORD003382,CUST00440,2023-01-25,Shipped,COD
ORD002026,CUST00385,2025-10-18,Delivered,upi
ORD002808,CUST00208,2024-09-24,Shipped,Cash on Delivery
ORD000569,CUST00489,2023-09-24,DELIVERED,Net Banking
ORD000963,CUST00108,2023-03-06,Delivered,Cash on Delivery
ORD000624,CUST00597,2025-10-24,Shipped,Credit Card
ORD002572,CUST00533,2025-09-30,DELIVERED,Credit Card
ORD004186,CUST00542,2025-07-05,delivered,Cash on Delivery
ORD003085,CUST00525,2023-06-17,Cancelled,COD
ORD002326,CUST00003,2024-04-23,DELIVERED,upi
ORD001575,CUST00186,2025-01-13,DELIVERED,UPI
ORD000379,CUST00428,2023-04-09,Delivered,Debit Card
ORD004491,CUST00458,2025-06-03,Returned,COD
ORD004290,CUST00250,2024-01-22,delivered,Debit Card
ORD000011,CUST00479,2023-02-03,DELIVERED,Cash on Delivery
ORD003270,CUST00538,2024-09-02,Cancelled,COD
ORD001664,CUST00441,2023-06-19,Delivered,Credit Card
ORD000488,CUST00256,2024-05-29,delivered,upi
ORD004401,CUST00392,2025-08-13,DELIVERED,upi
ORD000497,CUST00410,2025-03-28,Shipped,Cash on Delivery
ORD000369,CUST00453,2023-01-23,Shipped,upi
ORD004046,CUST00162,2025-10-02,Shipped,UPI
ORD003188,CUST00274,2023-12-07,Pending,Debit Card
ORD003147,CUST00058,2024-04-07,DELIVERED,UPI
ORD004850,CUST00028,2023-03-11,Cancelled,Debit Card
ORD004412,CUST00475,2023-02-21,Returned,Net Banking
ORD002115,CUST00544,2023-10-07,Returned,UPI
ORD000014,CUST00384,2024-12-16,Cancelled,Credit Card
ORD004959,CUST00520,2024-02-16,Returned,Credit Card
ORD002508,CUST00043,2023-08-28,delivered,Cash on Delivery
ORD000456,CUST00346,2025-01-25,Pending,Net Banking
ORD002432,CUST00227,2024-02-28,Delivered,COD
ORD004010,CUST00204,2025-07-19,Returned,Credit Card
ORD003835,CUST00125,2025-02-27,Cancelled,Net Banking
ORD001652,CUST00232,2025-01-28,Delivered,Debit Card
ORD002926,CUST00311,2023-12-14,Shipped,Debit Card
ORD003047,CUST00522,2024-11-06,DELIVERED,Credit Card
ORD003399,CUST00134,2023-02-07,Returned,COD
ORD003673,CUST00278,2023-09-24,Cancelled,UPI
ORD001019,CUST00391,2023-04-24,DELIVERED,Net Banking
ORD001544,CUST00485,2024-12-07,delivered,COD
ORD002126,CUST00367,2024-11-28,Returned,upi
ORD003799,CUST00565,2023-12-17,Shipped,COD
ORD000075,CUST00040,2025-05-12,Cancelled,Credit Card
ORD004894,CUST00573,2024-11-26,Pending,COD
ORD004840,CUST00389,2023-06-12,DELIVERED,Credit Card
ORD000009,CUST00276,2023-07-29,Cancelled,UPI
ORD000893,CUST00455,2024-03-18,delivered,Cash on Delivery
ORD003119,CUST00446,2023-11-27,Shipped,Net Banking
ORD003491,CUST00505,2023-11-10,Shipped,Credit Card
ORD004636,CUST00237,2023-01-09,delivered,Cash on Delivery
ORD005004,CUST99003,2024-07-12,delivered,Net Banking
ORD003794,CUST00477,2024-08-31,Cancelled,Net Banking
ORD000060,CUST00401,2024-03-17,Shipped,Cash on Delivery
ORD000608,CUST00542,2024-12-15,Delivered,UPI
ORD003042,CUST00560,2025-01-03,Shipped,Debit Card
ORD004993,CUST00570,2024-04-04,Returned,UPI
ORD004141,CUST00104,2023-06-30,Delivered,COD
ORD002978,CUST00478,2023-09-20,Cancelled,Cash on Delivery
ORD003553,CUST00326,2025-09-18,Cancelled,Credit Card
ORD004977,CUST00153,2023-01-15,Shipped,UPI
ORD004274,CUST00037,2024-02-25,DELIVERED,Credit Card
ORD000271,CUST00391,2025-02-18,Cancelled,COD
ORD004319,CUST00118,2024-09-16,DELIVERED,UPI
ORD003420,CUST00017,2024-02-05,Pending,Net Banking
ORD003705,CUST00321,2023-02-12,DELIVERED,upi
ORD004531,CUST00417,2025-09-23,delivered,Cash on Delivery
ORD000768,CUST00084,2023-05-24,Returned,Debit Card
ORD001769,CUST00051,2024-10-28,Shipped,Net Banking
ORD004361,CUST00115,2024-10-22,Shipped,Credit Card
ORD001305,CUST00028,2025-11-07,Delivered,upi
ORD001681,CUST00014,2023-09-13,Shipped,Debit Card
ORD002162,CUST00075,2025-10-24,DELIVERED,upi
ORD002352,CUST00510,2025-07-11,Pending,upi
ORD000918,CUST00445,2023-01-04,Delivered,Net Banking
ORD000481,CUST00135,2024-02-09,Cancelled,Credit Card
ORD000647,CUST00422,2024-10-05,Returned,Debit Card
ORD002066,CUST00501,2024-12-25,Delivered,Debit Card
ORD000161,CUST00060,2024-03-27,Shipped,UPI
ORD001840,CUST00585,2024-11-16,Cancelled,Debit Card
ORD003467,CUST00518,2024-12-17,Shipped,upi
ORD003656,CUST00494,2023-09-17,delivered,Cash on Delivery
ORD004537,CUST00106,2024-11-15,Delivered,Cash on Delivery
ORD004102,CUST00467,2023-10-08,Returned,Net Banking
ORD003443,CUST00161,2025-07-10,Returned,Cash on Delivery
ORD001142,CUST00091,2025-07-28,DELIVERED,Credit Card
ORD000944,CUST00535,2023-08-12,Shipped,Debit Card
ORD001336,CUST00560,2024-08-30,Delivered,Net Banking
ORD003218,CUST00393,2025-02-25,Returned,UPI
ORD000809,CUST00427,2023-11-22,Returned,upi
ORD003761,CUST00277,2024-08-09,Cancelled,COD
ORD004327,CUST00188,2023-06-12,DELIVERED,Credit Card
ORD003506,CUST00010,2023-12-23,Delivered,Credit Card
ORD002491,CUST00079,2024-07-18,Returned,upi
ORD004032,CUST00587,2025-05-15,DELIVERED,Cash on Delivery
ORD000826,CUST00478,2025-01-05,Delivered,COD
ORD003148,CUST00026,2024-04-14,Shipped,Debit Card
ORD003375,CUST00533,2025-07-29,Pending,upi
ORD002168,CUST00440,2025-09-13,Delivered,Net Banking
ORD003130,CUST00284,2024-04-08,DELIVERED,upi
ORD002975,CUST00203,2024-03-30,delivered,Cash on Delivery
ORD003019,CUST00535,2023-12-06,Returned,Debit Card
ORD003617,CUST00389,2025-01-10,Returned,Debit Card
ORD001654,CUST00534,2024-11-15,Cancelled,Net Banking
ORD000207,CUST00110,2025-03-09,Delivered,Credit Card
ORD000179,CUST00267,2025-05-12,Pending,UPI
ORD001232,CUST00261,2024-02-04,Returned,COD
ORD001791,CUST00051,2024-01-03,Pending,UPI
ORD000352,CUST00584,2025-10-03,Shipped,Credit Card
ORD000536,CUST00548,2025-07-19,DELIVERED,Credit Card
ORD002324,CUST00113,2023-01-17,Shipped,upi
ORD002539,CUST00092,2024-05-10,DELIVERED,upi
ORD001195,CUST00232,2023-09-24,Cancelled,UPI
ORD002010,CUST00371,2023-02-03,Delivered,UPI
ORD000134,CUST00491,2024-12-13,Returned,Cash on Delivery
ORD002343,CUST00116,2025-01-08,Shipped,COD
ORD004716,CUST00444,2025-07-28,DELIVERED,Credit Card
ORD002313,CUST00503,2023-04-11,Shipped,Cash on Delivery
ORD000363,CUST00546,2024-09-21,Delivered,Credit Card
ORD002284,CUST00488,2024-05-07,Pending,UPI
ORD004160,CUST00463,2025-10-14,Delivered,Cash on Delivery
ORD004846,CUST00434,2025-03-01,DELIVERED,Debit Card
ORD001796,CUST00087,2023-04-18,Returned,UPI
ORD000946,CUST00113,2023-04-02,Pending,Debit Card
ORD003069,CUST00378,2024-11-29,Returned,Cash on Delivery
ORD002094,CUST00326,2025-10-17,delivered,Credit Card
ORD004899,CUST00476,2024-05-03,delivered,Credit Card
ORD001061,CUST00311,2023-03-10,Delivered,Credit Card
ORD001869,CUST00182,2025-04-27,Cancelled,upi
ORD001278,CUST00214,2023-05-31,Shipped,Net Banking
ORD001103,CUST00083,2024-01-24,Cancelled,upi
ORD002153,CUST00026,2024-11-21,Returned,COD
ORD002049,CUST00497,2023-02-10,Pending,Cash on Delivery
ORD000040,CUST00357,2023-11-01,Pending,Net Banking
ORD004382,CUST00140,2024-11-24,Shipped,upi
ORD001554,CUST00340,2024-05-30,Returned,Credit Card
ORD004367,CUST00456,2023-03-25,Delivered,upi
ORD003662,CUST00302,2025-12-17,Shipped,UPI
ORD000520,CUST00566,2023-08-28,Cancelled,Debit Card
ORD001726,CUST00027,2024-09-18,Cancelled,Net Banking
ORD003490,CUST00566,2023-06-12,Returned,Cash on Delivery
ORD004823,CUST00104,2025-02-04,delivered,Cash on Delivery
ORD003241,CUST00356,2023-10-18,delivered,Credit Card
ORD001753,CUST00312,2023-09-04,Pending,upi
ORD002278,CUST00175,2024-05-17,Delivered,UPI
ORD001962,CUST00409,2024-02-07,Shipped,upi
ORD001046,CUST00589,2023-03-26,Returned,Debit Card
ORD004658,CUST00136,2025-12-02,Cancelled,Net Banking
ORD002195,CUST00168,2025-08-10,Pending,Debit Card
ORD003287,CUST00207,2024-12-19,Pending,Net Banking
ORD002485,CUST00221,2023-01-11,delivered,UPI
ORD003508,CUST00215,2023-03-16,Delivered,Cash on Delivery
ORD004551,CUST00511,2023-08-08,Returned,Credit Card
ORD002880,CUST00065,2023-11-15,delivered,upi
ORD003822,CUST00520,2024-11-08,Pending,UPI
ORD003788,CUST00162,2023-06-15,Cancelled,Cash on Delivery
ORD004683,CUST00316,2025-09-01,delivered,UPI
ORD001761,CUST00551,2025-10-09,Cancelled,COD
ORD003300,CUST00543,2025-07-13,Delivered,COD
ORD000700,CUST00373,2025-09-05,Returned,Cash on Delivery
ORD004735,CUST00177,2025-11-01,Delivered,Debit Card
ORD002382,CUST00216,2023-05-01,delivered,Credit Card
ORD002200,CUST00224,2023-11-23,Cancelled,Net Banking
ORD004154,CUST00323,2025-08-29,Pending,Credit Card
ORD000453,CUST00436,2024-05-12,Cancelled,Debit Card
ORD002734,CUST00434,2025-09-18,Delivered,Cash on Delivery
ORD003946,CUST00500,2024-09-03,delivered,Cash on Delivery
ORD000436,CUST00356,2025-06-25,Delivered,COD
ORD000434,CUST00087,2025-01-15,delivered,Debit Card
ORD000539,CUST00063,2023-05-29,Pending,Net Banking
ORD004907,CUST00202,2023-01-13,Shipped,Debit Card
ORD001566,CUST00561,2023-05-12,Delivered,Net Banking
ORD003550,CUST00322,2025-05-22,DELIVERED,UPI
ORD003852,CUST00110,2023-03-27,Returned,Net Banking
ORD002213,CUST00578,2023-02-01,Delivered,upi
ORD002394,CUST00581,2023-01-19,Returned,upi
ORD004684,CUST00327,2023-02-26,delivered,Credit Card
ORD003872,CUST00199,2023-10-23,DELIVERED,Net Banking
ORD003389,CUST00578,2023-03-21,Shipped,Credit Card
ORD001413,CUST00131,2025-05-31,delivered,Debit Card
ORD001108,CUST00491,2025-01-03,delivered,Net Banking
ORD003736,CUST00403,2025-08-27,DELIVERED,upi
ORD002774,CUST00537,2024-02-14,Shipped,upi
ORD000099,CUST00368,2023-10-28,Shipped,UPI
ORD002283,CUST00025,2025-01-07,Cancelled,Debit Card
ORD002950,CUST00301,2024-12-28,Shipped,Cash on Delivery
ORD001230,CUST00191,2023-05-10,DELIVERED,Debit Card
ORD003938,CUST00386,2024-09-17,delivered,UPI
ORD002469,CUST00504,2024-10-11,Returned,Credit Card
ORD003695,CUST00392,2023-05-26,Cancelled,Debit Card
ORD002669,CUST00531,2025-01-12,Returned,upi
ORD004054,CUST00363,2025-03-26,Pending,COD
ORD001676,CUST00239,2023-05-10,Shipped,UPI
ORD001927,CUST00585,2025-12-25,Shipped,Net Banking
ORD004220,CUST00545,2023-01-30,Delivered,UPI
ORD000921,CUST00414,2024-12-03,Cancelled,Cash on Delivery
ORD003780,CUST00537,2025-09-27,Cancelled,Credit Card
ORD001294,CUST00008,2024-06-25,Returned,COD
ORD004043,CUST00386,2024-05-31,Delivered,Credit Card
ORD002563,CUST00137,2023-08-31,Shipped,Cash on Delivery
ORD002628,CUST00053,2023-09-11,Returned,Debit Card
ORD001724,CUST00274,2023-03-22,DELIVERED,Net Banking
ORD004348,CUST00094,2023-01-12,Delivered,UPI
ORD002763,CUST00371,2024-05-06,DELIVERED,Debit Card
ORD000853,CUST00157,2024-07-15,Shipped,upi
ORD000093,CUST00223,2025-07-29,Pending,Net Banking
ORD004311,CUST00528,2023-03-10,Cancelled,Debit Card
ORD001540,CUST00508,2023-10-08,delivered,Debit Card
ORD000739,CUST00467,2024-05-01,Delivered,Credit Card
ORD001944,CUST00584,2024-03-25,delivered,UPI
ORD004275,CUST00591,2025-05-19,Pending,Credit Card
ORD003268,CUST00463,2025-05-22,Delivered,upi
ORD004951,CUST00264,2024-04-08,Shipped,Debit Card
ORD003373,CUST00257,2025-04-21,delivered,COD
ORD004281,CUST00367,2024-10-25,Delivered,COD
ORD003810,CUST00152,2024-06-08,Shipped,COD
ORD001113,CUST00571,2023-10-19,Returned,Cash on Delivery
ORD003612,CUST00032,2024-03-16,Cancelled,Credit Card
ORD004785,CUST00303,2023-06-23,Cancelled,UPI
ORD002992,CUST00568,2024-06-21,delivered,Debit Card
ORD002722,CUST00117,2023-01-17,delivered,UPI
ORD003001,CUST00238,2025-08-17,Delivered,Credit Card
ORD000582,CUST00386,2023-10-21,DELIVERED,UPI
ORD004476,CUST00186,2025-04-21,Cancelled,UPI
ORD003094,CUST00067,2025-09-26,Cancelled,Debit Card
ORD001106,CUST00455,2024-03-13,DELIVERED,Debit Card
ORD002408,CUST00313,2023-02-06,Pending,Debit Card
ORD004235,CUST00318,2024-09-05,DELIVERED,Net Banking
ORD000742,CUST00481,2025-03-14,Cancelled,COD
ORD001403,CUST00036,2023-07-11,Shipped,Net Banking
ORD003522,CUST00159,2024-04-25,Pending,upi
ORD000064,CUST00311,2023-06-17,Delivered,Debit Card
ORD001628,CUST00432,2024-09-10,Pending,Credit Card
ORD002654,CUST00201,2024-07-21,Delivered,Cash on Delivery
ORD004686,CUST00019,2023-12-07,DELIVERED,Credit Card
ORD004308,CUST00368,2023-11-14,delivered,COD
ORD003616,CUST00298,2023-11-09,delivered,Cash on Delivery
ORD000753,CUST00339,2023-09-19,delivered,Net Banking
ORD000540,CUST00146,2023-08-12,Delivered,Credit Card
ORD003222,CUST00188,2025-02-01,Shipped,COD
ORD003510,CUST00118,2023-01-26,Pending,Cash on Delivery
ORD001201,CUST00060,2025-02-21,Pending,upi
ORD001236,CUST00521,2023-08-29,Shipped,UPI
ORD003112,CUST00107,2025-03-03,DELIVERED,Debit Card
ORD004729,CUST00181,2025-08-25,Returned,Credit Card
ORD003380,CUST00139,2024-08-17,Returned,Debit Card
ORD000593,CUST00468,2024-07-07,Returned,upi
ORD000221,CUST00441,2024-12-31,Shipped,Credit Card
ORD001668,CUST00021,2025-12-26,delivered,COD
ORD001004,CUST00023,2024-05-16,Returned,Cash on Delivery
ORD001255,CUST00233,2025-03-16,Shipped,COD
ORD001052,CUST00036,2024-12-06,DELIVERED,UPI
ORD001863,CUST00410,2023-01-02,Returned,Cash on Delivery
ORD000026,CUST00321,2025-09-11,DELIVERED,upi
ORD004790,CUST00593,2023-08-25,Returned,Cash on Delivery
ORD004471,CUST00176,2024-11-03,delivered,COD
ORD000281,CUST00315,2025-04-11,DELIVERED,UPI
ORD003309,CUST00227,2024-10-29,Shipped,Credit Card
ORD002242,CUST00458,2024-08-06,Shipped,Cash on Delivery
ORD000685,CUST00067,2025-10-25,DELIVERED,UPI
ORD002333,CUST00367,2025-06-17,Cancelled,Debit Card
ORD000455,CUST00364,2023-04-09,Cancelled,Debit Card
ORD004318,CUST00484,2023-02-13,DELIVERED,Net Banking
ORD003851,CUST00032,2024-10-29,Returned,Net Banking
ORD003625,CUST00076,2023-04-08,Pending,UPI
ORD004655,CUST00465,2025-12-24,Shipped,UPI
ORD003046,CUST00252,2025-07-31,delivered,COD
ORD003987,CUST00251,2025-03-24,Returned,COD
ORD003169,CUST00134,2025-05-05,Pending,Credit Card
ORD004949,CUST00335,2025-06-10,Pending,Credit Card
ORD001296,CUST00475,2023-08-11,DELIVERED,Net Banking
ORD001040,CUST00176,2025-03-08,delivered,Cash on Delivery
ORD003374,CUST00351,2024-12-25,delivered,Net Banking
ORD003295,CUST00257,2024-09-02,Delivered,UPI
ORD000103,CUST00543,2025-12-04,Cancelled,Cash on Delivery
ORD000492,CUST00406,2025-01-14,Delivered,Credit Card
ORD000761,CUST00008,2024-12-15,DELIVERED,upi
ORD000584,CUST00325,2025-11-13,Returned,upi
ORD004641,CUST00249,2024-03-13,delivered,Debit Card
ORD003686,CUST00441,2023-05-22,DELIVERED,Net Banking
ORD004726,CUST00577,2025-11-21,Pending,Cash on Delivery
ORD000310,CUST00218,2025-08-06,delivered,Cash on Delivery
ORD001936,CUST00133,2024-08-29,Delivered,UPI
ORD004988,CUST00185,2023-11-24,Delivered,UPI
ORD003045,CUST00454,2024-03-07,Shipped,Credit Card
ORD000169,CUST00137,2023-01-10,Delivered,upi
ORD002320,CUST00200,2025-12-17,Delivered,Net Banking
ORD001560,CUST00556,2023-12-19,Returned,COD
ORD003331,CUST00244,2023-09-19,DELIVERED,COD
ORD002215,CUST00245,2024-08-30,Shipped,Cash on Delivery
ORD000837,CUST00027,2023-11-06,Shipped,Net Banking
ORD000448,CUST00132,2023-09-30,delivered,Net Banking
ORD000384,CUST00471,2023-01-25,Returned,UPI
ORD000657,CUST00105,2025-09-11,Shipped,Cash on Delivery
ORD000704,CUST00453,2025-07-11,delivered,COD
ORD001850,CUST00537,2024-08-31,Returned,UPI
ORD002681,CUST00544,2023-10-10,Delivered,Credit Card
ORD004449,CUST00467,2023-01-24,Shipped,Credit Card
ORD003190,CUST00552,2025-09-21,delivered,COD
ORD003083,CUST00308,2024-11-24,delivered,COD
ORD000777,CUST00314,2024-08-25,Returned,Debit Card
ORD000367,CUST00032,2025-01-29,delivered,UPI
ORD001891,CUST00209,2024-04-02,Delivered,COD
ORD002521,CUST00473,2023-12-15,Shipped,Debit Card
ORD000886,CUST00396,2024-10-18,Pending,UPI
ORD001890,CUST00056,2024-04-16,Returned,Debit Card
ORD004041,CUST00081,2023-07-20,Cancelled,Net Banking
ORD000107,CUST00357,2025-07-11,Pending,Net Banking
ORD004364,CUST00373,2024-10-12,Cancelled,upi
ORD002307,CUST00210,2024-05-03,Delivered,Cash on Delivery
ORD003269,CUST00199,2025-09-23,Delivered,Debit Card
ORD001367,CUST00224,2025-06-27,Pending,upi
ORD004262,CUST00045,2025-04-29,Returned,Debit Card
ORD000997,CUST00005,2023-09-30,Delivered,Net Banking
ORD002028,CUST00157,2025-02-07,delivered,upi
ORD000393,CUST00075,2024-01-02,Shipped,UPI
ORD000246,CUST00346,2025-04-05,Cancelled,COD
ORD000123,CUST00368,2023-07-11,Delivered,UPI
ORD001283,CUST00415,2024-07-15,delivered,COD
ORD002478,CUST00415,2023-09-30,Returned,upi
ORD001949,CUST00567,2023-07-06,Pending,COD
ORD001905,CUST00310,2025-06-17,Shipped,upi
ORD001389,CUST00468,2024-12-09,Delivered,Debit Card
ORD000041,CUST00078,2024-01-18,Shipped,UPI
ORD000128,CUST00332,2024-06-04,Pending,Cash on Delivery
ORD002390,CUST00230,2024-12-23,DELIVERED,UPI
ORD002228,CUST00012,2024-05-31,Shipped,Cash on Delivery
ORD001677,CUST00484,2024-09-21,Delivered,Debit Card
ORD003832,CUST00435,2025-08-12,delivered,UPI
ORD004747,CUST00268,2025-01-03,DELIVERED,Debit Card
ORD002340,CUST00411,2023-05-21,Pending,Cash on Delivery
ORD000288,CUST00427,2024-03-21,Returned,UPI
ORD004077,CUST00356,2023-02-20,Cancelled,Credit Card
ORD002956,CUST00509,2023-11-27,Cancelled,Cash on Delivery
ORD001697,CUST00211,2023-01-26,Cancelled,Debit Card
ORD003288,CUST00027,2023-07-02,delivered,upi
ORD004913,CUST00284,2024-06-05,Pending,COD
ORD004500,CUST00212,2024-05-03,Delivered,COD
ORD003246,CUST00530,2024-04-11,Shipped,upi
ORD003193,CUST00293,2023-08-13,Delivered,upi
ORD001374,CUST00067,2023-05-12,Delivered,Net Banking
ORD004984,CUST00347,2024-11-10,DELIVERED,COD
ORD000131,CUST00549,2024-11-24,Cancelled,upi
ORD003812,CUST00464,2025-03-17,delivered,UPI
ORD004783,CUST00215,2024-09-13,delivered,Debit Card
ORD000621,CUST00410,2023-02-11,DELIVERED,upi
ORD004511,CUST00036,2025-05-09,Cancelled,upi
ORD000696,CUST00317,2023-09-07,delivered,Debit Card
ORD002674,CUST00036,2024-01-24,Shipped,Debit Card
ORD002845,CUST00086,2024-01-18,Cancelled,Credit Card
ORD001838,CUST00465,2023-11-26,Shipped,COD
ORD001636,CUST00398,2023-05-03,delivered,UPI
ORD002238,CUST00417,2025-01-29,Pending,COD
ORD000612,CUST00141,2023-06-19,Pending,upi
ORD000050,CUST00437,2023-06-24,delivered,UPI
ORD003785,CUST00101,2025-05-08,delivered,Cash on Delivery
ORD000206,CUST00484,2023-06-27,Delivered,Net Banking
ORD003718,CUST00509,2023-09-30,DELIVERED,Cash on Delivery
ORD001563,CUST00406,2025-02-03,Shipped,UPI
ORD002817,CUST00548,2024-09-18,Pending,upi
ORD000407,CUST00163,2023-12-24,DELIVERED,UPI
ORD001768,CUST00228,2025-08-25,Delivered,Net Banking
ORD002154,CUST00247,2023-05-15,DELIVERED,Credit Card
ORD001568,CUST00540,2025-07-20,Shipped,upi
ORD001252,CUST00531,2025-10-26,DELIVERED,Credit Card
ORD000789,CUST00306,2023-03-12,Pending,UPI
ORD000146,CUST00573,2025-05-23,Shipped,COD
ORD000212,CUST00570,2024-11-20,Delivered,Credit Card
ORD002548,CUST00239,2024-05-25,Pending,COD
ORD003394,CUST00169,2025-01-14,Delivered,Debit Card
ORD002186,CUST00256,2023-12-01,DELIVERED,Cash on Delivery
ORD000442,CUST00187,2024-02-24,delivered,Net Banking
ORD003720,CUST00546,2024-05-02,Returned,COD
ORD001718,CUST00462,2025-11-11,Shipped,UPI
ORD000707,CUST00117,2024-03-13,Shipped,UPI
ORD003920,CUST00585,2024-01-03,Returned,Credit Card
ORD002759,CUST00496,2025-10-04,Cancelled,upi
ORD002645,CUST00582,2023-12-23,delivered,UPI
ORD002843,CUST00387,2024-08-27,DELIVERED,COD
ORD004659,CUST00548,2024-11-04,Delivered,Cash on Delivery
ORD003410,CUST00214,2023-03-10,Cancelled,UPI
ORD001086,CUST00480,2023-11-18,Shipped,Credit Card
ORD003783,CUST00160,2025-02-10,DELIVERED,Debit Card
ORD004743,CUST00411,2025-02-14,Cancelled,Cash on Delivery
ORD004310,CUST00196,2023-01-01,Cancelled,Credit Card
ORD003699,CUST00184,2025-12-21,delivered,UPI
ORD004493,CUST00316,2023-02-04,Delivered,Credit Card
ORD001223,CUST00528,2024-04-15,Cancelled,Net Banking
ORD003449,CUST00132,2025-11-20,delivered,Cash on Delivery
ORD002032,CUST00223,2024-05-10,delivered,Net Banking
ORD004494,CUST00465,2025-12-25,DELIVERED,Debit Card
ORD001529,CUST00015,2023-10-02,Cancelled,UPI
ORD000727,CUST00397,2024-05-17,delivered,COD
ORD000751,CUST00406,2023-08-18,Delivered,Debit Card
ORD003942,CUST00329,2024-07-21,DELIVERED,UPI
ORD001667,CUST00301,2024-06-15,Pending,COD
ORD002353,CUST00532,2024-09-12,Returned,Cash on Delivery
ORD003546,CUST00367,2023-01-27,delivered,Debit Card
ORD001048,CUST00506,2024-06-14,Shipped,upi
ORD001597,CUST00230,2025-10-26,Pending,UPI
ORD003050,CUST00066,2025-08-02,Cancelled,Credit Card
ORD000619,CUST00037,2023-03-12,Shipped,Cash on Delivery
ORD001945,CUST00245,2025-02-04,Cancelled,upi
ORD002286,CUST00538,2023-08-10,DELIVERED,COD
ORD003013,CUST00249,2023-05-04,Shipped,Credit Card
ORD002991,CUST00596,2024-09-24,delivered,Debit Card
ORD002406,CUST00543,2024-12-15,Cancelled,UPI
ORD003981,CUST00411,2023-02-16,delivered,Cash on Delivery
ORD001908,CUST00437,2024-04-06,Pending,upi
ORD002229,CUST00299,2023-05-29,Pending,Credit Card
ORD001135,CUST00534,2025-04-13,Returned,COD
ORD003075,CUST00525,2025-07-28,Pending,Credit Card
ORD000591,CUST00596,2025-02-14,Cancelled,Cash on Delivery
ORD000592,CUST00405,2025-07-11,Cancelled,Cash on Delivery
ORD002599,CUST00300,2025-07-26,delivered,UPI
ORD000405,CUST00045,2024-01-01,delivered,COD
ORD001268,CUST00168,2024-12-01,Pending,Cash on Delivery
ORD004567,CUST00490,2024-09-22,Shipped,Net Banking
ORD002927,CUST00048,2024-08-26,Cancelled,Credit Card
ORD001978,CUST00289,2024-11-05,DELIVERED,Net Banking
ORD002546,CUST00510,2023-01-01,Cancelled,Cash on Delivery
ORD004148,CUST00047,2024-11-01,Returned,Debit Card
ORD000309,CUST00529,2025-09-17,Cancelled,Cash on Delivery
ORD002635,CUST00271,2023-09-30,Pending,Net Banking
ORD002257,CUST00600,2023-01-16,Cancelled,COD
ORD003442,CUST00004,2024-06-06,Shipped,Net Banking
ORD000984,CUST00407,2025-07-23,Cancelled,COD
ORD003199,CUST00006,2024-12-04,Delivered,COD
ORD001521,CUST00397,2024-02-25,DELIVERED,Cash on Delivery
ORD003902,CUST00423,2024-02-13,Delivered,Credit Card
ORD004108,CUST00161,2023-08-03,Pending,Net Banking
ORD000882,CUST00477,2023-05-25,Pending,Net Banking
ORD002315,CUST00299,2023-09-26,Returned,UPI
ORD000409,CUST00139,2023-11-07,Returned,Credit Card
ORD001115,CUST00075,2023-02-16,Cancelled,Credit Card
ORD004038,CUST00015,2025-04-20,delivered,Debit Card
ORD003436,CUST00525,2023-03-30,Returned,COD
ORD004296,CUST00309,2025-09-06,Returned,Debit Card
ORD002825,CUST00548,2025-03-24,Cancelled,UPI
ORD004601,CUST00463,2023-03-16,Delivered,COD
ORD004093,CUST00211,2025-12-27,Shipped,Cash on Delivery
ORD002898,CUST00373,2023-05-10,DELIVERED,upi
ORD000232,CUST00126,2025-05-01,Shipped,COD
ORD004507,CUST00013,2023-09-10,Shipped,Net Banking
ORD000272,CUST00250,2025-06-14,Cancelled,UPI
ORD001145,CUST00190,2024-03-23,delivered,COD
ORD003105,CUST00586,2024-02-10,Shipped,Credit Card
ORD001100,CUST00335,2024-03-05,Shipped,UPI
ORD004037,CUST00328,2025-03-03,Cancelled,upi
ORD003990,CUST00397,2025-11-27,Pending,upi
ORD003948,CUST00265,2024-11-25,Delivered,upi
ORD004020,CUST00187,2024-11-25,DELIVERED,Debit Card
ORD001459,CUST00151,2024-10-16,Returned,Net Banking
ORD004370,CUST00201,2024-12-03,Returned,COD
ORD002967,CUST00066,2023-09-22,DELIVERED,UPI
ORD000143,CUST00016,2025-07-26,Cancelled,Debit Card
ORD004737,CUST00343,2023-11-11,DELIVERED,UPI
ORD004770,CUST00040,2025-04-09,delivered,upi
ORD003664,CUST00240,2023-10-27,Shipped,Cash on Delivery
ORD004294,CUST00086,2023-06-08,Returned,Credit Card
ORD003564,CUST00481,2024-06-02,Cancelled,UPI
ORD003533,CUST00179,2025-08-21,DELIVERED,Cash on Delivery
ORD000698,CUST00496,2024-05-22,Returned,upi
ORD003471,CUST00030,2024-03-14,DELIVERED,Debit Card
ORD002684,CUST00469,2024-06-18,Shipped,upi
ORD000278,CUST00485,2025-01-03,delivered,upi
ORD001074,CUST00359,2025-09-15,Shipped,UPI
ORD000162,CUST00151,2023-02-07,Returned,upi
ORD000684,CUST00400,2023-02-02,delivered,Net Banking
ORD003226,CUST00094,2024-01-22,Delivered,COD
ORD001084,CUST00253,2025-01-05,Cancelled,Net Banking
ORD004051,CUST00569,2025-09-10,delivered,COD
ORD004317,CUST00103,2023-10-28,delivered,Debit Card
ORD001622,CUST00109,2025-07-16,Delivered,Cash on Delivery
ORD004736,CUST00529,2024-01-02,Shipped,Credit Card
ORD002233,CUST00466,2023-12-28,Delivered,Cash on Delivery
ORD000764,CUST00346,2024-05-19,delivered,upi
ORD000095,CUST00059,2024-07-12,Delivered,upi
ORD001717,CUST00481,2024-04-22,DELIVERED,Cash on Delivery
ORD003578,CUST00246,2023-10-15,delivered,Net Banking
ORD004323,CUST00214,2025-04-29,Pending,upi
ORD003383,CUST00530,2024-11-29,DELIVERED,Net Banking
ORD002100,CUST00135,2024-05-07,Cancelled,Credit Card
ORD004715,CUST00135,2024-11-01,Returned,Credit Card
ORD001430,CUST00041,2024-01-15,delivered,upi
ORD004354,CUST00381,2024-09-29,Delivered,Debit Card
ORD003741,CUST00312,2024-02-11,delivered,upi
ORD002551,CUST00240,2025-11-18,Pending,Net Banking
ORD004606,CUST00386,2023-03-12,Pending,Net Banking
ORD002479,CUST00422,2024-05-16,Shipped,Debit Card
ORD000035,CUST00028,2025-06-06,delivered,UPI
ORD004867,CUST00215,2025-08-21,Returned,COD
ORD000953,CUST00025,2023-06-28,Cancelled,UPI
ORD004313,CUST00433,2025-12-23,Delivered,Credit Card
ORD001029,CUST00347,2024-12-05,Returned,COD
ORD003398,CUST00235,2023-12-06,delivered,Net Banking
ORD000058,CUST00179,2024-08-08,Pending,upi
ORD001842,CUST00231,2023-10-29,Cancelled,Credit Card
ORD001946,CUST00240,2024-08-30,Returned,upi
ORD003117,CUST00345,2025-12-26,Delivered,Net Banking
ORD001164,CUST00352,2025-01-23,Returned,UPI
ORD004912,CUST00351,2025-08-22,DELIVERED,Net Banking
ORD000879,CUST00537,2023-11-03,Cancelled,UPI
ORD004849,CUST00539,2024-05-02,delivered,Debit Card
ORD004302,CUST00323,2025-01-14,Shipped,Cash on Delivery
ORD000912,CUST00357,2024-03-25,Delivered,Net Banking
ORD002098,CUST00082,2025-03-30,DELIVERED,UPI
ORD001472,CUST00359,2023-11-05,Returned,upi
ORD004593,CUST00245,2024-02-08,Returned,upi
ORD002671,CUST00511,2023-07-21,DELIVERED,Credit Card
ORD001816,CUST00088,2024-05-15,DELIVERED,upi
ORD004680,CUST00351,2023-06-20,Delivered,COD
ORD004411,CUST00003,2023-03-06,Cancelled,Debit Card
ORD000842,CUST00048,2025-02-21,Delivered,Cash on Delivery
ORD002022,CUST00306,2023-03-30,Shipped,COD
ORD002078,CUST00158,2024-02-04,Delivered,upi
ORD000267,CUST00235,2024-10-20,Pending,Cash on Delivery
ORD003692,CUST00316,2024-01-09,Delivered,Net Banking
ORD002142,CUST00429,2024-03-01,Returned,COD
ORD003113,CUST00575,2023-02-06,delivered,upi
ORD002064,CUST00203,2024-02-15,DELIVERED,Credit Card
ORD002420,CUST00577,2024-08-16,Pending,upi
ORD000854,CUST00565,2024-11-16,DELIVERED,Net Banking
ORD001250,CUST00308,2024-02-10,Pending,COD
ORD004237,CUST00209,2023-11-05,Returned,Net Banking
ORD004474,CUST00455,2023-05-15,delivered,UPI
ORD004626,CUST00321,2023-04-24,Returned,Credit Card
ORD003975,CUST00219,2023-07-21,Cancelled,Net Banking
ORD002953,CUST00225,2023-04-12,Delivered,UPI
ORD003178,CUST00004,2023-03-08,Cancelled,Net Banking
ORD001110,CUST00474,2025-01-07,Shipped,Net Banking
ORD003362,CUST00330,2024-02-28,Pending,Cash on Delivery
ORD003409,CUST00495,2024-03-04,Returned,Credit Card
ORD003438,CUST00275,2024-06-02,Cancelled,UPI
ORD001572,CUST00287,2024-02-17,DELIVERED,upi
ORD004059,CUST00419,2023-01-10,Shipped,Debit Card
ORD000433,CUST00269,2024-01-07,delivered,UPI
ORD004504,CUST00342,2023-04-26,Delivered,Net Banking
ORD000491,CUST00005,2024-11-17,Cancelled,upi
ORD002294,CUST00561,2025-03-28,Shipped,UPI
ORD002265,CUST00240,2024-03-17,DELIVERED,Cash on Delivery
ORD003302,CUST00588,2023-10-09,Delivered,Debit Card
ORD001741,CUST00594,2023-06-22,Returned,Net Banking
ORD002629,CUST00060,2023-12-04,DELIVERED,Debit Card
ORD000088,CUST00151,2023-10-14,Cancelled,Cash on Delivery
ORD000806,CUST00323,2024-04-15,Delivered,Credit Card
ORD003639,CUST00237,2024-05-19,Delivered,Cash on Delivery
ORD001090,CUST00443,2023-07-28,DELIVERED,UPI
ORD001858,CUST00273,2024-05-30,Returned,Credit Card
ORD000505,CUST00491,2024-03-18,Cancelled,Debit Card
ORD002011,CUST00521,2025-04-09,Pending,Cash on Delivery
ORD004125,CUST00378,2024-06-22,DELIVERED,Cash on Delivery
ORD004347,CUST00172,2025-07-20,Delivered,COD
ORD001859,CUST00325,2025-10-31,Returned,COD
ORD003657,CUST00249,2025-01-30,DELIVERED,Credit Card
ORD003067,CUST00331,2023-05-07,Pending,COD
ORD002203,CUST00289,2024-08-03,Cancelled,COD
ORD001347,CUST00246,2023-03-29,Delivered,Debit Card
ORD003142,CUST00321,2024-03-02,Delivered,Debit Card
ORD003406,CUST00244,2024-05-27,delivered,upi
ORD003405,CUST00414,2025-02-24,Delivered,Credit Card
ORD000972,CUST00588,2025-05-14,Cancelled,COD
ORD002896,CUST00017,2025-01-13,Delivered,UPI
ORD004086,CUST00116,2023-02-15,Cancelled,Credit Card
ORD000459,CUST00286,2025-11-11,delivered,Cash on Delivery
ORD001437,CUST00498,2025-04-17,DELIVERED,Cash on Delivery
ORD003091,CUST00050,2025-05-04,Delivered,upi
ORD004868,CUST00529,2025-05-30,delivered,COD
ORD003569,CUST00250,2024-04-06,Pending,upi
ORD001105,CUST00513,2025-04-23,Cancelled,UPI
ORD003135,CUST00491,2023-12-03,DELIVERED,Credit Card
ORD004661,CUST00236,2024-07-30,Cancelled,Net Banking
ORD003909,CUST00368,2023-01-01,Returned,UPI
ORD002514,CUST00188,2024-09-22,Returned,Net Banking
ORD003845,CUST00206,2024-08-19,delivered,Net Banking
ORD001140,CUST00266,2024-03-03,Shipped,UPI
ORD003516,CUST00073,2023-01-23,delivered,COD
ORD003128,CUST00406,2023-03-06,Returned,Cash on Delivery
ORD002198,CUST00450,2024-07-01,DELIVERED,Cash on Delivery
ORD002072,CUST00253,2023-07-17,Shipped,upi
ORD000710,CUST00334,2025-05-17,delivered,Net Banking
ORD000712,CUST00337,2025-12-25,DELIVERED,Credit Card
ORD002334,CUST00183,2024-11-29,DELIVERED,upi
ORD000015,CUST00513,2024-02-16,Cancelled,Net Banking
ORD003768,CUST00210,2025-11-12,delivered,Debit Card
ORD002835,CUST00013,2024-11-15,delivered,Cash on Delivery
ORD004036,CUST00490,2023-09-18,Shipped,COD
ORD002486,CUST00101,2025-03-18,Returned,Cash on Delivery
ORD003524,CUST00009,2023-07-08,DELIVERED,UPI
ORD002701,CUST00533,2025-03-27,Pending,Cash on Delivery
ORD004495,CUST00581,2025-09-07,Pending,Net Banking
ORD003525,CUST00415,2023-04-13,DELIVERED,Cash on Delivery
ORD003098,CUST00183,2023-09-11,delivered,Credit Card
ORD004467,CUST00379,2023-10-11,Delivered,Debit Card
ORD001066,CUST00577,2023-02-02,DELIVERED,upi
ORD004630,CUST00362,2023-04-05,delivered,Credit Card
ORD002029,CUST00431,2023-12-09,Returned,upi
ORD004880,CUST00190,2025-09-05,DELIVERED,COD
ORD000184,CUST00154,2023-10-19,Pending,UPI
ORD004518,CUST00539,2025-09-08,Returned,Credit Card
ORD004193,CUST00355,2023-02-11,DELIVERED,upi
ORD001687,CUST00301,2023-01-23,Shipped,COD
ORD002357,CUST00256,2023-06-17,Returned,COD
ORD000089,CUST00199,2023-02-15,DELIVERED,Debit Card
ORD004343,CUST00392,2025-05-12,DELIVERED,COD
ORD000866,CUST00579,2023-02-16,Returned,Credit Card
ORD003254,CUST00494,2023-04-21,Shipped,upi
ORD001299,CUST00387,2024-12-26,Shipped,COD
ORD002425,CUST00035,2025-06-05,Cancelled,Debit Card
ORD000942,CUST00301,2024-08-16,Cancelled,UPI
ORD002372,CUST00555,2025-12-21,Shipped,COD
ORD004892,CUST00549,2025-04-26,delivered,Cash on Delivery
ORD002167,CUST00273,2025-02-10,Cancelled,Credit Card
ORD000476,CUST00125,2023-08-19,Cancelled,Debit Card
ORD001857,CUST00479,2025-11-24,Delivered,Credit Card
ORD001109,CUST00019,2024-09-09,Shipped,Credit Card
ORD002771,CUST00110,2024-04-05,DELIVERED,Net Banking
ORD001062,CUST00544,2024-03-17,Shipped,Credit Card
ORD002596,CUST00057,2023-10-14,Cancelled,COD
ORD001079,CUST00474,2023-05-07,DELIVERED,COD
ORD000420,CUST00016,2025-05-08,DELIVERED,Credit Card
ORD004397,CUST00286,2024-03-19,delivered,COD
ORD004937,CUST00376,2023-02-27,Shipped,UPI
ORD003512,CUST00318,2025-06-20,Shipped,Net Banking
ORD003825,CUST00336,2025-03-25,DELIVERED,Debit Card
ORD000551,CUST00115,2023-07-04,Shipped,Credit Card
ORD001730,CUST00343,2025-05-08,Shipped,Debit Card
ORD000855,CUST00557,2023-06-04,Shipped,upi
ORD004147,CUST00057,2023-02-27,Cancelled,Net Banking
ORD004098,CUST00274,2024-03-26,Shipped,UPI
ORD004848,CUST00217,2025-10-17,Cancelled,COD
ORD001082,CUST00352,2023-10-06,Cancelled,upi
ORD000034,CUST00308,2023-07-25,Cancelled,UPI
ORD004816,CUST00154,2025-08-01,Returned,Cash on Delivery
ORD002009,CUST00461,2024-11-01,Returned,Debit Card
ORD000555,CUST00499,2023-05-01,Delivered,Cash on Delivery
ORD004458,CUST00350,2025-05-09,Cancelled,Debit Card
ORD002240,CUST00524,2025-01-20,Pending,Net Banking
ORD002295,CUST00162,2024-04-27,Cancelled,UPI
ORD002742,CUST00414,2024-08-06,Pending,Net Banking
ORD004802,CUST00093,2025-09-07,DELIVERED,COD
ORD000154,CUST00074,2023-06-19,Pending,upi
ORD000510,CUST00001,2025-07-17,Delivered,Credit Card
ORD001530,CUST00392,2025-10-18,DELIVERED,Cash on Delivery
ORD004930,CUST00471,2023-06-10,Delivered,Cash on Delivery
ORD001088,CUST00444,2024-10-22,Returned,Net Banking
ORD004877,CUST00146,2024-01-04,DELIVERED,upi
ORD004817,CUST00171,2025-02-24,DELIVERED,Credit Card
ORD001228,CUST00522,2023-08-31,DELIVERED,Cash on Delivery
ORD003765,CUST00302,2025-12-19,Pending,Net Banking
ORD002601,CUST00191,2024-09-07,DELIVERED,COD
ORD003352,CUST00024,2025-03-19,Delivered,Credit Card
ORD004663,CUST00571,2025-06-02,delivered,COD
ORD002194,CUST00573,2023-09-16,Pending,Credit Card
ORD001372,CUST00563,2023-11-17,delivered,Credit Card
ORD000839,CUST00460,2024-04-16,Shipped,Credit Card
ORD003653,CUST00271,2024-01-24,DELIVERED,Net Banking
ORD002600,CUST00588,2023-07-05,delivered,COD
ORD001325,CUST00067,2025-07-19,Cancelled,Debit Card
ORD004265,CUST00241,2023-12-29,Pending,COD
ORD003928,CUST00224,2024-10-14,Shipped,Net Banking
ORD004420,CUST00438,2024-06-20,Shipped,Debit Card
ORD002854,CUST00203,2023-07-30,Returned,Cash on Delivery
ORD002554,CUST00235,2024-12-31,Returned,Credit Card
ORD000430,CUST00181,2024-12-03,Returned,Credit Card
ORD003659,CUST00123,2025-06-24,Shipped,Net Banking
ORD004864,CUST00318,2023-05-30,Shipped,upi
ORD000314,CUST00194,2025-11-09,Pending,Cash on Delivery
ORD004157,CUST00127,2024-08-06,Shipped,UPI
ORD004210,CUST00295,2025-11-16,Cancelled,COD
ORD004591,CUST00328,2023-11-30,DELIVERED,upi
ORD003347,CUST00020,2025-08-14,delivered,Net Banking
ORD000282,CUST00017,2024-12-06,Pending,COD
ORD001051,CUST00455,2024-10-12,Cancelled,Credit Card
ORD001045,CUST00564,2023-03-31,Shipped,Net Banking
ORD003307,CUST00466,2023-04-04,Delivered,UPI
ORD001548,CUST00325,2025-09-28,Delivered,Credit Card
ORD000337,CUST00230,2024-11-16,delivered,Debit Card
ORD002135,CUST00238,2023-03-17,Pending,Net Banking
ORD000726,CUST00266,2023-05-14,Delivered,COD
ORD001209,CUST00507,2025-09-26,DELIVERED,Cash on Delivery
ORD001022,CUST00155,2024-08-09,Cancelled,Cash on Delivery
ORD003745,CUST00290,2025-03-31,delivered,UPI
ORD004227,CUST00337,2025-06-28,Shipped,Net Banking
ORD000020,CUST00071,2023-05-29,Pending,upi
ORD001679,CUST00158,2023-10-13,DELIVERED,UPI
ORD001550,CUST00325,2023-01-15,DELIVERED,UPI
ORD002664,CUST00352,2024-10-06,DELIVERED,Net Banking
ORD003137,CUST00129,2024-05-23,Returned,COD
ORD001728,CUST00316,2025-02-22,Delivered,upi
ORD002436,CUST00179,2024-05-19,Shipped,UPI
ORD002232,CUST00217,2025-03-24,delivered,Cash on Delivery
ORD000649,CUST00496,2023-10-08,Delivered,upi
ORD004424,CUST00579,2025-12-05,Delivered,COD
ORD000116,CUST00188,2023-08-09,Returned,Cash on Delivery
ORD001872,CUST00450,2025-03-15,DELIVERED,upi
ORD000745,CUST00122,2023-03-24,Shipped,Credit Card
ORD001992,CUST00570,2024-05-29,Delivered,Credit Card
ORD001932,CUST00073,2023-06-28,Delivered,UPI
ORD000983,CUST00442,2025-11-10,Delivered,Debit Card
ORD003732,CUST00214,2025-05-08,delivered,UPI
ORD002082,CUST00458,2024-01-04,Shipped,Debit Card
ORD003434,CUST00008,2024-01-12,Shipped,Net Banking
ORD000549,CUST00099,2024-11-17,Pending,Net Banking
ORD002704,CUST00063,2025-04-18,Shipped,upi
ORD004082,CUST00171,2025-09-29,Returned,Credit Card
ORD002513,CUST00211,2025-03-01,delivered,Cash on Delivery
ORD002781,CUST00189,2024-01-17,Shipped,COD
ORD003918,CUST00069,2024-04-01,Pending,UPI
ORD001610,CUST00444,2023-12-20,Returned,Credit Card
ORD004018,CUST00057,2024-10-13,Returned,upi
ORD001189,CUST00243,2025-10-12,Cancelled,UPI
ORD004634,CUST00103,2025-06-06,Delivered,upi
ORD000415,CUST00327,2023-02-19,delivered,Net Banking
ORD000474,CUST00444,2023-09-24,DELIVERED,Debit Card
ORD003594,CUST00416,2023-07-06,delivered,Credit Card
ORD003236,CUST00155,2024-03-09,Returned,Net Banking
ORD001421,CUST00571,2023-05-21,delivered,UPI
ORD001463,CUST00152,2023-07-15,Shipped,Debit Card
ORD000762,CUST00114,2024-12-06,delivered,Debit Card
ORD002327,CUST00451,2023-07-26,Cancelled,UPI
ORD001997,CUST00007,2024-04-30,Returned,Net Banking
ORD002396,CUST00053,2024-10-22,Cancelled,upi
ORD000981,CUST00274,2025-04-15,Delivered,Cash on Delivery
ORD001539,CUST00342,2023-10-01,Shipped,Net Banking
ORD003361,CUST00485,2023-01-14,Cancelled,Cash on Delivery
ORD001581,CUST00450,2023-08-03,DELIVERED,upi
ORD003526,CUST00282,2023-10-06,Delivered,Cash on Delivery
ORD001370,CUST00312,2025-05-11,Returned,Cash on Delivery
ORD004617,CUST00198,2023-04-25,Pending,COD
ORD000353,CUST00120,2023-03-03,Returned,upi
ORD001009,CUST00052,2024-05-06,Delivered,COD
ORD002727,CUST00238,2024-02-27,Delivered,COD
ORD001845,CUST00522,2023-06-19,delivered,UPI
ORD001196,CUST00150,2025-09-07,delivered,COD
ORD003915,CUST00348,2024-04-05,Cancelled,Debit Card
ORD002593,CUST00080,2025-12-07,Delivered,Credit Card
ORD001503,CUST00110,2024-06-23,Cancelled,COD
ORD000371,CUST00225,2024-12-09,Pending,Credit Card
ORD001763,CUST00047,2024-01-24,Shipped,Credit Card
ORD003978,CUST00078,2023-01-02,Returned,upi
ORD003448,CUST00013,2023-02-20,Shipped,Debit Card
ORD004924,CUST00519,2023-09-24,Shipped,Credit Card
ORD004604,CUST00531,2023-07-04,Delivered,Debit Card
ORD003580,CUST00277,2023-12-06,delivered,upi
ORD003996,CUST00328,2025-01-20,Shipped,Debit Card
ORD004717,CUST00436,2025-05-31,Returned,Debit Card
ORD002231,CUST00299,2023-08-08,Returned,Net Banking
ORD004134,CUST00277,2023-05-09,Shipped,upi
ORD002567,CUST00035,2024-04-16,Cancelled,Credit Card
ORD000030,CUST00042,2023-08-26,Delivered,upi
ORD002885,CUST00214,2025-12-17,DELIVERED,COD
ORD000248,CUST00301,2024-04-10,Pending,Cash on Delivery
ORD002535,CUST00558,2023-04-09,Shipped,Net Banking
ORD004577,CUST00541,2023-12-29,Delivered,UPI
ORD000992,CUST00474,2023-01-12,Shipped,Cash on Delivery
ORD001447,CUST00443,2025-04-01,Pending,Credit Card
ORD000857,CUST00583,2023-11-10,Returned,COD
ORD001005,CUST00101,2024-03-01,Delivered,upi
ORD002328,CUST00111,2024-03-21,Shipped,Debit Card
ORD001643,CUST00374,2023-08-25,Pending,upi
ORD002456,CUST00225,2024-09-06,Shipped,Credit Card
ORD002952,CUST00010,2025-09-02,Delivered,upi
ORD002088,CUST00275,2023-09-07,Cancelled,UPI
ORD001429,CUST00278,2024-10-22,delivered,Net Banking
ORD002828,CUST00255,2023-01-20,Delivered,Debit Card
ORD000889,CUST00294,2024-11-28,Cancelled,Net Banking
ORD000324,CUST00453,2024-08-07,delivered,Cash on Delivery
ORD001802,CUST00382,2025-08-17,Delivered,UPI
ORD003748,CUST00269,2023-09-23,Pending,Net Banking
ORD000573,CUST00201,2024-07-05,Returned,COD
ORD004272,CUST00077,2023-05-23,DELIVERED,upi
ORD003103,CUST00069,2025-12-15,Shipped,Net Banking
ORD004887,CUST00094,2024-08-10,Cancelled,Debit Card
ORD000843,CUST00105,2024-06-08,Returned,UPI
ORD002033,CUST00123,2023-06-12,Delivered,Debit Card
ORD002175,CUST00582,2023-12-27,Cancelled,upi
ORD003224,CUST00523,2024-10-24,Delivered,upi
ORD004221,CUST00304,2024-09-18,Returned,COD
ORD004180,CUST00278,2023-12-11,delivered,upi
ORD003821,CUST00023,2024-10-29,Pending,Net Banking
ORD001406,CUST00357,2024-03-14,Pending,Debit Card
ORD003711,CUST00059,2023-08-21,Cancelled,Debit Card
ORD000286,CUST00217,2025-06-17,Shipped,Net Banking
ORD001641,CUST00465,2023-03-04,delivered,Cash on Delivery
ORD000847,CUST00223,2023-08-23,DELIVERED,upi
ORD001889,CUST00584,2025-08-27,Pending,upi
ORD002928,CUST00286,2023-02-02,Returned,Cash on Delivery
ORD000870,CUST00480,2025-10-22,delivered,Credit Card
ORD001227,CUST00231,2025-02-23,Pending,upi
ORD000556,CUST00469,2024-10-31,Delivered,Credit Card
ORD004383,CUST00222,2024-02-13,DELIVERED,Credit Card
ORD000250,CUST00104,2025-06-24,Delivered,Net Banking
ORD001343,CUST00166,2023-10-31,delivered,upi
ORD001161,CUST00091,2023-10-29,Returned,UPI
ORD000175,CUST00009,2025-09-01,Returned,Cash on Delivery
ORD000504,CUST00191,2024-07-28,Returned,Debit Card
ORD004483,CUST00200,2025-05-27,Pending,COD
ORD002058,CUST00197,2023-07-24,Delivered,Debit Card
ORD003505,CUST00156,2024-09-05,Cancelled,UPI
ORD000414,CUST00102,2024-02-23,Shipped,Debit Card
ORD003267,CUST00522,2025-07-20,Delivered,COD
ORD002192,CUST00418,2025-09-15,DELIVERED,UPI
ORD003385,CUST00069,2024-01-15,Shipped,UPI
ORD004498,CUST00312,2025-06-07,Cancelled,Credit Card
ORD002176,CUST00553,2025-01-31,DELIVERED,upi
ORD002827,CUST00382,2023-05-29,Shipped,UPI
ORD000242,CUST00111,2024-05-23,Returned,upi
ORD002351,CUST00058,2024-11-12,DELIVERED,Net Banking
ORD000347,CUST00144,2023-07-08,Pending,Net Banking
ORD003495,CUST00408,2024-11-06,DELIVERED,upi
ORD001994,CUST00492,2023-04-16,DELIVERED,Cash on Delivery
ORD000994,CUST00232,2025-02-16,Returned,Credit Card
ORD002864,CUST00220,2025-04-09,Delivered,UPI
ORD002582,CUST00562,2025-12-04,delivered,COD
ORD001102,CUST00250,2023-11-08,Cancelled,Credit Card
ORD002519,CUST00469,2024-08-13,Delivered,upi
ORD003886,CUST00018,2023-05-05,Cancelled,upi
ORD001030,CUST00386,2025-08-21,Pending,UPI
ORD002037,CUST00526,2023-11-24,Delivered,Debit Card
ORD000086,CUST00564,2025-10-16,Pending,Credit Card
ORD004139,CUST00062,2024-09-29,Returned,Cash on Delivery
ORD001976,CUST00200,2025-02-01,Returned,upi
ORD000999,CUST00284,2023-12-21,Pending,upi
ORD000996,CUST00414,2025-11-10,delivered,Net Banking
ORD004709,CUST00478,2024-09-02,Returned,Cash on Delivery
ORD003233,CUST00132,2025-12-21,Returned,UPI
ORD001037,CUST00204,2025-08-22,Returned,Credit Card
ORD001599,CUST00040,2023-08-17,Cancelled,Credit Card
ORD002609,CUST00241,2023-05-17,Pending,COD
ORD000098,CUST00288,2025-02-02,Returned,Credit Card
ORD004897,CUST00155,2024-02-04,DELIVERED,Debit Card
ORD000170,CUST00450,2024-06-14,Returned,upi
ORD002565,CUST00119,2024-05-20,Pending,COD
ORD000733,CUST00084,2024-04-14,Returned,upi
ORD003062,CUST00523,2025-12-20,Shipped,Credit Card
ORD001811,CUST00513,2025-06-25,Returned,UPI
ORD001702,CUST00386,2024-08-02,Shipped,Net Banking
ORD003465,CUST00413,2024-10-11,DELIVERED,Credit Card
ORD003484,CUST00252,2024-06-03,Shipped,UPI
ORD001211,CUST00159,2023-02-06,Shipped,Cash on Delivery
ORD002586,CUST00242,2024-03-17,Delivered,COD
ORD003035,CUST00077,2024-12-21,DELIVERED,COD
ORD000385,CUST00249,2023-01-12,Shipped,UPI
ORD003834,CUST00108,2025-12-09,delivered,UPI
ORD003648,CUST00057,2023-12-06,Cancelled,UPI
ORD000864,CUST00513,2024-10-28,Returned,COD
ORD001368,CUST00294,2023-11-19,delivered,UPI
ORD000186,CUST00372,2024-10-04,Delivered,COD
ORD000094,CUST00002,2025-07-15,Shipped,Credit Card
ORD004694,CUST00002,2024-11-14,Returned,COD
ORD002254,CUST00224,2025-07-28,Cancelled,COD
ORD000654,CUST00401,2025-03-22,Shipped,Debit Card
ORD004028,CUST00572,2025-01-12,Delivered,Debit Card
ORD002014,CUST00288,2024-08-09,delivered,Credit Card
ORD004166,CUST00102,2025-05-03,Cancelled,Net Banking
ORD004648,CUST00148,2025-12-14,Shipped,COD
ORD003559,CUST00211,2023-04-27,Returned,Debit Card
ORD002800,CUST00589,2025-10-07,Delivered,Debit Card
ORD004119,CUST00342,2024-01-03,delivered,Net Banking
ORD004679,CUST00109,2023-07-24,delivered,Cash on Delivery
ORD000244,CUST00099,2025-06-21,DELIVERED,upi
ORD001783,CUST00021,2025-03-30,Shipped,UPI
ORD004269,CUST00504,2025-01-06,Cancelled,COD
ORD000680,CUST00435,2025-12-22,Delivered,Debit Card
ORD004642,CUST00510,2024-06-02,DELIVERED,Net Banking
ORD003205,CUST00044,2024-05-11,Cancelled,UPI
ORD001310,CUST00084,2025-10-12,delivered,Cash on Delivery
ORD004067,CUST00244,2023-01-13,Delivered,Net Banking
ORD004393,CUST00516,2025-12-15,DELIVERED,Credit Card
ORD001689,CUST00307,2025-11-12,Returned,Debit Card
ORD002179,CUST00406,2024-03-22,Returned,COD
ORD000811,CUST00070,2023-10-24,Delivered,Debit Card
ORD002693,CUST00177,2024-10-24,delivered,UPI
ORD002152,CUST00269,2023-06-20,delivered,upi
ORD004169,CUST00158,2023-04-27,delivered,Cash on Delivery
ORD002689,CUST00300,2024-06-13,DELIVERED,Cash on Delivery
ORD000118,CUST00406,2023-10-07,DELIVERED,Net Banking
ORD004525,CUST00094,2025-03-19,delivered,Cash on Delivery
ORD000672,CUST00007,2023-07-07,Pending,upi
ORD003702,CUST00250,2023-05-05,delivered,Cash on Delivery
ORD001537,CUST00095,2024-07-26,Shipped,COD
ORD002452,CUST00465,2024-10-07,DELIVERED,UPI
ORD001128,CUST00526,2023-10-03,Delivered,Cash on Delivery
ORD000607,CUST00298,2024-05-03,DELIVERED,COD
ORD003791,CUST00244,2024-06-02,Returned,upi
ORD003614,CUST00270,2023-04-12,Pending,COD
ORD000586,CUST00437,2023-07-05,Shipped,COD
ORD001176,CUST00594,2024-08-29,delivered,Debit Card
ORD004487,CUST00414,2023-07-03,Returned,Net Banking
ORD000421,CUST00500,2024-10-01,DELIVERED,Net Banking
ORD000911,CUST00222,2023-06-21,Delivered,Debit Card
ORD001036,CUST00235,2024-02-03,Cancelled,COD
ORD002856,CUST00379,2024-11-06,Returned,UPI
ORD002692,CUST00224,2024-02-13,Delivered,Cash on Delivery
ORD004017,CUST00213,2023-09-27,Cancelled,Net Banking
ORD003039,CUST00019,2024-09-12,Cancelled,UPI
ORD004821,CUST00526,2023-12-12,Pending,upi
ORD003589,CUST00411,2024-01-22,Pending,Cash on Delivery
ORD003037,CUST00025,2024-10-13,Delivered,Cash on Delivery
ORD003751,CUST00453,2024-07-26,delivered,upi
ORD004298,CUST00081,2025-06-10,DELIVERED,Cash on Delivery
ORD002269,CUST00338,2023-05-01,Pending,Credit Card
ORD003194,CUST00444,2024-01-11,DELIVERED,COD
ORD004384,CUST00438,2023-04-29,Shipped,upi
ORD001395,CUST00219,2024-05-06,DELIVERED,COD
ORD002356,CUST00582,2023-03-04,Shipped,Cash on Delivery
ORD002380,CUST00039,2024-01-01,Cancelled,Debit Card
ORD003356,CUST00521,2025-07-25,delivered,UPI
ORD000697,CUST00365,2023-04-14,Cancelled,COD
ORD000780,CUST00095,2025-09-06,Returned,UPI
ORD001342,CUST00262,2024-03-28,Shipped,Credit Card
ORD002789,CUST00011,2023-12-31,Cancelled,Net Banking
ORD001917,CUST00382,2023-07-17,Pending,Net Banking
ORD000139,CUST00237,2025-04-30,Cancelled,Net Banking
ORD001867,CUST00530,2023-05-26,Delivered,Debit Card
ORD003930,CUST00452,2025-12-02,Pending,COD
ORD002788,CUST00211,2024-02-14,Returned,Debit Card
ORD000396,CUST00457,2024-03-05,Delivered,Credit Card
ORD004295,CUST00263,2024-07-06,Pending,Cash on Delivery
ORD000303,CUST00091,2025-01-09,Cancelled,COD
ORD000238,CUST00344,2025-07-08,Pending,COD
ORD000432,CUST00101,2023-12-05,Shipped,Debit Card
ORD002798,CUST00381,2025-07-07,Returned,UPI
ORD002147,CUST00079,2025-04-18,Pending,Cash on Delivery
ORD003523,CUST00387,2025-09-19,Delivered,UPI
ORD003081,CUST00590,2024-04-04,Delivered,UPI
ORD002105,CUST00146,2025-05-20,Pending,UPI
ORD004556,CUST00064,2025-11-29,Shipped,UPI
ORD004691,CUST00428,2023-03-15,Returned,Debit Card
ORD001720,CUST00219,2024-08-04,DELIVERED,Cash on Delivery
ORD004808,CUST00558,2025-03-22,Pending,Net Banking
ORD002543,CUST00252,2024-04-10,Pending,UPI
ORD000535,CUST00380,2025-09-02,Shipped,Cash on Delivery
ORD003257,CUST00414,2023-09-13,Shipped,upi
ORD004565,CUST00496,2024-04-16,Shipped,Debit Card
ORD003104,CUST00104,2023-11-18,Returned,Credit Card
ORD003627,CUST00237,2025-11-04,Pending,Cash on Delivery
ORD003926,CUST00369,2025-04-13,DELIVERED,Credit Card
ORD000718,CUST00569,2023-10-24,DELIVERED,Cash on Delivery
ORD004068,CUST00237,2024-10-07,Cancelled,COD
ORD003126,CUST00115,2024-11-23,Pending,upi
ORD002288,CUST00377,2025-11-30,Delivered,Net Banking
ORD002397,CUST00586,2025-07-26,DELIVERED,Cash on Delivery
ORD001541,CUST00152,2024-04-26,Shipped,Credit Card
ORD003919,CUST00548,2024-10-31,Cancelled,Debit Card
ORD003481,CUST00161,2024-10-18,delivered,Debit Card
ORD002919,CUST00112,2025-09-03,Delivered,Net Banking
ORD000880,CUST00480,2025-04-14,Cancelled,COD
ORD004239,CUST00462,2024-08-16,Pending,Net Banking
ORD000832,CUST00258,2023-07-23,Cancelled,upi
ORD004963,CUST00326,2025-05-07,DELIVERED,upi
ORD004194,CUST00139,2025-05-10,Shipped,UPI
ORD003954,CUST00234,2024-01-01,Returned,Net Banking
ORD001855,CUST00123,2025-12-24,Pending,COD
ORD002683,CUST00310,2023-01-19,Pending,COD
ORD001743,CUST00337,2023-10-08,Delivered,UPI
ORD004710,CUST00169,2024-08-18,Shipped,upi
ORD004833,CUST00373,2023-10-05,delivered,Debit Card
ORD002505,CUST00268,2024-07-17,delivered,Debit Card
ORD003647,CUST00135,2023-07-30,Shipped,upi
ORD001002,CUST00200,2025-11-23,Pending,COD
ORD001488,CUST00342,2024-01-27,Returned,Debit Card
ORD002568,CUST00444,2024-06-02,delivered,Debit Card
ORD000513,CUST00050,2023-05-18,Delivered,COD
ORD004508,CUST00066,2024-06-03,Pending,Net Banking
ORD001507,CUST00534,2024-03-25,Delivered,Net Banking
ORD003562,CUST00271,2023-08-02,Pending,Net Banking
ORD002337,CUST00336,2025-12-26,Returned,Debit Card
ORD000079,CUST00106,2024-10-10,Shipped,Net Banking
ORD001609,CUST00120,2024-02-05,Pending,Net Banking
ORD004552,CUST00012,2025-04-16,Delivered,Credit Card
ORD003932,CUST00305,2025-04-17,Shipped,UPI
ORD001427,CUST00599,2025-12-20,Delivered,COD
ORD002889,CUST00226,2024-05-23,Shipped,upi
ORD000560,CUST00033,2025-11-03,Delivered,Cash on Delivery
ORD001435,CUST00092,2024-10-18,Returned,COD
ORD004146,CUST00242,2024-01-22,Shipped,Net Banking
ORD003887,CUST00390,2024-05-14,Delivered,COD
ORD004203,CUST00541,2024-01-18,Delivered,COD
ORD000307,CUST00052,2024-08-16,delivered,Debit Card
ORD003499,CUST00179,2024-09-24,Pending,upi
ORD001493,CUST00134,2024-01-06,delivered,Debit Card
ORD004270,CUST00271,2023-10-07,DELIVERED,Credit Card
ORD001964,CUST00283,2025-08-17,DELIVERED,COD
ORD001647,CUST00525,2023-09-21,Cancelled,Credit Card
ORD000563,CUST00182,2023-02-15,Delivered,Credit Card
ORD000682,CUST00003,2024-03-07,DELIVERED,Credit Card
ORD003452,CUST00317,2023-03-02,Pending,UPI
ORD004749,CUST00081,2024-08-16,DELIVERED,UPI
ORD001023,CUST00209,2023-07-18,Delivered,Cash on Delivery
ORD004916,CUST00337,2024-03-29,delivered,Credit Card
ORD001821,CUST00253,2023-04-04,Shipped,UPI
ORD000249,CUST00396,2024-11-06,delivered,Debit Card
ORD004183,CUST00574,2025-02-10,Pending,Cash on Delivery
ORD004001,CUST00576,2023-06-14,Pending,upi
ORD001896,CUST00461,2024-03-16,DELIVERED,Cash on Delivery
ORD002731,CUST00594,2023-05-18,delivered,Net Banking
ORD000301,CUST00041,2023-03-26,delivered,Debit Card
ORD001665,CUST00430,2024-09-08,DELIVERED,COD
ORD002371,CUST00420,2023-06-05,Returned,Net Banking
ORD002130,CUST00299,2023-08-25,Delivered,Net Banking
ORD001634,CUST00354,2025-01-10,Pending,Cash on Delivery
ORD003764,CUST00552,2023-06-19,Cancelled,Credit Card
ORD002460,CUST00018,2024-05-11,DELIVERED,Debit Card
ORD002920,CUST00348,2023-04-25,Delivered,upi
ORD000976,CUST00331,2024-06-14,Shipped,COD
ORD003779,CUST00544,2025-02-04,Shipped,Credit Card
ORD000919,CUST00345,2023-04-15,DELIVERED,UPI
ORD002424,CUST00598,2024-11-04,Delivered,Cash on Delivery
ORD003592,CUST00037,2023-10-24,delivered,Debit Card
ORD002438,CUST00245,2024-10-15,delivered,Net Banking
ORD001157,CUST00163,2024-09-29,Returned,Credit Card
ORD002922,CUST00432,2025-12-01,Pending,COD
ORD001760,CUST00422,2023-05-23,Cancelled,upi
ORD003000,CUST00483,2023-01-15,delivered,UPI
ORD001887,CUST00148,2025-02-14,delivered,Credit Card
ORD003864,CUST00095,2024-06-14,Delivered,Net Banking
ORD002206,CUST00096,2023-06-09,Pending,COD
ORD004809,CUST00048,2023-01-03,Cancelled,Debit Card
ORD003721,CUST00169,2025-02-26,Returned,COD
ORD004569,CUST00314,2024-11-21,Cancelled,upi
ORD002117,CUST00120,2024-12-30,delivered,UPI
ORD000760,CUST00230,2024-05-17,Shipped,UPI
ORD002528,CUST00324,2025-04-15,DELIVERED,UPI
ORD002976,CUST00299,2024-07-05,Pending,Cash on Delivery
ORD004973,CUST00589,2025-08-04,Cancelled,COD
ORD000428,CUST00576,2023-02-22,Returned,Net Banking
ORD002753,CUST00449,2023-06-03,Cancelled,COD
ORD000449,CUST00378,2025-05-21,delivered,Cash on Delivery
ORD000546,CUST00307,2024-10-10,Returned,UPI
ORD003676,CUST00471,2023-11-25,Delivered,Credit Card
ORD000689,CUST00542,2024-08-26,Delivered,COD
ORD003017,CUST00331,2023-12-20,Shipped,COD
ORD004008,CUST00026,2025-11-15,Pending,Cash on Delivery
ORD002685,CUST00016,2024-09-22,Returned,Credit Card
ORD004116,CUST00232,2024-11-11,Cancelled,upi
ORD000948,CUST00490,2024-08-28,Delivered,Debit Card
ORD004615,CUST00325,2025-09-27,Delivered,COD
ORD000831,CUST00418,2025-07-24,DELIVERED,Cash on Delivery
ORD002562,CUST00336,2025-06-06,delivered,Credit Card
ORD001147,CUST00014,2024-08-30,Pending,Cash on Delivery
ORD002837,CUST00442,2023-02-17,Pending,UPI
ORD001396,CUST00111,2023-02-10,Pending,Credit Card
ORD002501,CUST00442,2024-05-28,DELIVERED,COD
ORD001483,CUST00211,2024-03-11,Cancelled,upi
ORD004501,CUST00252,2024-12-10,Cancelled,upi
ORD002661,CUST00351,2023-09-21,Shipped,UPI
ORD002632,CUST00457,2024-08-13,Delivered,COD
ORD002630,CUST00427,2023-08-02,Returned,UPI
ORD002839,CUST00080,2023-06-17,Cancelled,upi
ORD002019,CUST00020,2025-07-03,Delivered,Credit Card
ORD002218,CUST00338,2023-06-04,Cancelled,upi
ORD003487,CUST00339,2024-10-11,Delivered,Cash on Delivery
ORD004807,CUST00542,2023-12-19,delivered,Net Banking
ORD004053,CUST00319,2024-04-16,Cancelled,Cash on Delivery
ORD004835,CUST00328,2023-11-24,Cancelled,upi
ORD001173,CUST00067,2025-11-14,Pending,Credit Card
ORD001941,CUST00342,2023-08-09,DELIVERED,upi
ORD003870,CUST00213,2023-01-24,Pending,COD
ORD000557,CUST00430,2023-02-20,DELIVERED,upi
ORD000749,CUST00169,2024-11-16,Cancelled,upi
ORD001515,CUST00501,2025-03-07,Returned,Net Banking
ORD001047,CUST00521,2023-11-08,delivered,Credit Card
ORD003231,CUST00004,2023-08-05,Shipped,upi
ORD004983,CUST00386,2024-12-09,Cancelled,Cash on Delivery
ORD000028,CUST00214,2024-05-11,Pending,Net Banking
ORD000462,CUST00306,2023-06-19,Shipped,Debit Card
ORD004895,CUST00549,2023-05-19,Returned,Cash on Delivery
ORD000833,CUST00562,2024-10-09,DELIVERED,upi
ORD001788,CUST00460,2025-02-13,Delivered,Debit Card
ORD002849,CUST00174,2023-06-03,DELIVERED,Net Banking
ORD002729,CUST00187,2025-06-27,Shipped,upi
ORD002355,CUST00328,2025-01-19,delivered,COD
ORD001124,CUST00560,2023-04-09,Pending,COD
ORD000671,CUST00588,2024-01-02,Delivered,Net Banking
ORD004007,CUST00380,2024-04-21,delivered,Net Banking
ORD000051,CUST00309,2025-08-22,Shipped,Cash on Delivery
ORD002561,CUST00035,2023-06-09,delivered,Debit Card
ORD001846,CUST00528,2023-06-22,Shipped,UPI
ORD001899,CUST00098,2023-11-02,Returned,Net Banking
ORD004689,CUST00172,2023-10-29,Delivered,Cash on Delivery
ORD001399,CUST00463,2024-05-26,delivered,UPI
ORD002673,CUST00061,2024-09-19,Cancelled,Net Banking
ORD003581,CUST00316,2023-09-21,delivered,Cash on Delivery
ORD001826,CUST00515,2025-10-14,Shipped,Cash on Delivery
ORD004423,CUST00529,2023-11-23,DELIVERED,Net Banking
ORD002668,CUST00265,2024-07-21,Pending,upi
ORD002364,CUST00032,2024-06-21,Returned,COD
ORD002487,CUST00025,2023-04-20,DELIVERED,COD
ORD003186,CUST00540,2025-01-29,Delivered,Debit Card
ORD004762,CUST00025,2023-07-10,DELIVERED,Debit Card
ORD002518,CUST00113,2025-03-26,Returned,Credit Card
ORD004088,CUST00057,2024-10-01,Shipped,UPI
ORD002119,CUST00556,2025-12-07,Shipped,UPI
ORD000241,CUST00221,2025-07-18,Delivered,upi
ORD003602,CUST00149,2024-07-26,Cancelled,COD
ORD002416,CUST00266,2025-12-06,Pending,Credit Card
ORD001766,CUST00157,2025-01-27,Returned,COD
ORD001933,CUST00038,2025-07-26,Delivered,Net Banking
ORD002718,CUST00528,2024-06-28,Delivered,Credit Card
ORD000065,CUST00291,2023-12-26,Returned,Net Banking
ORD001024,CUST00281,2023-03-27,Cancelled,Net Banking
ORD001482,CUST00092,2024-04-17,Delivered,Debit Card
ORD001510,CUST00241,2023-04-27,Shipped,COD
ORD001461,CUST00150,2024-09-13,Pending,upi
ORD003486,CUST00293,2024-03-07,Shipped,upi
ORD002584,CUST00050,2023-04-03,Delivered,UPI
ORD001122,CUST00099,2023-08-27,Cancelled,Net Banking
ORD003914,CUST00166,2024-11-26,Delivered,upi
ORD003574,CUST00136,2023-06-15,Returned,UPI
ORD002820,CUST00520,2023-05-29,Cancelled,Debit Card
ORD002651,CUST00474,2025-10-23,Cancelled,Debit Card
ORD000958,CUST00349,2025-10-09,DELIVERED,Credit Card
ORD001033,CUST00001,2023-10-27,Delivered,UPI
ORD004857,CUST00071,2024-08-07,Pending,Credit Card
ORD003096,CUST00597,2023-07-24,Returned,UPI
ORD000317,CUST00148,2023-04-16,Delivered,COD
ORD002465,CUST00298,2023-09-01,DELIVERED,Credit Card
ORD001351,CUST00379,2024-01-16,Delivered,UPI
ORD004893,CUST00532,2025-02-10,Returned,Debit Card
ORD003284,CUST00596,2025-11-06,delivered,Credit Card
ORD003457,CUST00072,2025-08-09,Cancelled,Credit Card
ORD002810,CUST00249,2025-08-04,Delivered,upi
ORD002247,CUST00252,2023-08-06,delivered,Cash on Delivery
ORD003965,CUST00260,2025-12-16,delivered,COD
ORD003223,CUST00054,2023-09-10,Delivered,Debit Card
ORD000355,CUST00022,2025-09-06,delivered,Debit Card
ORD001078,CUST00316,2025-02-28,Pending,COD
ORD002065,CUST00133,2024-12-19,Delivered,COD
ORD002483,CUST00524,2025-02-16,delivered,UPI
ORD002422,CUST00049,2024-10-18,Returned,UPI
ORD002224,CUST00172,2025-04-29,delivered,UPI
ORD001892,CUST00169,2023-12-04,Cancelled,Cash on Delivery
ORD000390,CUST00384,2025-07-15,Shipped,upi
ORD001007,CUST00188,2023-03-09,delivered,Credit Card
ORD003051,CUST00350,2025-03-16,Returned,Cash on Delivery
ORD003504,CUST00055,2023-12-23,delivered,Net Banking
ORD001672,CUST00031,2023-04-07,DELIVERED,Debit Card
ORD004925,CUST00125,2025-07-10,Cancelled,Net Banking
ORD000256,CUST00037,2024-09-04,delivered,Debit Card
ORD000287,CUST00092,2025-10-16,Cancelled,Cash on Delivery
ORD003396,CUST00580,2023-01-18,Delivered,Credit Card
ORD001328,CUST00097,2025-02-07,Cancelled,upi
ORD003868,CUST00257,2024-08-17,Pending,COD
ORD004781,CUST00238,2023-08-18,Shipped,COD
ORD000970,CUST00423,2025-05-24,Delivered,Debit Card
ORD000160,CUST00381,2025-02-04,DELIVERED,Credit Card
ORD003931,CUST00153,2024-10-23,DELIVERED,Cash on Delivery
ORD004118,CUST00172,2025-11-02,Pending,Debit Card
ORD000425,CUST00095,2025-06-19,Shipped,Net Banking
ORD003677,CUST00578,2023-06-18,Returned,Credit Card
ORD004706,CUST00338,2023-07-04,Returned,COD
ORD002411,CUST00260,2025-07-14,Delivered,Debit Card
ORD004435,CUST00385,2023-06-12,Cancelled,Cash on Delivery
ORD003591,CUST00381,2023-01-03,Delivered,COD
ORD001570,CUST00033,2025-08-28,DELIVERED,Debit Card
ORD002139,CUST00336,2024-10-30,Pending,Debit Card
ORD004819,CUST00192,2025-02-02,Delivered,Credit Card
ORD002399,CUST00217,2024-06-04,DELIVERED,Net Banking
ORD003174,CUST00029,2024-09-25,Cancelled,COD
ORD002929,CUST00582,2023-08-12,Delivered,COD
ORD000142,CUST00480,2023-08-14,DELIVERED,UPI
ORD001666,CUST00422,2024-09-15,Cancelled,UPI
ORD002916,CUST00486,2025-11-29,Shipped,UPI
ORD000835,CUST00289,2025-08-23,Shipped,Debit Card
ORD003304,CUST00538,2023-06-16,Pending,Net Banking
ORD003198,CUST00116,2025-11-23,Delivered,UPI
ORD002826,CUST00503,2025-05-15,Delivered,upi
ORD000377,CUST00093,2025-04-28,Shipped,Debit Card
ORD001744,CUST00253,2024-07-15,DELIVERED,Credit Card
ORD000006,CUST00257,2024-01-30,Cancelled,COD
ORD000388,CUST00098,2025-09-20,Cancelled,Net Banking
ORD000105,CUST00214,2025-08-02,delivered,Cash on Delivery
ORD003036,CUST00346,2023-08-26,Shipped,upi
ORD003663,CUST00225,2025-09-01,Pending,UPI
ORD001224,CUST00052,2025-09-14,Shipped,Debit Card
ORD000120,CUST00137,2024-12-01,Delivered,Credit Card
ORD001938,CUST00350,2025-04-29,Cancelled,Cash on Delivery
ORD004964,CUST00525,2023-08-07,Pending,Cash on Delivery
ORD002848,CUST00114,2025-10-21,delivered,Cash on Delivery
ORD000869,CUST00004,2024-11-05,Delivered,COD
ORD002146,CUST00208,2023-09-20,Delivered,Net Banking
ORD003881,CUST00154,2023-04-08,Delivered,UPI
ORD001942,CUST00518,2023-09-23,Pending,upi
ORD004431,CUST00200,2025-06-18,Returned,Net Banking
ORD002500,CUST00343,2024-06-15,Cancelled,upi
ORD003953,CUST00079,2025-05-16,Pending,Net Banking
ORD002703,CUST00351,2023-03-15,DELIVERED,Net Banking
ORD000338,CUST00594,2023-02-24,Delivered,UPI
ORD001557,CUST00152,2023-03-11,Delivered,Net Banking
ORD004914,CUST00345,2024-03-13,Returned,upi
ORD000005,CUST00180,2025-04-27,Shipped,COD
ORD001815,CUST00016,2025-01-12,delivered,COD
ORD000856,CUST00211,2024-06-03,DELIVERED,Credit Card
ORD004261,CUST00584,2025-10-24,Pending,UPI
ORD002938,CUST00211,2024-12-20,Pending,Cash on Delivery
ORD002070,CUST00525,2023-04-10,Returned,Credit Card
ORD004380,CUST00521,2023-05-03,Shipped,Net Banking
ORD002217,CUST00334,2024-04-14,Cancelled,COD
ORD001468,CUST00489,2025-01-24,Delivered,Cash on Delivery
ORD004460,CUST00212,2023-03-15,DELIVERED,COD
ORD000149,CUST00439,2024-10-25,DELIVERED,Net Banking
ORD000502,CUST00272,2023-03-29,delivered,Debit Card
ORD004911,CUST00335,2024-05-02,Pending,Debit Card
ORD003279,CUST00554,2024-03-24,Pending,Net Banking
ORD003250,CUST00053,2023-08-01,Cancelled,Credit Card
ORD000321,CUST00556,2025-08-20,Delivered,UPI
ORD003758,CUST00456,2025-11-15,Cancelled,Debit Card
ORD001144,CUST00062,2024-12-19,Pending,UPI
ORD003265,CUST00471,2024-01-10,Pending,Net Banking
ORD004665,CUST00548,2024-08-15,Pending,Net Banking
ORD000258,CUST00348,2023-11-25,delivered,Credit Card
ORD000969,CUST00489,2023-03-12,Shipped,upi
ORD004673,CUST00066,2023-09-10,Delivered,UPI
ORD004780,CUST00593,2025-12-10,Pending,COD
ORD000082,CUST00473,2025-10-10,Shipped,Net Banking
ORD003232,CUST00180,2023-02-06,Returned,COD
ORD004217,CUST00555,2024-11-09,DELIVERED,Credit Card
ORD001366,CUST00226,2025-04-03,Returned,UPI
ORD000081,CUST00083,2024-11-28,Pending,Credit Card
ORD002589,CUST00369,2024-04-09,Pending,Credit Card
ORD002376,CUST00432,2025-11-14,delivered,Cash on Delivery
ORD002173,CUST00410,2023-12-31,delivered,Debit Card
ORD000230,CUST00045,2024-04-14,Pending,COD
ORD004990,CUST00302,2024-02-06,DELIVERED,COD
ORD002400,CUST00011,2023-06-23,DELIVERED,Credit Card
ORD003120,CUST00278,2025-09-02,delivered,Net Banking
ORD000876,CUST00379,2024-11-24,delivered,Credit Card
ORD004589,CUST00347,2023-09-03,DELIVERED,COD
ORD004395,CUST00234,2023-03-15,Delivered,upi
ORD003266,CUST00429,2025-02-11,DELIVERED,UPI
ORD001690,CUST00322,2023-01-06,Returned,Cash on Delivery
ORD002813,CUST00370,2023-09-08,delivered,Credit Card
ORD004252,CUST00570,2023-09-24,Delivered,UPI
ORD003755,CUST00562,2023-09-01,Cancelled,Cash on Delivery
ORD002368,CUST00569,2024-11-09,Delivered,upi
ORD001987,CUST00589,2023-08-03,DELIVERED,UPI
ORD003786,CUST00351,2023-01-14,Delivered,Credit Card
ORD003367,CUST00292,2024-03-09,Returned,Credit Card
ORD000922,CUST00244,2025-01-08,DELIVERED,upi
ORD002477,CUST00047,2023-09-08,Returned,Debit Card
ORD004130,CUST00020,2024-04-15,Shipped,COD
ORD001586,CUST00592,2025-03-29,Pending,Cash on Delivery
ORD004171,CUST00364,2024-10-18,Delivered,Debit Card
ORD000617,CUST00244,2025-08-16,delivered,Debit Card
ORD002260,CUST00422,2025-12-14,Delivered,Net Banking
ORD003323,CUST00008,2024-09-26,delivered,COD
ORD002329,CUST00588,2025-05-27,Cancelled,COD
ORD002884,CUST00347,2025-08-31,delivered,COD
ORD002089,CUST00514,2023-08-22,Pending,UPI
ORD004872,CUST00598,2025-07-24,DELIVERED,Credit Card
ORD002515,CUST00332,2024-06-18,delivered,Credit Card
ORD004664,CUST00277,2023-09-18,delivered,upi
ORD004533,CUST00134,2023-01-02,Pending,Credit Card
ORD004688,CUST00327,2025-12-16,Delivered,Credit Card
ORD000177,CUST00370,2023-03-29,DELIVERED,Net Banking
ORD003969,CUST00273,2023-02-10,Pending,COD
ORD003247,CUST00560,2023-01-18,Cancelled,UPI
ORD003588,CUST00037,2024-10-01,Pending,Debit Card
ORD000516,CUST00422,2023-10-16,DELIVERED,COD
ORD002495,CUST00499,2023-09-20,Cancelled,COD
ORD003466,CUST00549,2025-10-31,Cancelled,Credit Card
ORD003376,CUST00537,2024-01-26,Pending,COD
ORD001170,CUST00560,2023-09-19,Delivered,upi
ORD003893,CUST00403,2025-02-08,Returned,COD
ORD002197,CUST00152,2024-08-12,Delivered,Cash on Delivery
ORD003646,CUST00390,2023-06-09,delivered,Net Banking
ORD000185,CUST00400,2024-05-03,delivered,UPI
ORD001119,CUST00438,2025-12-01,DELIVERED,COD
ORD004786,CUST00464,2025-09-04,delivered,Debit Card
ORD003641,CUST00518,2025-04-07,Cancelled,COD
ORD000074,CUST00210,2025-08-30,Cancelled,COD
ORD003565,CUST00520,2025-06-14,Shipped,Net Banking
ORD002236,CUST00005,2025-07-19,Returned,Cash on Delivery
ORD001832,CUST00016,2025-10-04,Delivered,Credit Card
ORD002672,CUST00436,2025-10-21,Delivered,upi
ORD002814,CUST00528,2025-07-23,DELIVERED,Cash on Delivery
ORD001332,CUST00424,2025-01-27,delivered,COD
ORD004156,CUST00161,2023-07-29,Shipped,Net Banking
ORD002524,CUST00491,2025-03-25,Shipped,upi
ORD001673,CUST00215,2025-01-05,Shipped,UPI
ORD004886,CUST00146,2023-02-06,DELIVERED,Debit Card
ORD002652,CUST00462,2023-09-02,Returned,Credit Card
ORD001134,CUST00121,2024-08-30,Shipped,UPI
ORD000772,CUST00077,2024-03-18,delivered,Cash on Delivery
ORD002900,CUST00185,2024-11-11,delivered,Credit Card
ORD001400,CUST00063,2024-06-02,DELIVERED,Debit Card
ORD003150,CUST00275,2025-01-10,Shipped,UPI
ORD004374,CUST00088,2023-06-05,Delivered,Debit Card
ORD003271,CUST00238,2024-04-16,DELIVERED,Net Banking
ORD003020,CUST00041,2024-01-10,Pending,UPI
ORD004922,CUST00282,2024-09-28,Cancelled,UPI
ORD003202,CUST00457,2024-04-16,Returned,Net Banking
ORD001235,CUST00450,2023-08-01,delivered,COD
ORD000137,CUST00028,2024-12-05,Returned,COD
ORD004948,CUST00482,2023-01-04,Pending,COD
ORD004076,CUST00395,2024-08-11,Shipped,Cash on Delivery
ORD002867,CUST00095,2025-02-28,Pending,Cash on Delivery
ORD002449,CUST00479,2024-12-02,delivered,COD
ORD004433,CUST00503,2024-04-20,Cancelled,COD
ORD002024,CUST00461,2025-07-24,delivered,Credit Card
ORD004369,CUST00151,2023-09-29,Shipped,Debit Card
ORD003433,CUST00068,2025-05-30,Cancelled,Debit Card
ORD002887,CUST00045,2025-09-17,Delivered,UPI
ORD000907,CUST00534,2025-12-30,Pending,Cash on Delivery
ORD004122,CUST00049,2024-01-03,Returned,upi
ORD003774,CUST00583,2024-09-05,delivered,Credit Card
ORD000957,CUST00162,2025-11-14,Delivered,Credit Card
ORD003357,CUST00378,2023-06-07,Cancelled,Cash on Delivery
ORD003643,CUST00306,2023-06-10,Pending,Credit Card
ORD003827,CUST00396,2025-05-11,Delivered,Cash on Delivery
ORD001044,CUST00276,2025-06-30,delivered,upi
ORD000615,CUST00417,2023-08-31,Pending,UPI
ORD004985,CUST00170,2025-01-13,Pending,Net Banking
ORD002183,CUST00165,2025-01-21,DELIVERED,Cash on Delivery
ORD000823,CUST00141,2023-12-27,delivered,UPI
ORD004282,CUST00264,2025-09-24,Shipped,Credit Card
ORD004794,CUST00033,2023-12-19,Pending,upi
ORD000052,CUST00429,2023-01-22,Cancelled,upi
ORD001369,CUST00201,2025-07-19,delivered,Credit Card
ORD003033,CUST00546,2025-12-09,Cancelled,COD
ORD003462,CUST00274,2024-06-10,delivered,Credit Card
ORD000356,CUST00252,2023-05-12,delivered,COD
ORD000779,CUST00231,2024-07-26,Pending,Credit Card
ORD003160,CUST00385,2023-11-11,DELIVERED,Debit Card
ORD004039,CUST00245,2024-10-17,Cancelled,Cash on Delivery
ORD003951,CUST00048,2023-04-24,Pending,Credit Card
ORD003327,CUST00459,2025-03-24,Cancelled,Debit Card
ORD000163,CUST00143,2023-11-19,DELIVERED,Net Banking
ORD002666,CUST00175,2024-04-28,Returned,COD
ORD003907,CUST00352,2023-01-17,Shipped,Cash on Delivery
ORD004329,CUST00407,2024-02-16,Pending,COD
ORD000519,CUST00589,2024-12-20,Shipped,UPI
ORD003778,CUST00440,2024-01-10,Pending,UPI
ORD001531,CUST00410,2023-06-15,delivered,upi
ORD004860,CUST00401,2025-01-11,DELIVERED,UPI
ORD001834,CUST00518,2023-01-26,Returned,Credit Card
ORD004163,CUST00410,2025-02-10,DELIVERED,UPI
ORD004429,CUST00081,2025-03-07,delivered,Debit Card
ORD000813,CUST00058,2023-06-30,Shipped,Credit Card
ORD001249,CUST00393,2025-12-19,delivered,upi
ORD001849,CUST00389,2023-12-18,Pending,upi
ORD001648,CUST00439,2024-03-11,Pending,Debit Card
ORD001285,CUST00587,2023-06-05,Delivered,COD
ORD005001,CUST99000,2024-10-05,Delivered,Net Banking
ORD001271,CUST00222,2024-11-15,delivered,Net Banking
ORD001556,CUST00223,2025-09-01,Pending,UPI
ORD000610,CUST00053,2023-09-12,Returned,COD
ORD000007,CUST00167,2024-09-08,Delivered,upi
ORD000891,CUST00405,2025-05-28,delivered,upi
ORD004996,CUST00568,2024-03-30,Delivered,Debit Card
ORD004524,CUST00015,2023-01-08,Delivered,UPI
ORD003556,CUST00341,2024-04-11,delivered,Credit Card
ORD002031,CUST00565,2025-10-12,Shipped,Net Banking
ORD000859,CUST00600,2024-06-14,Cancelled,Net Banking
ORD003727,CUST00244,2025-05-24,Delivered,Credit Card
ORD003258,CUST00370,2025-08-29,Cancelled,Credit Card
ORD001451,CUST00011,2024-10-27,Shipped,Net Banking
ORD003298,CUST00272,2025-05-31,Returned,Credit Card
ORD004443,CUST00594,2023-08-23,Delivered,upi
ORD000935,CUST00529,2023-10-07,Delivered,Debit Card
ORD002755,CUST00102,2025-11-27,Cancelled,Debit Card
ORD004143,CUST00214,2023-07-07,Pending,upi
ORD000683,CUST00063,2025-01-08,delivered,Debit Card
ORD003339,CUST00508,2024-11-08,delivered,COD
ORD003963,CUST00443,2024-03-16,Cancelled,COD
ORD001758,CUST00117,2023-08-04,Shipped,UPI
ORD001670,CUST00348,2023-08-30,Returned,Credit Card
ORD004992,CUST00554,2023-07-24,Delivered,Credit Card
ORD004110,CUST00393,2025-11-14,DELIVERED,UPI
ORD001695,CUST00497,2023-11-22,Shipped,upi
ORD004554,CUST00130,2023-08-27,Cancelled,Cash on Delivery
ORD001453,CUST00138,2023-09-09,Shipped,Debit Card
ORD001861,CUST00306,2023-09-23,delivered,Cash on Delivery
ORD002000,CUST00040,2023-02-20,Cancelled,COD
ORD004744,CUST00515,2024-09-15,Pending,upi
ORD003747,CUST00463,2023-08-08,delivered,COD
ORD001344,CUST00501,2024-07-16,delivered,Cash on Delivery
ORD003541,CUST00162,2025-12-19,Delivered,upi
ORD004375,CUST00123,2024-01-26,Pending,Cash on Delivery
ORD003262,CUST00382,2024-08-30,Returned,Net Banking
ORD003696,CUST00433,2025-05-02,Shipped,Cash on Delivery
ORD000489,CUST00269,2025-01-06,Cancelled,Cash on Delivery
ORD004700,CUST00169,2023-09-05,Pending,upi
ORD004625,CUST00166,2023-09-07,delivered,Debit Card
ORD001401,CUST00199,2023-12-17,Cancelled,UPI
ORD003424,CUST00485,2023-12-18,DELIVERED,UPI
ORD001326,CUST00081,2025-12-05,Delivered,Debit Card
ORD004532,CUST00198,2023-05-23,Delivered,Net Banking
ORD002911,CUST00429,2025-05-15,Shipped,Credit Card
ORD000016,CUST00498,2023-12-28,Cancelled,Cash on Delivery
ORD004505,CUST00551,2023-08-13,Cancelled,UPI
ORD001925,CUST00523,2023-04-05,Delivered,upi
ORD004338,CUST00074,2025-12-03,DELIVERED,COD
ORD004836,CUST00421,2024-08-28,Shipped,Cash on Delivery
ORD002214,CUST00494,2025-07-28,Shipped,UPI
ORD001471,CUST00344,2024-02-14,delivered,Credit Card
ORD002676,CUST00090,2025-11-04,Pending,Net Banking
ORD000381,CUST00493,2025-05-09,Shipped,COD
ORD002636,CUST00195,2023-07-09,Shipped,Cash on Delivery
ORD000032,CUST00093,2025-02-23,Delivered,Credit Card
ORD000790,CUST00212,2024-10-22,Returned,UPI
ORD001545,CUST00317,2025-03-29,Shipped,upi
ORD003245,CUST00110,2023-03-03,Shipped,Credit Card
ORD004457,CUST00051,2023-05-25,Cancelled,UPI
ORD001585,CUST00495,2023-05-10,Pending,upi
ORD002758,CUST00247,2023-09-07,Shipped,Net Banking
ORD004418,CUST00069,2024-11-15,Returned,Net Banking
ORD001322,CUST00267,2023-08-13,DELIVERED,Debit Card
ORD001612,CUST00376,2023-11-26,Returned,Net Banking
ORD002850,CUST00190,2025-10-27,delivered,Debit Card
ORD000045,CUST00451,2024-05-13,Cancelled,Net Banking
ORD000512,CUST00351,2024-06-05,Delivered,Net Banking
ORD000018,CUST00232,2023-12-04,delivered,UPI
ORD001378,CUST00054,2025-10-20,Pending,COD
ORD000172,CUST00261,2023-10-29,Cancelled,Cash on Delivery
ORD003358,CUST00424,2025-04-09,Delivered,Cash on Delivery
ORD003460,CUST00511,2023-05-30,Returned,Net Banking
ORD003539,CUST00248,2024-09-17,Shipped,Credit Card
ORD001797,CUST00578,2024-04-12,Cancelled,Debit Card
ORD000468,CUST00152,2024-03-28,Shipped,UPI
ORD000164,CUST00462,2024-10-05,Delivered,Debit Card
ORD004502,CUST00320,2025-11-08,delivered,Credit Card
ORD000909,CUST00353,2025-01-05,Delivered,upi
ORD001632,CUST00577,2025-02-19,DELIVERED,Cash on Delivery
ORD004209,CUST00532,2023-10-10,Cancelled,Net Banking
ORD001318,CUST00591,2024-05-11,DELIVERED,Debit Card
ORD000791,CUST00352,2025-10-23,delivered,Net Banking
ORD004316,CUST00225,2024-10-28,Cancelled,upi
ORD004714,CUST00156,2024-04-11,delivered,UPI
ORD002275,CUST00474,2023-09-19,Delivered,Cash on Delivery
ORD003329,CUST00129,2024-11-17,Pending,Credit Card
ORD001257,CUST00049,2025-02-16,Pending,upi
ORD003658,CUST00412,2024-05-28,Delivered,UPI
ORD003859,CUST00579,2025-10-07,Shipped,Net Banking
ORD000738,CUST00010,2024-11-03,Shipped,Debit Card
ORD000917,CUST00319,2023-12-01,Shipped,Cash on Delivery
ORD004656,CUST00330,2023-04-15,Cancelled,Net Banking
ORD004187,CUST00497,2024-07-31,Cancelled,COD
ORD003979,CUST00116,2025-11-25,delivered,Cash on Delivery
ORD002306,CUST00026,2023-03-29,Returned,upi
ORD000924,CUST00062,2024-11-29,delivered,COD
ORD001778,CUST00134,2023-08-14,DELIVERED,Debit Card
ORD004358,CUST00550,2025-04-15,Delivered,Net Banking
ORD002073,CUST00048,2023-08-17,DELIVERED,Net Banking
ORD001337,CUST00432,2024-03-14,delivered,Credit Card
ORD002330,CUST00552,2023-10-20,Cancelled,Credit Card
ORD000373,CUST00230,2023-06-27,Returned,Net Banking
ORD000524,CUST00361,2025-02-04,Delivered,Net Banking
ORD004773,CUST00598,2024-07-26,delivered,Net Banking
ORD000141,CUST00308,2023-03-27,delivered,Debit Card
ORD001500,CUST00259,2025-04-08,delivered,Credit Card
ORD001584,CUST00599,2025-04-12,DELIVERED,Credit Card
ORD000616,CUST00560,2024-02-14,Returned,Net Banking
ORD001467,CUST00148,2024-11-05,Returned,Debit Card
ORD001187,CUST00171,2023-12-28,Shipped,UPI
ORD003573,CUST00145,2023-04-17,Delivered,Net Banking
ORD001155,CUST00526,2023-07-08,Cancelled,UPI
ORD000916,CUST00369,2024-10-17,Delivered,Debit Card
ORD001477,CUST00199,2024-10-24,Delivered,Net Banking
ORD002427,CUST00126,2025-12-14,DELIVERED,UPI
ORD001784,CUST00519,2024-03-07,delivered,Net Banking
ORD001060,CUST00475,2025-09-07,Pending,Cash on Delivery
ORD003567,CUST00012,2025-05-04,DELIVERED,Net Banking
ORD000973,CUST00336,2025-08-06,Pending,Cash on Delivery
ORD002547,CUST00101,2025-07-23,Cancelled,COD
ORD004861,CUST00145,2023-01-29,Cancelled,Credit Card
ORD004989,CUST00027,2023-12-25,delivered,Net Banking
ORD003291,CUST00318,2024-08-05,Shipped,COD
ORD004938,CUST00546,2024-04-13,Cancelled,Net Banking
ORD002682,CUST00155,2024-01-05,Shipped,COD
ORD004267,CUST00265,2023-09-26,Delivered,Cash on Delivery
ORD002570,CUST00180,2024-09-03,DELIVERED,COD
ORD002004,CUST00460,2023-04-24,DELIVERED,Net Banking
ORD003936,CUST00334,2025-02-04,DELIVERED,upi
ORD004297,CUST00029,2025-04-29,Shipped,UPI
ORD003623,CUST00360,2024-02-27,DELIVERED,upi
ORD004079,CUST00515,2024-08-17,delivered,Net Banking
ORD004117,CUST00336,2025-12-13,delivered,upi
ORD004670,CUST00375,2025-03-01,Cancelled,Debit Card
ORD001456,CUST00169,2023-07-27,Returned,COD
ORD003181,CUST00157,2025-12-12,Returned,UPI
ORD000349,CUST00413,2023-03-27,delivered,upi
ORD000008,CUST00067,2024-03-17,Pending,UPI
ORD001095,CUST00286,2025-02-11,Cancelled,Debit Card
ORD002504,CUST00159,2023-02-10,Shipped,Debit Card
ORD002534,CUST00304,2025-05-07,Cancelled,UPI
ORD003191,CUST00009,2025-12-14,DELIVERED,Credit Card
ORD000480,CUST00214,2024-05-06,Pending,Credit Card
ORD004402,CUST00452,2025-11-25,Pending,upi
ORD004557,CUST00258,2024-04-06,Shipped,Cash on Delivery
ORD002148,CUST00475,2023-01-11,Returned,Cash on Delivery
ORD002677,CUST00188,2025-06-15,Cancelled,Cash on Delivery
ORD004349,CUST00573,2024-04-12,DELIVERED,Credit Card
ORD000899,CUST00008,2023-05-24,Delivered,COD
ORD004775,CUST00507,2023-08-31,Shipped,Debit Card
ORD000852,CUST00036,2023-09-17,delivered,UPI
ORD000070,CUST00536,2024-06-02,Returned,COD
ORD002441,CUST00425,2024-06-22,DELIVERED,COD
ORD003289,CUST00080,2025-09-19,Shipped,Credit Card
ORD004092,CUST00391,2023-09-16,Cancelled,upi
ORD004390,CUST00120,2024-06-28,DELIVERED,upi
ORD003418,CUST00598,2025-11-05,Returned,Cash on Delivery
ORD004452,CUST00111,2023-06-28,Delivered,UPI
ORD003568,CUST00598,2025-05-02,Pending,Cash on Delivery
ORD004865,CUST00104,2023-08-21,Cancelled,UPI
ORD004814,CUST00446,2023-05-23,Delivered,Net Banking
ORD003052,CUST00213,2024-10-08,Returned,UPI
ORD000923,CUST00568,2023-08-04,Pending,upi
ORD004190,CUST00279,2024-12-18,Returned,UPI
ORD002426,CUST00205,2025-04-17,DELIVERED,Cash on Delivery
ORD003049,CUST00230,2023-04-14,Cancelled,upi
ORD000625,CUST00350,2025-10-03,Cancelled,Net Banking
ORD001417,CUST00258,2025-02-19,Cancelled,Debit Card
ORD000774,CUST00218,2024-04-26,delivered,Net Banking
ORD001244,CUST00497,2025-03-02,delivered,COD
ORD001449,CUST00009,2025-10-17,Cancelled,Credit Card
ORD004858,CUST00174,2024-05-13,Returned,Net Banking
ORD000527,CUST00028,2025-12-14,DELIVERED,UPI
ORD001287,CUST00583,2025-04-04,Cancelled,upi
ORD001839,CUST00081,2024-10-31,Pending,Debit Card
ORD004379,CUST00204,2025-02-07,Pending,Credit Card
ORD004702,CUST00115,2024-02-14,Shipped,Cash on Delivery
ORD002234,CUST00460,2024-01-27,Returned,Debit Card
ORD000358,CUST00593,2025-07-10,Shipped,COD
ORD000332,CUST00448,2024-02-16,Shipped,COD
ORD004410,CUST00378,2025-07-31,DELIVERED,COD
ORD001828,CUST00211,2024-08-21,Returned,Cash on Delivery
ORD000877,CUST00470,2025-08-27,DELIVERED,Net Banking
ORD001678,CUST00108,2024-10-14,Pending,Credit Card
ORD001594,CUST00513,2023-07-02,delivered,upi
ORD000796,CUST00014,2024-05-02,Pending,upi
ORD002783,CUST00126,2023-02-02,DELIVERED,Net Banking
ORD004516,CUST00132,2025-02-10,DELIVERED,UPI
ORD000222,CUST00590,2025-08-16,Cancelled,Debit Card
ORD004214,CUST00440,2025-11-08,DELIVERED,Cash on Delivery
ORD002124,CUST00173,2025-07-07,Pending,Net Banking
ORD002747,CUST00592,2024-09-03,delivered,upi
ORD000623,CUST00041,2024-07-09,Returned,Debit Card
ORD003089,CUST00023,2024-05-22,Pending,COD
ORD003535,CUST00147,2023-09-07,Pending,Cash on Delivery
ORD000351,CUST00550,2023-05-05,DELIVERED,COD
ORD004999,CUST00090,2023-06-07,DELIVERED,COD
ORD002431,CUST00130,2025-07-28,Returned,Credit Card
ORD001412,CUST00009,2025-10-18,Shipped,Credit Card
ORD003348,CUST00527,2024-01-24,Delivered,Net Banking
ORD005005,CUST99004,2023-12-20,Pending,Cash on Delivery
ORD003796,CUST00012,2025-07-26,Delivered,Cash on Delivery
ORD002002,CUST00198,2023-08-05,Shipped,Net Banking
ORD003571,CUST00169,2024-04-29,Returned,UPI
ORD001906,CUST00422,2024-01-24,Shipped,COD
ORD003296,CUST00164,2024-01-31,Returned,COD
ORD004765,CUST00471,2024-10-07,DELIVERED,UPI
ORD002588,CUST00370,2023-08-24,DELIVERED,Credit Card
ORD002603,CUST00382,2023-01-26,Pending,COD
ORD001243,CUST00176,2024-02-01,DELIVERED,Cash on Delivery
ORD000345,CUST00221,2025-04-19,Shipped,UPI
ORD001789,CUST00592,2023-07-05,Delivered,COD
ORD003363,CUST00152,2025-02-17,Pending,UPI
ORD002643,CUST00317,2024-07-04,Cancelled,Debit Card
ORD004889,CUST00319,2025-01-15,Delivered,upi
ORD000959,CUST00396,2025-06-01,Returned,COD
ORD002342,CUST00046,2023-02-18,Delivered,Net Banking
ORD001237,CUST00325,2025-02-16,delivered,upi
ORD001292,CUST00130,2024-05-20,delivered,COD
ORD004692,CUST00069,2023-11-03,Delivered,upi
ORD003022,CUST00209,2023-04-06,Delivered,COD
ORD000228,CUST00563,2023-07-17,Pending,UPI
ORD001097,CUST00153,2024-02-17,delivered,UPI
ORD001162,CUST00347,2024-01-25,Delivered,upi
ORD000686,CUST00415,2024-01-28,Pending,COD
ORD004447,CUST00016,2025-05-15,Shipped,Credit Card
ORD004890,CUST00527,2023-01-02,Shipped,COD
ORD003272,CUST00161,2024-04-23,DELIVERED,COD
ORD000660,CUST00547,2024-09-22,Shipped,UPI
ORD003428,CUST00388,2023-06-15,DELIVERED,Credit Card
ORD000144,CUST00142,2023-03-18,Delivered,COD
ORD001259,CUST00412,2023-05-19,Delivered,upi
ORD004647,CUST00068,2025-11-08,DELIVERED,Credit Card
ORD002939,CUST00222,2024-08-05,delivered,Debit Card
ORD004879,CUST00549,2023-11-12,Delivered,Net Banking
ORD001397,CUST00458,2024-02-24,Delivered,Net Banking
ORD002613,CUST00251,2025-10-03,Pending,Debit Card
ORD003885,CUST00050,2025-03-30,Delivered,Net Banking
ORD004080,CUST00518,2023-06-08,Returned,UPI
ORD003706,CUST00556,2023-02-17,Delivered,Debit Card
ORD001516,CUST00351,2024-02-07,Cancelled,Cash on Delivery
ORD002196,CUST00534,2025-07-28,Pending,UPI
ORD001911,CUST00281,2025-12-14,Cancelled,Net Banking
ORD003393,CUST00367,2025-03-07,Pending,COD
ORD002594,CUST00439,2025-12-22,delivered,upi
ORD001311,CUST00417,2024-11-09,DELIVERED,Credit Card
ORD001714,CUST00352,2024-10-03,DELIVERED,upi
ORD003500,CUST00539,2025-01-07,DELIVERED,COD
ORD003255,CUST00327,2025-03-03,Shipped,Cash on Delivery
ORD001489,CUST00540,2024-04-17,Delivered,UPI
ORD002109,CUST00376,2025-04-15,Shipped,Cash on Delivery
ORD004071,CUST00580,2025-01-02,Returned,Net Banking
ORD003672,CUST00539,2023-09-05,Returned,COD
ORD001553,CUST00180,2024-11-21,DELIVERED,Credit Card
ORD002566,CUST00118,2024-02-23,Shipped,Debit Card
ORD000585,CUST00036,2024-09-07,Returned,Net Banking
ORD002862,CUST00340,2025-07-01,delivered,Net Banking
ORD004158,CUST00174,2023-10-28,delivered,Cash on Delivery
ORD003093,CUST00039,2024-05-22,Pending,Cash on Delivery
ORD003066,CUST00061,2024-08-19,DELIVERED,Credit Card
ORD000085,CUST00078,2023-07-30,Returned,Cash on Delivery
ORD001362,CUST00490,2025-06-06,Shipped,UPI
ORD000171,CUST00232,2025-08-14,Delivered,Cash on Delivery
ORD003807,CUST00480,2025-12-16,delivered,Cash on Delivery
ORD002220,CUST00359,2023-05-25,Shipped,COD
ORD000097,CUST00017,2025-10-06,Cancelled,Credit Card
ORD002709,CUST00413,2024-04-05,Returned,Net Banking
ORD004753,CUST00148,2025-06-08,Cancelled,Cash on Delivery
ORD004167,CUST00132,2024-08-24,Cancelled,Cash on Delivery
ORD004089,CUST00191,2024-05-22,delivered,Cash on Delivery
ORD004249,CUST00481,2023-09-14,Returned,Cash on Delivery
ORD004115,CUST00441,2025-03-16,Pending,Net Banking
ORD002497,CUST00262,2023-11-23,Cancelled,UPI
ORD000152,CUST00083,2025-03-29,Returned,Net Banking
ORD003628,CUST00563,2025-04-03,Shipped,upi
ORD002475,CUST00334,2025-07-23,DELIVERED,upi
ORD002412,CUST00480,2025-04-05,delivered,COD
ORD002375,CUST00397,2024-09-13,DELIVERED,Debit Card
ORD001658,CUST00237,2025-12-23,DELIVERED,Net Banking
ORD001602,CUST00251,2024-12-30,delivered,Credit Card
ORD004421,CUST00156,2024-01-31,delivered,Debit Card
ORD000013,CUST00356,2025-06-06,Shipped,UPI
ORD001600,CUST00335,2024-01-16,Delivered,UPI
ORD001576,CUST00406,2025-06-16,Returned,upi
ORD003134,CUST00100,2025-03-04,Delivered,Debit Card
ORD004843,CUST00082,2025-10-11,Pending,Debit Card
ORD002136,CUST00351,2025-06-19,Pending,Cash on Delivery
ORD002626,CUST00506,2024-05-23,DELIVERED,Debit Card
ORD003088,CUST00165,2024-05-16,Delivered,UPI
ORD001444,CUST00022,2023-01-09,Cancelled,upi
ORD003078,CUST00078,2025-02-22,Cancelled,Credit Card
ORD000926,CUST00285,2024-08-24,Shipped,COD
ORD001183,CUST00207,2023-09-17,Delivered,COD
ORD001226,CUST00244,2023-09-18,Returned,COD
ORD002370,CUST00435,2023-01-08,Returned,Credit Card
ORD002955,CUST00320,2024-05-01,Cancelled,Credit Card
ORD000176,CUST00226,2024-06-04,Returned,Cash on Delivery
ORD001340,CUST00364,2024-04-17,Returned,upi
ORD001490,CUST00325,2025-11-26,Pending,Cash on Delivery
ORD004961,CUST00595,2025-06-19,Returned,Net Banking
ORD004568,CUST00125,2024-05-28,Cancelled,UPI
ORD001805,CUST00176,2023-12-18,Shipped,UPI
ORD002047,CUST00465,2025-04-07,Delivered,upi
ORD002086,CUST00311,2024-06-04,Returned,upi
ORD003177,CUST00595,2025-04-17,DELIVERED,upi
ORD004033,CUST00386,2024-10-08,Delivered,Debit Card
ORD001165,CUST00517,2025-05-01,delivered,Credit Card
ORD001438,CUST00143,2024-03-26,Cancelled,COD
ORD001415,CUST00498,2025-11-19,Pending,COD
ORD000836,CUST00500,2025-11-02,Returned,Credit Card
ORD004047,CUST00391,2023-07-23,delivered,Cash on Delivery
ORD000897,CUST00047,2024-07-15,Returned,UPI
ORD002608,CUST00406,2025-04-06,Shipped,Cash on Delivery
ORD004955,CUST00313,2023-10-13,Shipped,Cash on Delivery
ORD001460,CUST00293,2025-11-25,delivered,Credit Card
ORD002908,CUST00373,2025-09-01,Shipped,Debit Card
ORD002063,CUST00491,2023-07-13,Cancelled,Net Banking
ORD004815,CUST00358,2023-03-12,Pending,Credit Card
ORD000849,CUST00527,2024-11-11,DELIVERED,COD
ORD002888,CUST00128,2025-01-28,Delivered,Credit Card
ORD001238,CUST00435,2025-02-02,Returned,COD
ORD004901,CUST00291,2024-02-28,Pending,COD
ORD001848,CUST00254,2023-04-13,Pending,UPI
ORD000296,CUST00295,2023-02-21,Cancelled,UPI
ORD002387,CUST00288,2025-11-14,DELIVERED,COD
ORD003971,CUST00105,2025-09-02,delivered,COD
ORD000406,CUST00206,2024-05-21,Returned,Credit Card
ORD003723,CUST00566,2025-10-25,Cancelled,Credit Card
ORD000606,CUST00103,2024-10-30,Delivered,COD
ORD000410,CUST00030,2025-01-01,Pending,COD
ORD003408,CUST00170,2023-11-01,Delivered,Net Banking
ORD004529,CUST00029,2024-08-02,Delivered,COD
ORD002840,CUST00339,2025-07-05,Pending,Credit Card
ORD001931,CUST00249,2025-01-23,Pending,upi
ORD000344,CUST00508,2025-01-12,Returned,COD
ORD004207,CUST00413,2023-09-29,Delivered,upi
ORD003752,CUST00255,2024-10-31,Shipped,UPI
ORD004350,CUST00490,2025-04-03,Pending,Debit Card
ORD000977,CUST00449,2023-01-25,delivered,Credit Card
ORD000387,CUST00028,2025-12-11,Shipped,Credit Card
ORD000705,CUST00425,2024-12-02,Returned,Cash on Delivery
ORD000693,CUST00101,2023-02-22,Cancelled,Cash on Delivery
ORD001065,CUST00058,2023-10-01,DELIVERED,Debit Card
ORD000817,CUST00523,2023-03-21,Cancelled,UPI
ORD001527,CUST00043,2024-05-19,Delivered,upi
ORD000626,CUST00443,2025-12-04,Delivered,Cash on Delivery
ORD004698,CUST00289,2025-07-18,Delivered,COD
ORD003698,CUST00157,2023-08-06,DELIVERED,Cash on Delivery
ORD001538,CUST00271,2025-02-09,Shipped,COD
ORD002041,CUST00155,2024-02-24,Cancelled,Net Banking
ORD003977,CUST00055,2025-09-26,Pending,Debit Card
ORD002027,CUST00306,2023-04-29,Cancelled,Net Banking
ORD001208,CUST00133,2024-05-25,Shipped,Debit Card
ORD004155,CUST00328,2023-01-14,Pending,upi
ORD002087,CUST00435,2025-01-01,Cancelled,Net Banking
ORD002309,CUST00403,2024-05-31,DELIVERED,upi
ORD004373,CUST00393,2023-06-11,Delivered,Credit Card
ORD003230,CUST00442,2025-12-24,Delivered,UPI
ORD003157,CUST00218,2024-12-24,Returned,Credit Card
ORD002812,CUST00045,2025-08-11,Delivered,Net Banking
ORD004792,CUST00116,2024-05-11,Returned,upi
ORD000329,CUST00137,2024-02-04,Shipped,Cash on Delivery
ORD004906,CUST00421,2025-12-15,Cancelled,Net Banking
ORD002595,CUST00525,2024-07-15,DELIVERED,COD
ORD001275,CUST00089,2023-12-31,Returned,COD
ORD001474,CUST00201,2023-10-21,DELIVERED,Net Banking
ORD000526,CUST00176,2024-02-05,delivered,upi
ORD004144,CUST00103,2024-11-24,Shipped,upi
ORD002782,CUST00213,2023-08-14,Delivered,Debit Card
ORD001216,CUST00249,2023-04-11,DELIVERED,COD
ORD003844,CUST00564,2025-04-11,DELIVERED,Debit Card
ORD001263,CUST00452,2023-01-03,Delivered,UPI
ORD003611,CUST00569,2024-10-04,Delivered,Debit Card
